#pragma once



unsigned char caviar_ttf[] = {
  0x00, 0x01, 0x00, 0x00, 0x00, 0x0c, 0x00, 0x80, 0x00, 0x03, 0x00, 0x40, 0x4f, 0x53, 0x2f, 0x32,
  0x50, 0x70, 0xcc, 0xd7, 0x00, 0x00, 0x01, 0x48, 0x00, 0x00, 0x00, 0x60, 0x63, 0x6d, 0x61, 0x70,
  0xad, 0xd0, 0xcd, 0xd6, 0x00, 0x00, 0x0a, 0xb0, 0x00, 0x00, 0x04, 0x2e, 0x67, 0x61, 0x73, 0x70,
  0x00, 0x1b, 0x00, 0x08, 0x00, 0x00, 0xe5, 0xe0, 0x00, 0x00, 0x00, 0x10, 0x67, 0x6c, 0x79, 0x66,
  0x7f, 0x18, 0x41, 0x3f, 0x00, 0x00, 0x13, 0x68, 0x00, 0x00, 0x9f, 0x20, 0x68, 0x65, 0x61, 0x64,
  0xf8, 0x08, 0x5e, 0xef, 0x00, 0x00, 0x00, 0xcc, 0x00, 0x00, 0x00, 0x36, 0x68, 0x68, 0x65, 0x61,
  0x0f, 0x07, 0x0a, 0xd8, 0x00, 0x00, 0x01, 0x04, 0x00, 0x00, 0x00, 0x24, 0x68, 0x6d, 0x74, 0x78,
  0xf7, 0x72, 0xe6, 0x39, 0x00, 0x00, 0x01, 0xa8, 0x00, 0x00, 0x09, 0x08, 0x6b, 0x65, 0x72, 0x6e,
  0xe9, 0x0e, 0xf4, 0x20, 0x00, 0x00, 0xb2, 0x88, 0x00, 0x00, 0x1b, 0x1e, 0x6c, 0x6f, 0x63, 0x61,
  0x2a, 0x5a, 0x05, 0x48, 0x00, 0x00, 0x0e, 0xe0, 0x00, 0x00, 0x04, 0x86, 0x6d, 0x61, 0x78, 0x70,
  0x02, 0x69, 0x02, 0xd4, 0x00, 0x00, 0x01, 0x28, 0x00, 0x00, 0x00, 0x20, 0x6e, 0x61, 0x6d, 0x65,
  0x28, 0x31, 0xeb, 0x35, 0x00, 0x00, 0xcd, 0xa8, 0x00, 0x00, 0x07, 0xf0, 0x70, 0x6f, 0x73, 0x74,
  0xc0, 0x96, 0x8f, 0xec, 0x00, 0x00, 0xd5, 0x98, 0x00, 0x00, 0x10, 0x45, 0x00, 0x01, 0x00, 0x00,
  0x00, 0x04, 0x00, 0x00, 0xdd, 0xa8, 0x2c, 0xea, 0x5f, 0x0f, 0x3c, 0xf5, 0x00, 0x0b, 0x08, 0x00,
  0x00, 0x00, 0x00, 0x00, 0xc5, 0x95, 0xc7, 0x99, 0x00, 0x00, 0x00, 0x00, 0xcc, 0x22, 0x4b, 0xfa,
  0xfe, 0x70, 0xfe, 0x89, 0x08, 0xbf, 0x07, 0xd5, 0x00, 0x00, 0x00, 0x09, 0x00, 0x01, 0x00, 0x00,
  0x00, 0x00, 0x00, 0x00, 0x00, 0x01, 0x00, 0x00, 0x07, 0xd5, 0xfe, 0x89, 0x00, 0x00, 0x0c, 0x00,
  0xfe, 0x70, 0xfe, 0x0c, 0x08, 0xbf, 0x00, 0x01, 0x00, 0x00, 0x00, 0x00, 0x00, 0x00, 0x00, 0x00,
  0x00, 0x00, 0x00, 0x00, 0x00, 0x00, 0x02, 0x42, 0x00, 0x01, 0x00, 0x00, 0x02, 0x42, 0x02, 0x86,
  0x00, 0x1f, 0x00, 0x4c, 0x00, 0x04, 0x00, 0x00, 0x00, 0x00, 0x00, 0x00, 0x00, 0x00, 0x00, 0x00,
  0x00, 0x00, 0x00, 0x00, 0x00, 0x03, 0x00, 0x02, 0x00, 0x03, 0x04, 0x6a, 0x01, 0x90, 0x00, 0x05,
  0x00, 0x08, 0x05, 0x9a, 0x05, 0x33, 0x00, 0x00, 0x01, 0x1b, 0x05, 0x9a, 0x05, 0x33, 0x00, 0x00,
  0x03, 0xd1, 0x00, 0x66, 0x02, 0x12, 0x08, 0x04, 0x02, 0x0b, 0x04, 0x02, 0x02, 0x02, 0x04, 0x02,
  0x05, 0x04, 0xa0, 0x00, 0x02, 0xaf, 0x50, 0x00, 0x00, 0xeb, 0x00, 0x00, 0x00, 0x00, 0x00, 0x00,
  0x00, 0x00, 0x48, 0x4c, 0x20, 0x20, 0x00, 0x40, 0x00, 0x20, 0xfb, 0x05, 0x06, 0x40, 0xfe, 0x89,
  0x00, 0xcd, 0x07, 0xd5, 0x01, 0x77, 0x20, 0x00, 0x01, 0x9f, 0x4f, 0x01, 0x00, 0x00, 0x03, 0xd6,
  0x06, 0x40, 0x00, 0x00, 0x00, 0x20, 0x00, 0x00, 0x07, 0x2b, 0x01, 0x2b, 0x00, 0xc8, 0x00, 0x00,
  0x02, 0xc4, 0x00, 0x00, 0x02, 0xc4, 0x00, 0x00, 0x01, 0xae, 0x00, 0x7d, 0x02, 0x3f, 0x00, 0x7d,
  0x06, 0x75, 0x00, 0x7d, 0x03, 0xf3, 0x00, 0x64, 0x04, 0xc5, 0x00, 0x50, 0x05, 0x18, 0x00, 0x4b,
  0x01, 0x54, 0x00, 0x7d, 0x02, 0xbf, 0x00, 0x64, 0x02, 0xbf, 0x00, 0x64, 0x03, 0x20, 0x00, 0x80,
  0x04, 0x1a, 0x00, 0x7d, 0x01, 0x7b, 0x00, 0x0a, 0x03, 0x48, 0x00, 0x7d, 0x01, 0x7c, 0x00, 0x64,
  0x02, 0xd7, 0xff, 0xce, 0x04, 0xe2, 0x00, 0x4c, 0x04, 0xe2, 0x02, 0x14, 0x04, 0xe2, 0x00, 0x97,
  0x04, 0xe2, 0x00, 0x97, 0x04, 0xe2, 0x00, 0xad, 0x04, 0xe2, 0x00, 0x75, 0x04, 0xe2, 0x00, 0x49,
  0x04, 0xe2, 0x00, 0x99, 0x04, 0xe2, 0x00, 0x6b, 0x04, 0xe2, 0x00, 0x49, 0x01, 0xae, 0x00, 0x7d,
  0x01, 0xdd, 0x00, 0x53, 0x05, 0x45, 0x00, 0x64, 0x04, 0x1a, 0x00, 0x7d, 0x05, 0x45, 0x00, 0x64,
  0x03, 0xbc, 0x00, 0x7f, 0x06, 0x5a, 0x00, 0x7d, 0x05, 0x0b, 0x00, 0x32, 0x04, 0x2a, 0x00, 0x96,
  0x06, 0x3b, 0x00, 0x7d, 0x04, 0xaf, 0x00, 0x96, 0x04, 0x33, 0x00, 0x96, 0x03, 0xcf, 0x00, 0x96,
  0x06, 0x54, 0x00, 0x7d, 0x04, 0x7e, 0x00, 0x96, 0x01, 0xae, 0x00, 0xaa, 0x03, 0x59, 0x00, 0x7d,
  0x04, 0x49, 0x00, 0x96, 0x03, 0xb6, 0x00, 0x96, 0x06, 0xab, 0x00, 0x96, 0x05, 0x1f, 0x00, 0x96,
  0x07, 0x64, 0x00, 0x7d, 0x04, 0x41, 0x00, 0x96, 0x07, 0x64, 0x00, 0x7d, 0x04, 0x41, 0x00, 0x96,
  0x04, 0x12, 0x00, 0x32, 0x03, 0xe8, 0x00, 0x32, 0x05, 0x41, 0x00, 0x96, 0x05, 0x0b, 0x00, 0x32,
  0x06, 0x88, 0x00, 0x7d, 0x04, 0xc2, 0x00, 0x32, 0x05, 0x0b, 0x00, 0x32, 0x05, 0x2f, 0x00, 0x96,
  0x02, 0x30, 0x00, 0x7d, 0x02, 0xd7, 0xff, 0xce, 0x02, 0x30, 0x00, 0x7d, 0x03, 0x99, 0x00, 0x64,
  0x04, 0x1a, 0x00, 0x19, 0x02, 0x75, 0x00, 0x96, 0x05, 0x50, 0x00, 0x7d, 0x05, 0x4f, 0x00, 0x96,
  0x04, 0x99, 0x00, 0x5a, 0x05, 0x50, 0x00, 0x7d, 0x04, 0x99, 0x00, 0x5a, 0x02, 0x0b, 0x00, 0x5a,
  0x05, 0x54, 0x00, 0x7d, 0x04, 0x23, 0x00, 0x96, 0x01, 0xae, 0x00, 0x7d, 0x01, 0xc7, 0x00, 0x31,
  0x03, 0x37, 0x00, 0x96, 0x01, 0x86, 0x00, 0x96, 0x05, 0x5f, 0x00, 0x96, 0x04, 0x2f, 0x00, 0x96,
  0x04, 0xfe, 0x00, 0x5a, 0x05, 0x36, 0x00, 0x96, 0x05, 0x37, 0x00, 0x64, 0x02, 0x57, 0x00, 0x96,
  0x03, 0x22, 0x00, 0x73, 0x02, 0x9e, 0x00, 0x5a, 0x04, 0x4b, 0x00, 0x96, 0x04, 0x28, 0x00, 0x32,
  0x05, 0x5f, 0x00, 0x96, 0x03, 0x67, 0x00, 0x4b, 0x03, 0xed, 0x00, 0x4b, 0x03, 0xe8, 0x00, 0x96,
  0x03, 0x62, 0x00, 0x7d, 0x01, 0x86, 0x00, 0x96, 0x03, 0x62, 0x00, 0x7d, 0x04, 0xfd, 0x00, 0x7d,
  0x01, 0xae, 0x00, 0x7d, 0x03, 0xf5, 0x00, 0x63, 0x04, 0x6a, 0x00, 0x64, 0x04, 0x58, 0x00, 0x64,
  0x05, 0x0b, 0x00, 0x32, 0x01, 0x86, 0x00, 0x96, 0x04, 0x86, 0x00, 0x64, 0x02, 0xda, 0x00, 0x7d,
  0x05, 0x7d, 0x00, 0x63, 0x03, 0x6e, 0x00, 0x64, 0x03, 0xd4, 0x00, 0x64, 0x04, 0x89, 0x00, 0x64,
  0x03, 0x48, 0x00, 0x7d, 0x02, 0xfa, 0x00, 0x96, 0x04, 0x1a, 0x00, 0x7d, 0x03, 0x83, 0x00, 0x7d,
  0x03, 0x83, 0x00, 0x7d, 0x02, 0x75, 0x00, 0x96, 0x04, 0x16, 0x00, 0x96, 0x04, 0x6f, 0x00, 0x33,
  0x01, 0x93, 0x00, 0x7d, 0x01, 0x01, 0x00, 0x0a, 0x03, 0x83, 0x01, 0x70, 0x03, 0x92, 0x00, 0x64,
  0x03, 0xd4, 0x00, 0x64, 0x03, 0xbc, 0x00, 0x97, 0x05, 0x0b, 0x00, 0x32, 0x05, 0x0b, 0x00, 0x32,
  0x05, 0x0b, 0x00, 0x32, 0x05, 0x0b, 0x00, 0x32, 0x05, 0x0b, 0x00, 0x32, 0x05, 0x0b, 0x00, 0x32,
  0x06, 0x8c, 0x00, 0x28, 0x06, 0x3b, 0x00, 0x7d, 0x04, 0x33, 0x00, 0x96, 0x04, 0x33, 0x00, 0x96,
  0x04, 0x33, 0x00, 0x96, 0x04, 0x33, 0x00, 0x96, 0x01, 0xae, 0xff, 0xfc, 0x01, 0xae, 0x00, 0x69,
  0x01, 0xae, 0xff, 0xba, 0x01, 0xae, 0xff, 0xe7, 0x05, 0x04, 0x00, 0x32, 0x05, 0x1f, 0x00, 0x96,
  0x07, 0x64, 0x00, 0x7d, 0x07, 0x64, 0x00, 0x7d, 0x07, 0x64, 0x00, 0x7d, 0x07, 0x64, 0x00, 0x7d,
  0x07, 0x64, 0x00, 0x7d, 0x04, 0x1a, 0x00, 0xd2, 0x07, 0x64, 0x00, 0x7d, 0x05, 0x41, 0x00, 0x96,
  0x05, 0x41, 0x00, 0x96, 0x05, 0x41, 0x00, 0x96, 0x05, 0x41, 0x00, 0x96, 0x05, 0x0b, 0x00, 0x32,
  0x04, 0x64, 0x00, 0x96, 0x04, 0x3c, 0x00, 0x8c, 0x05, 0x50, 0x00, 0x7d, 0x05, 0x50, 0x00, 0x7d,
  0x05, 0x50, 0x00, 0x7d, 0x05, 0x50, 0x00, 0x7d, 0x05, 0x50, 0x00, 0x7d, 0x05, 0x50, 0x00, 0x7d,
  0x08, 0x7b, 0x00, 0x5a, 0x04, 0x99, 0x00, 0x5a, 0x04, 0x99, 0x00, 0x5a, 0x04, 0x99, 0x00, 0x5a,
  0x04, 0x99, 0x00, 0x5a, 0x04, 0x99, 0x00, 0x5a, 0x01, 0xae, 0xff, 0xfc, 0x01, 0xae, 0x00, 0x69,
  0x01, 0xae, 0xff, 0xba, 0x01, 0xae, 0xff, 0xe7, 0x04, 0xfe, 0x00, 0x5a, 0x04, 0x2f, 0x00, 0x96,
  0x04, 0xfe, 0x00, 0x5a, 0x04, 0xfe, 0x00, 0x5a, 0x04, 0xfe, 0x00, 0x5a, 0x04, 0xfe, 0x00, 0x5a,
  0x04, 0xfe, 0x00, 0x5a, 0x04, 0x1a, 0x00, 0x7d, 0x04, 0xfe, 0x00, 0x5a, 0x04, 0x4b, 0x00, 0x96,
  0x04, 0x4b, 0x00, 0x96, 0x04, 0x4b, 0x00, 0x96, 0x04, 0x4b, 0x00, 0x96, 0x03, 0xed, 0x00, 0x4b,
  0x05, 0x36, 0x00, 0x96, 0x03, 0xed, 0x00, 0x4b, 0x05, 0x0b, 0x00, 0x32, 0x05, 0x50, 0x00, 0x7d,
  0x05, 0x0b, 0x00, 0x32, 0x05, 0x50, 0x00, 0x7d, 0x05, 0x0b, 0x00, 0x32, 0x05, 0x50, 0x00, 0x7d,
  0x06, 0x3b, 0x00, 0x7d, 0x04, 0x99, 0x00, 0x5a, 0x06, 0x3b, 0x00, 0x7d, 0x04, 0x99, 0x00, 0x5a,
  0x06, 0x3b, 0x00, 0x7d, 0x04, 0x99, 0x00, 0x5a, 0x06, 0x3b, 0x00, 0x7d, 0x04, 0x99, 0x00, 0x5a,
  0x04, 0xaf, 0x00, 0x96, 0x05, 0xbe, 0x00, 0x7d, 0x05, 0x04, 0x00, 0x32, 0x05, 0x50, 0x00, 0x7d,
  0x04, 0x33, 0x00, 0x96, 0x04, 0x99, 0x00, 0x5a, 0x04, 0x33, 0x00, 0x96, 0x04, 0x99, 0x00, 0x5a,
  0x04, 0x33, 0x00, 0x96, 0x04, 0x99, 0x00, 0x5a, 0x04, 0x33, 0x00, 0x96, 0x04, 0x99, 0x00, 0x5a,
  0x04, 0x33, 0x00, 0x96, 0x04, 0x99, 0x00, 0x5a, 0x06, 0x54, 0x00, 0x7d, 0x05, 0x54, 0x00, 0x7d,
  0x06, 0x54, 0x00, 0x7d, 0x05, 0x54, 0x00, 0x7d, 0x06, 0x54, 0x00, 0x7d, 0x05, 0x54, 0x00, 0x7d,
  0x06, 0x54, 0x00, 0x7d, 0x05, 0x54, 0x00, 0x7d, 0x04, 0x7e, 0x00, 0x96, 0x04, 0x23, 0x00, 0x96,
  0x04, 0x74, 0x00, 0x46, 0x04, 0x23, 0x00, 0x32, 0x01, 0xae, 0xff, 0xd1, 0x01, 0xae, 0xff, 0xd1,
  0x01, 0xae, 0xff, 0xb0, 0x01, 0xae, 0xff, 0xb0, 0x01, 0xae, 0xff, 0xec, 0x01, 0xae, 0xff, 0xec,
  0x01, 0xae, 0x00, 0x43, 0x01, 0xae, 0x00, 0x48, 0x01, 0xae, 0x00, 0xaa, 0x05, 0x07, 0x00, 0xaa,
  0x03, 0x75, 0x00, 0x7d, 0x03, 0x59, 0x00, 0x7d, 0x01, 0xae, 0xff, 0xba, 0x04, 0x6b, 0x00, 0x7f,
  0x03, 0x37, 0x00, 0x96, 0x03, 0x37, 0x00, 0x96, 0x03, 0x76, 0x00, 0x7f, 0x01, 0x54, 0x00, 0x06,
  0x03, 0x76, 0x00, 0x7f, 0x01, 0xf1, 0x00, 0x46, 0x03, 0x76, 0x00, 0x7f, 0x01, 0xf1, 0x00, 0x7f,
  0x03, 0x76, 0x00, 0x7f, 0x01, 0xf2, 0x00, 0x70, 0x03, 0xda, 0x00, 0x00, 0x01, 0xa9, 0x00, 0x00,
  0x05, 0x1f, 0x00, 0x96, 0x04, 0x2f, 0x00, 0x96, 0x05, 0x1f, 0x00, 0x96, 0x04, 0x2f, 0x00, 0x96,
  0x05, 0x1f, 0x00, 0x96, 0x04, 0x2f, 0x00, 0x96, 0x04, 0x2f, 0x00, 0x15, 0x05, 0x1f, 0x00, 0x96,
  0x04, 0x2f, 0x00, 0x96, 0x07, 0x64, 0x00, 0x7d, 0x04, 0xfe, 0x00, 0x5a, 0x07, 0x64, 0x00, 0x7d,
  0x04, 0xfe, 0x00, 0x5a, 0x07, 0x64, 0x00, 0x7d, 0x04, 0xfe, 0x00, 0x5a, 0x08, 0xf7, 0x00, 0x5a,
  0x08, 0x4f, 0x00, 0x5a, 0x04, 0x41, 0x00, 0x96, 0x02, 0x57, 0x00, 0x96, 0x04, 0x3d, 0x00, 0x7f,
  0x01, 0xcb, 0x00, 0x19, 0x04, 0x41, 0x00, 0x96, 0x02, 0x57, 0x00, 0x40, 0x04, 0x12, 0x00, 0x32,
  0x03, 0x22, 0x00, 0x73, 0x04, 0x12, 0x00, 0x32, 0x03, 0x22, 0x00, 0x73, 0x04, 0x12, 0x00, 0x32,
  0x03, 0x22, 0x00, 0x73, 0x04, 0x12, 0x00, 0x32, 0x03, 0x22, 0x00, 0x73, 0x03, 0xe8, 0x00, 0x32,
  0x02, 0x9e, 0x00, 0x5a, 0x03, 0xe8, 0x00, 0x32, 0x02, 0x7e, 0x00, 0x24, 0x03, 0xe8, 0x00, 0x32,
  0x02, 0x9e, 0x00, 0x5a, 0x05, 0x41, 0x00, 0x96, 0x04, 0x4b, 0x00, 0x96, 0x05, 0x41, 0x00, 0x96,
  0x04, 0x4b, 0x00, 0x96, 0x05, 0x41, 0x00, 0x96, 0x04, 0x4b, 0x00, 0x96, 0x05, 0x41, 0x00, 0x96,
  0x04, 0x4b, 0x00, 0x96, 0x05, 0x41, 0x00, 0x96, 0x04, 0x4b, 0x00, 0x96, 0x05, 0x41, 0x00, 0x96,
  0x04, 0x4b, 0x00, 0x96, 0x06, 0x88, 0x00, 0x7d, 0x05, 0x5f, 0x00, 0x96, 0x05, 0x0b, 0x00, 0x32,
  0x03, 0xed, 0x00, 0x4b, 0x05, 0x0b, 0x00, 0x32, 0x05, 0x2f, 0x00, 0x96, 0x03, 0xe8, 0x00, 0x96,
  0x05, 0x2f, 0x00, 0x96, 0x03, 0xe8, 0x00, 0x96, 0x05, 0x2f, 0x00, 0x96, 0x03, 0xe8, 0x00, 0x96,
  0x01, 0xb1, 0x00, 0x7c, 0x01, 0xbf, 0xff, 0xc2, 0x04, 0xef, 0xff, 0xff, 0x04, 0xf6, 0x00, 0x54,
  0x06, 0x8c, 0x00, 0x28, 0x08, 0x7b, 0x00, 0x5a, 0x07, 0x64, 0x00, 0x7d, 0x04, 0xfe, 0x00, 0x5a,
  0x03, 0x2b, 0x00, 0x79, 0x03, 0x2b, 0x00, 0x79, 0x03, 0x7a, 0x00, 0x96, 0x03, 0x70, 0x00, 0xcd,
  0x01, 0x93, 0x00, 0x7d, 0x02, 0xfa, 0x01, 0x03, 0x01, 0x1b, 0x00, 0x0a, 0x03, 0x39, 0x00, 0x96,
  0x03, 0x5a, 0x00, 0x96, 0x01, 0xb5, 0x00, 0x55, 0x03, 0x24, 0x00, 0x7c, 0x05, 0x0b, 0x00, 0x87,
  0x01, 0x15, 0x00, 0x3e, 0x05, 0x3b, 0x00, 0x55, 0x05, 0x86, 0x00, 0x55, 0x03, 0x27, 0x00, 0x55,
  0x08, 0x85, 0x00, 0x55, 0x06, 0x77, 0x00, 0x55, 0x07, 0x7d, 0x00, 0x55, 0x01, 0xa2, 0xff, 0xbb,
  0x05, 0x0b, 0x00, 0x32, 0x04, 0x2a, 0x00, 0x96, 0x03, 0x54, 0x00, 0x7f, 0x04, 0xe0, 0xff, 0xde,
  0x04, 0x33, 0x00, 0x96, 0x05, 0x2f, 0x00, 0x96, 0x04, 0x7e, 0x00, 0x96, 0x06, 0xf6, 0x00, 0x46,
  0x01, 0x6f, 0x00, 0x8a, 0x04, 0x49, 0x00, 0x96, 0x05, 0x02, 0x00, 0x00, 0x06, 0xab, 0x00, 0x96,
  0x05, 0x1f, 0x00, 0x96, 0x04, 0xdd, 0x00, 0x39, 0x07, 0x64, 0x00, 0x7d, 0x04, 0xbd, 0x00, 0x6a,
  0x04, 0x41, 0x00, 0x96, 0x04, 0xb1, 0x00, 0x1b, 0x03, 0xe8, 0x00, 0x32, 0x05, 0x0b, 0x00, 0x32,
  0x06, 0xfa, 0x00, 0x4f, 0x04, 0xc2, 0x00, 0x32, 0x07, 0x22, 0x00, 0x66, 0x06, 0x39, 0x00, 0x5a,
  0x01, 0x6f, 0xff, 0xc7, 0x05, 0x0b, 0x00, 0x32, 0x05, 0x23, 0x00, 0x5b, 0x03, 0x55, 0x00, 0x66,
  0x03, 0xb8, 0x00, 0x66, 0x01, 0xa1, 0x00, 0x63, 0x04, 0x4b, 0x00, 0x96, 0x05, 0x23, 0x00, 0x5b,
  0x04, 0x07, 0x00, 0x88, 0x03, 0xf3, 0x00, 0x2d, 0x04, 0xec, 0x00, 0x51, 0x03, 0x55, 0x00, 0x66,
  0x03, 0x7e, 0x00, 0x71, 0x03, 0xb8, 0x00, 0x66, 0x04, 0xff, 0x00, 0x5b, 0x01, 0xa1, 0x00, 0xa4,
  0x03, 0x43, 0x00, 0x71, 0x03, 0xc1, 0x00, 0x39, 0x03, 0xe2, 0x00, 0x7c, 0x03, 0xb0, 0x00, 0x31,
  0x03, 0xf3, 0x00, 0x5b, 0x04, 0xfe, 0x00, 0x5a, 0x04, 0xee, 0x00, 0x44, 0x04, 0xe8, 0x00, 0x68,
  0x04, 0x00, 0x00, 0x71, 0x05, 0x4b, 0x00, 0x5d, 0x04, 0x10, 0x00, 0x46, 0x04, 0x4b, 0x00, 0x96,
  0x05, 0x00, 0x00, 0x5b, 0x04, 0x47, 0x00, 0x39, 0x05, 0x27, 0x00, 0x66, 0x06, 0x03, 0x00, 0x4f,
  0x01, 0xa1, 0xff, 0xe1, 0x04, 0x4b, 0x00, 0x96, 0x04, 0xfe, 0x00, 0x5a, 0x04, 0x4b, 0x00, 0x96,
  0x06, 0x03, 0x00, 0x4f, 0x04, 0x33, 0x00, 0x96, 0x06, 0x65, 0x00, 0x44, 0x03, 0x76, 0x00, 0x7f,
  0x06, 0xdd, 0x00, 0x6e, 0x04, 0x12, 0x00, 0x32, 0x01, 0xae, 0x00, 0xaa, 0x01, 0xae, 0xff, 0xe7,
  0x03, 0x59, 0x00, 0x7d, 0x08, 0xc8, 0x00, 0x39, 0x08, 0x3e, 0x00, 0x71, 0x06, 0x63, 0x00, 0x3b,
  0x04, 0x49, 0x00, 0x28, 0x04, 0xfb, 0xff, 0xd3, 0x04, 0xfb, 0x00, 0x66, 0x05, 0x0b, 0x00, 0x32,
  0x04, 0x8e, 0x00, 0x71, 0x04, 0x2a, 0x00, 0x96, 0x03, 0x76, 0x00, 0x7f, 0x05, 0x2b, 0x00, 0x17,
  0x04, 0x33, 0x00, 0x96, 0x07, 0x7b, 0xff, 0xf0, 0x04, 0x15, 0x00, 0x66, 0x05, 0xeb, 0x00, 0x7b,
  0x05, 0xeb, 0x00, 0x7b, 0x04, 0x49, 0x00, 0x96, 0x05, 0x4f, 0x00, 0x39, 0x06, 0xab, 0x00, 0x96,
  0x04, 0x7e, 0x00, 0x96, 0x07, 0x64, 0x00, 0x7d, 0x04, 0xbd, 0x00, 0x6a, 0x04, 0x41, 0x00, 0x96,
  0x06, 0x3b, 0x00, 0x7d, 0x03, 0xe8, 0x00, 0x32, 0x04, 0xfb, 0xff, 0xd3, 0x06, 0x41, 0x00, 0x44,
  0x04, 0xc2, 0x00, 0x32, 0x05, 0x0c, 0x00, 0x71, 0x04, 0xda, 0x00, 0x5c, 0x07, 0x22, 0x00, 0x71,
  0x07, 0x24, 0x00, 0x71, 0x05, 0xe5, 0x00, 0x17, 0x06, 0x2b, 0x00, 0x69, 0x04, 0x8f, 0x00, 0x69,
  0x06, 0xee, 0x00, 0x46, 0x09, 0x05, 0x00, 0x71, 0x04, 0x40, 0x00, 0x5b, 0x05, 0x50, 0x00, 0x7d,
  0x05, 0x35, 0x00, 0x6e, 0x03, 0x56, 0x00, 0x71, 0x02, 0xaf, 0x00, 0x71, 0x04, 0x32, 0x00, 0x39,
  0x04, 0x99, 0x00, 0x5a, 0x05, 0x48, 0xff, 0xf2, 0x03, 0x58, 0x00, 0x42, 0x03, 0xf9, 0x00, 0x66,
  0x03, 0xf9, 0x00, 0x66, 0x03, 0x43, 0x00, 0x71, 0x04, 0x5a, 0x00, 0x39, 0x04, 0x54, 0x00, 0x5b,
  0x03, 0xf7, 0x00, 0x5b, 0x04, 0xfe, 0x00, 0x5a, 0x04, 0x0e, 0x00, 0x66, 0x05, 0x36, 0x00, 0x96,
  0x04, 0x99, 0x00, 0x5a, 0x04, 0x39, 0x00, 0x5b, 0x03, 0x71, 0x00, 0x11, 0x08, 0xb3, 0x00, 0x4f,
  0x02, 0xd1, 0x00, 0x00, 0x04, 0x32, 0x00, 0x71, 0x04, 0xac, 0x00, 0x50, 0x05, 0x47, 0x00, 0x66,
  0x05, 0x79, 0x00, 0x7c, 0x04, 0xb1, 0x00, 0x22, 0x05, 0xa7, 0x00, 0x71, 0x03, 0xf7, 0x00, 0x71,
  0x04, 0xc8, 0x00, 0x51, 0x06, 0xb7, 0x00, 0x71, 0x03, 0x86, 0x00, 0x4f, 0x04, 0x99, 0x00, 0x5a,
  0x03, 0xf1, 0x00, 0x17, 0x02, 0xaf, 0x00, 0x71, 0x04, 0xc8, 0x00, 0x51, 0x03, 0x22, 0x00, 0x73,
  0x01, 0xae, 0x00, 0x7d, 0x01, 0xae, 0xff, 0xe7, 0x01, 0xc7, 0x00, 0x31, 0x07, 0x24, 0x00, 0x3b,
  0x06, 0xd4, 0x00, 0x66, 0x03, 0xf1, 0x00, 0x17, 0x03, 0x43, 0x00, 0x71, 0x03, 0xed, 0x00, 0x4b,
  0x04, 0x0e, 0x00, 0x66, 0x03, 0xb3, 0x00, 0x7f, 0x02, 0xd5, 0x00, 0x71, 0x06, 0x88, 0x00, 0x7d,
  0x05, 0x5f, 0x00, 0x96, 0x06, 0x88, 0x00, 0x7d, 0x05, 0x5f, 0x00, 0x96, 0x06, 0x88, 0x00, 0x7d,
  0x05, 0x5f, 0x00, 0x96, 0x05, 0x0b, 0x00, 0x32, 0x03, 0xed, 0x00, 0x4b, 0x03, 0x67, 0x00, 0x32,
  0x05, 0xe3, 0x00, 0x32, 0x0c, 0x00, 0xff, 0xb5, 0x04, 0x1a, 0x00, 0x19, 0x01, 0x18, 0x00, 0x32,
  0x01, 0x18, 0x00, 0x32, 0x01, 0x18, 0x00, 0x32, 0x01, 0x18, 0x01, 0x4a, 0x02, 0x14, 0x00, 0x32,
  0x02, 0x14, 0x00, 0x32, 0x02, 0x14, 0x00, 0x32, 0x02, 0xf6, 0x00, 0x64, 0x02, 0xf6, 0x00, 0x64,
  0x02, 0xf6, 0x00, 0xe2, 0x08, 0x64, 0x00, 0x64, 0x06, 0xec, 0x00, 0x50, 0x01, 0x54, 0x00, 0x7d,
  0x02, 0x08, 0x00, 0x7d, 0x02, 0x75, 0x00, 0x64, 0x02, 0x75, 0x00, 0x64, 0x03, 0x5c, 0x00, 0x7d,
  0x04, 0x1a, 0x00, 0x19, 0x00, 0x5b, 0xfe, 0x70, 0x04, 0x2f, 0x00, 0x96, 0x03, 0xf4, 0x00, 0x32,
  0x04, 0x6a, 0x00, 0x64, 0x07, 0x3f, 0x00, 0x96, 0x05, 0xaa, 0x00, 0x64, 0x07, 0xb9, 0x00, 0x5a,
  0x08, 0x06, 0x00, 0x7d, 0x04, 0xe3, 0x00, 0x64, 0x06, 0x39, 0x00, 0x5a, 0x07, 0x11, 0x00, 0x71,
  0x04, 0x00, 0x01, 0x53, 0x07, 0x11, 0x00, 0x71, 0x04, 0x00, 0x01, 0x53, 0x07, 0x11, 0x00, 0x71,
  0x07, 0x11, 0x02, 0xdc, 0x07, 0x11, 0x02, 0xdd, 0x03, 0xde, 0x00, 0x39, 0x04, 0xe0, 0xff, 0xde,
  0x05, 0x2e, 0x00, 0x6a, 0x04, 0xa1, 0x00, 0x39, 0x04, 0x1a, 0x00, 0x7d, 0x05, 0xff, 0x00, 0x39,
  0x04, 0xba, 0x00, 0x51, 0x02, 0x32, 0x00, 0x24, 0x04, 0xfd, 0x00, 0x7d, 0x04, 0x1a, 0x00, 0x70,
  0x04, 0x1a, 0x00, 0x7d, 0x05, 0x45, 0x00, 0x64, 0x05, 0x45, 0x00, 0x64, 0x02, 0x77, 0x00, 0xe2,
  0x02, 0x77, 0x00, 0x71, 0x03, 0xd2, 0x00, 0x5a, 0x04, 0x62, 0x00, 0x5a, 0x03, 0xaf, 0x00, 0x14,
  0x05, 0xf8, 0x00, 0x5a, 0x06, 0xb4, 0x00, 0x5a, 0x08, 0x03, 0x00, 0x5a, 0x08, 0x96, 0x00, 0x5a,
  0x04, 0xf5, 0x00, 0x5a, 0x05, 0x3c, 0x00, 0x5a, 0x06, 0x8b, 0x00, 0x5a, 0x06, 0x86, 0x00, 0x5a,
  0x03, 0xb9, 0x00, 0x5a, 0x03, 0x91, 0x00, 0x5a, 0x04, 0x16, 0x00, 0x5a, 0x03, 0xb9, 0x00, 0x5a,
  0x03, 0x91, 0x00, 0x5a, 0x05, 0xc4, 0x00, 0x5a, 0x05, 0x9c, 0x00, 0x5a, 0x03, 0xaf, 0x00, 0x14,
  0x00, 0x00, 0x00, 0x03, 0x00, 0x00, 0x00, 0x03, 0x00, 0x00, 0x00, 0x1c, 0x00, 0x01, 0x00, 0x00,
  0x00, 0x00, 0x02, 0x24, 0x00, 0x03, 0x00, 0x01, 0x00, 0x00, 0x00, 0x1c, 0x00, 0x04, 0x02, 0x08,
  0x00, 0x00, 0x00, 0x7c, 0x00, 0x40, 0x00, 0x05, 0x00, 0x3c, 0x00, 0x7e, 0x00, 0xa0, 0x00, 0xab,
  0x00, 0xad, 0x00, 0xbb, 0x01, 0x2f, 0x01, 0x7f, 0x01, 0x92, 0x01, 0xff, 0x02, 0xc7, 0x02, 0xc9,
  0x02, 0xdd, 0x03, 0x7e, 0x03, 0x8a, 0x03, 0x8c, 0x03, 0xa1, 0x03, 0xce, 0x04, 0x0c, 0x04, 0x4f,
  0x04, 0x5c, 0x04, 0x5f, 0x04, 0x91, 0x1e, 0x85, 0x1e, 0xf3, 0x20, 0x15, 0x20, 0x1e, 0x20, 0x22,
  0x20, 0x26, 0x20, 0x30, 0x20, 0x33, 0x20, 0x3a, 0x20, 0x3c, 0x20, 0x3e, 0x20, 0x44, 0x20, 0x7f,
  0x20, 0xa4, 0x20, 0xa7, 0x20, 0xac, 0x21, 0x05, 0x21, 0x16, 0x21, 0x22, 0x21, 0x26, 0x21, 0x95,
  0x21, 0xa8, 0x22, 0x02, 0x22, 0x06, 0x22, 0x0f, 0x22, 0x12, 0x22, 0x15, 0x22, 0x1a, 0x22, 0x1e,
  0x22, 0x2b, 0x22, 0x48, 0x22, 0x61, 0x22, 0x65, 0x23, 0x21, 0xee, 0xcb, 0xee, 0xd0, 0xee, 0xdc,
  0xf0, 0x02, 0xfb, 0x05, 0xff, 0xff, 0x00, 0x00, 0x00, 0x20, 0x00, 0xa0, 0x00, 0xa1, 0x00, 0xad,
  0x00, 0xae, 0x00, 0xbf, 0x01, 0x31, 0x01, 0x92, 0x01, 0xfa, 0x02, 0xc6, 0x02, 0xc9, 0x02, 0xd8,
  0x03, 0x7e, 0x03, 0x84, 0x03, 0x8c, 0x03, 0x8e, 0x03, 0xa3, 0x04, 0x01, 0x04, 0x0e, 0x04, 0x51,
  0x04, 0x5e, 0x04, 0x90, 0x1e, 0x80, 0x1e, 0xf2, 0x20, 0x13, 0x20, 0x17, 0x20, 0x20, 0x20, 0x26,
  0x20, 0x30, 0x20, 0x32, 0x20, 0x39, 0x20, 0x3c, 0x20, 0x3e, 0x20, 0x44, 0x20, 0x7f, 0x20, 0xa3,
  0x20, 0xa7, 0x20, 0xac, 0x21, 0x05, 0x21, 0x16, 0x21, 0x22, 0x21, 0x26, 0x21, 0x90, 0x21, 0xa8,
  0x22, 0x02, 0x22, 0x06, 0x22, 0x0f, 0x22, 0x11, 0x22, 0x15, 0x22, 0x19, 0x22, 0x1e, 0x22, 0x2b,
  0x22, 0x48, 0x22, 0x60, 0x22, 0x64, 0x23, 0x20, 0xee, 0xc9, 0xee, 0xcd, 0xee, 0xd9, 0xf0, 0x01,
  0xfb, 0x00, 0xff, 0xff, 0xff, 0xe3, 0x00, 0x00, 0xff, 0xc1, 0x00, 0x00, 0xff, 0xbf, 0xff, 0xbc,
  0xff, 0xbb, 0xff, 0xa9, 0xff, 0x42, 0xfe, 0x7c, 0xfe, 0x7b, 0xfe, 0x6d, 0xfc, 0xa0, 0xfd, 0xc7,
  0xfd, 0xc6, 0xfd, 0xc5, 0xfd, 0xc4, 0xfd, 0x92, 0xfd, 0x91, 0xfd, 0x90, 0xfd, 0x8f, 0xfd, 0x5f,
  0xe3, 0x71, 0xe3, 0x05, 0xe1, 0xe6, 0xe1, 0xe5, 0xe1, 0xe4, 0xe1, 0xe1, 0xe1, 0xd8, 0xe1, 0xd7,
  0xe1, 0xd2, 0xe1, 0xd1, 0xe1, 0xd0, 0xe1, 0xcb, 0xe1, 0x91, 0xe1, 0x6e, 0xe1, 0x6c, 0xe1, 0x68,
  0xe1, 0x10, 0xe1, 0x00, 0xe0, 0xf5, 0xe0, 0xf2, 0xe0, 0x89, 0xe0, 0x77, 0xe0, 0x1e, 0xe0, 0x1b,
  0xe0, 0x13, 0xe0, 0x12, 0xdf, 0xfa, 0x00, 0x00, 0xe0, 0x08, 0xdf, 0xfc, 0xdf, 0xe0, 0xdf, 0xc9,
  0xdf, 0xc7, 0xdf, 0x0d, 0x13, 0x66, 0x13, 0x65, 0x13, 0x5d, 0x12, 0x39, 0x07, 0x3c, 0x00, 0x01,
  0x00, 0x00, 0x00, 0x7a, 0x00, 0x00, 0x00, 0x78, 0x00, 0x00, 0x00, 0x00, 0x00, 0x00, 0x00, 0x00,
  0x00, 0x00, 0x00, 0x00, 0x00, 0x00, 0x00, 0x00, 0x00, 0x00, 0x00, 0x00, 0x00, 0x00, 0x00, 0x00,
  0x00, 0x00, 0x00, 0x00, 0x00, 0x00, 0x00, 0x00, 0x00, 0x00, 0x00, 0x00, 0x00, 0x00, 0x00, 0x00,
  0x00, 0x00, 0x00, 0x00, 0x00, 0x00, 0x00, 0x00, 0x00, 0x00, 0x00, 0x00, 0x00, 0x00, 0x00, 0x00,
  0x00, 0x00, 0x00, 0x00, 0x00, 0x00, 0x00, 0x00, 0x00, 0x00, 0x00, 0x00, 0x00, 0x00, 0x00, 0x00,
  0x00, 0x00, 0x00, 0x00, 0x00, 0x00, 0x00, 0x00, 0x00, 0x00, 0x00, 0x00, 0x00, 0x00, 0x00, 0x00,
  0x00, 0x00, 0x00, 0x1e, 0x00, 0x00, 0x00, 0x00, 0x00, 0x00, 0x00, 0x00, 0x00, 0x00, 0x00, 0x00,
  0x00, 0x00, 0x00, 0x00, 0x00, 0x00, 0x00, 0x00, 0x00, 0x00, 0x00, 0x00, 0x00, 0x03, 0x00, 0x10,
  0x00, 0x76, 0x02, 0x25, 0x00, 0x06, 0x02, 0x0a, 0x00, 0x00, 0x00, 0x00, 0x01, 0x00, 0x00, 0x01,
  0x00, 0x00, 0x00, 0x00, 0x00, 0x00, 0x00, 0x00, 0x00, 0x00, 0x00, 0x00, 0x00, 0x00, 0x00, 0x01,
  0x00, 0x02, 0x00, 0x00, 0x00, 0x00, 0x00, 0x00, 0x00, 0x02, 0x00, 0x00, 0x00, 0x00, 0x00, 0x00,
  0x00, 0x00, 0x00, 0x00, 0x00, 0x00, 0x00, 0x00, 0x00, 0x00, 0x00, 0x00, 0x00, 0x00, 0x00, 0x00,
  0x00, 0x00, 0x00, 0x00, 0x00, 0x00, 0x00, 0x00, 0x00, 0x01, 0x00, 0x00, 0x00, 0x00, 0x00, 0x03,
  0x00, 0x04, 0x00, 0x05, 0x00, 0x06, 0x00, 0x07, 0x00, 0x08, 0x00, 0x09, 0x00, 0x0a, 0x00, 0x0b,
  0x00, 0x0c, 0x00, 0x0d, 0x00, 0x0e, 0x00, 0x0f, 0x00, 0x10, 0x00, 0x11, 0x00, 0x12, 0x00, 0x13,
  0x00, 0x14, 0x00, 0x15, 0x00, 0x16, 0x00, 0x17, 0x00, 0x18, 0x00, 0x19, 0x00, 0x1a, 0x00, 0x1b,
  0x00, 0x1c, 0x00, 0x1d, 0x00, 0x1e, 0x00, 0x1f, 0x00, 0x20, 0x00, 0x21, 0x00, 0x22, 0x00, 0x23,
  0x00, 0x24, 0x00, 0x25, 0x00, 0x26, 0x00, 0x27, 0x00, 0x28, 0x00, 0x29, 0x00, 0x2a, 0x00, 0x2b,
  0x00, 0x2c, 0x00, 0x2d, 0x00, 0x2e, 0x00, 0x2f, 0x00, 0x30, 0x00, 0x31, 0x00, 0x32, 0x00, 0x33,
  0x00, 0x34, 0x00, 0x35, 0x00, 0x36, 0x00, 0x37, 0x00, 0x38, 0x00, 0x39, 0x00, 0x3a, 0x00, 0x3b,
  0x00, 0x3c, 0x00, 0x3d, 0x00, 0x3e, 0x00, 0x3f, 0x00, 0x40, 0x00, 0x41, 0x00, 0x42, 0x00, 0x43,
  0x00, 0x44, 0x00, 0x45, 0x00, 0x46, 0x00, 0x47, 0x00, 0x48, 0x00, 0x49, 0x00, 0x4a, 0x00, 0x4b,
  0x00, 0x4c, 0x00, 0x4d, 0x00, 0x4e, 0x00, 0x4f, 0x00, 0x50, 0x00, 0x51, 0x00, 0x52, 0x00, 0x53,
  0x00, 0x54, 0x00, 0x55, 0x00, 0x56, 0x00, 0x57, 0x00, 0x58, 0x00, 0x59, 0x00, 0x5a, 0x00, 0x5b,
  0x00, 0x5c, 0x00, 0x5d, 0x00, 0x5e, 0x00, 0x5f, 0x00, 0x60, 0x00, 0x61, 0x00, 0x00, 0x00, 0x80,
  0x00, 0x81, 0x00, 0x83, 0x00, 0x85, 0x00, 0x8d, 0x00, 0x92, 0x00, 0x98, 0x00, 0x9d, 0x00, 0x9c,
  0x00, 0x9e, 0x00, 0xa0, 0x00, 0x9f, 0x00, 0xa1, 0x00, 0xa3, 0x00, 0xa5, 0x00, 0xa4, 0x00, 0xa6,
  0x00, 0xa7, 0x00, 0xa9, 0x00, 0xa8, 0x00, 0xaa, 0x00, 0xab, 0x00, 0xad, 0x00, 0xaf, 0x00, 0xae,
  0x00, 0xb0, 0x00, 0xb2, 0x00, 0xb1, 0x00, 0xb6, 0x00, 0xb5, 0x00, 0xb7, 0x00, 0xb8, 0x02, 0x04,
  0x00, 0x6f, 0x00, 0x63, 0x00, 0x64, 0x00, 0x68, 0x02, 0x06, 0x00, 0x75, 0x00, 0x9b, 0x00, 0x6d,
  0x00, 0x6a, 0x02, 0x17, 0x00, 0x73, 0x00, 0x69, 0x02, 0x29, 0x00, 0x82, 0x00, 0x94, 0x02, 0x26,
  0x00, 0x70, 0x02, 0x2b, 0x02, 0x2c, 0x00, 0x66, 0x00, 0x74, 0x02, 0x20, 0x02, 0x23, 0x02, 0x22,
  0x01, 0x84, 0x02, 0x27, 0x00, 0x6b, 0x00, 0x79, 0x02, 0x18, 0x00, 0xa2, 0x00, 0xb4, 0x00, 0x7b,
  0x00, 0x62, 0x00, 0x00, 0x02, 0x25, 0x01, 0x3b, 0x02, 0x28, 0x02, 0x21, 0x00, 0x6c, 0x00, 0x7a,
  0x02, 0x07, 0x00, 0x03, 0x00, 0x7c, 0x00, 0x7f, 0x00, 0x91, 0x01, 0x0d, 0x01, 0x0e, 0x01, 0xf9,
  0x01, 0xfa, 0x02, 0x01, 0x02, 0x02, 0x01, 0xfd, 0x01, 0xfe, 0x00, 0xb3, 0x00, 0x00, 0x00, 0xbb,
  0x01, 0x33, 0x02, 0x0f, 0x00, 0x65, 0x02, 0x0b, 0x02, 0x0c, 0x02, 0x3d, 0x02, 0x3e, 0x02, 0x05,
  0x00, 0x76, 0x01, 0xff, 0x02, 0x03, 0x02, 0x08, 0x00, 0x7e, 0x00, 0x86, 0x00, 0x7d, 0x00, 0x87,
  0x00, 0x84, 0x00, 0x89, 0x00, 0x8a, 0x00, 0x8b, 0x00, 0x88, 0x00, 0x8f, 0x00, 0x90, 0x00, 0x00,
  0x00, 0x8e, 0x00, 0x96, 0x00, 0x97, 0x00, 0x95, 0x00, 0xec, 0x01, 0x42, 0x01, 0x49, 0x00, 0x6e,
  0x01, 0x45, 0x01, 0x46, 0x01, 0x47, 0x00, 0x77, 0x01, 0x4a, 0x01, 0x48, 0x01, 0x43, 0x00, 0x00,
  0x00, 0x00, 0x03, 0x04, 0x03, 0x04, 0x03, 0x04, 0x03, 0x04, 0x03, 0x22, 0x03, 0x36, 0x03, 0x70,
  0x03, 0xce, 0x04, 0x1e, 0x04, 0xc6, 0x04, 0xd4, 0x04, 0xf8, 0x05, 0x1a, 0x05, 0x3c, 0x05, 0x54,
  0x05, 0x62, 0x05, 0x70, 0x05, 0x86, 0x05, 0x94, 0x05, 0xc8, 0x05, 0xd8, 0x06, 0x0a, 0x06, 0x50,
  0x06, 0x6c, 0x06, 0xb4, 0x06, 0xf4, 0x07, 0x12, 0x07, 0x7a, 0x07, 0xbc, 0x07, 0xe2, 0x08, 0x00,
  0x08, 0x14, 0x08, 0x28, 0x08, 0x3c, 0x08, 0x94, 0x08, 0xf6, 0x09, 0x12, 0x09, 0x50, 0x09, 0x7e,
  0x09, 0xac, 0x09, 0xc6, 0x09, 0xdc, 0x0a, 0x0c, 0x0a, 0x24, 0x0a, 0x32, 0x0a, 0x56, 0x0a, 0x72,
  0x0a, 0x82, 0x0a, 0xa2, 0x0a, 0xba, 0x0a, 0xf0, 0x0b, 0x16, 0x0b, 0x8a, 0x0b, 0xb8, 0x0b, 0xfe,
  0x0c, 0x12, 0x0c, 0x34, 0x0c, 0x48, 0x0c, 0x84, 0x0c, 0xa4, 0x0c, 0xbc, 0x0c, 0xd0, 0x0c, 0xe2,
  0x0c, 0xf0, 0x0d, 0x02, 0x0d, 0x18, 0x0d, 0x26, 0x0d, 0x34, 0x0d, 0x6c, 0x0d, 0xa4, 0x0d, 0xd8,
  0x0e, 0x10, 0x0e, 0x48, 0x0e, 0x70, 0x0e, 0xbe, 0x0e, 0xe0, 0x0e, 0xfe, 0x0f, 0x20, 0x0f, 0x3c,
  0x0f, 0x4a, 0x0f, 0x8a, 0x0f, 0xac, 0x0f, 0xda, 0x10, 0x12, 0x10, 0x4c, 0x10, 0x68, 0x10, 0xa8,
  0x10, 0xc0, 0x10, 0xe2, 0x10, 0xf6, 0x11, 0x36, 0x11, 0x5c, 0x11, 0x78, 0x11, 0x8c, 0x11, 0xfc,
  0x12, 0x0a, 0x12, 0x7a, 0x12, 0xb2, 0x12, 0xd0, 0x13, 0x14, 0x13, 0x88, 0x13, 0xe4, 0x14, 0x14,
  0x14, 0x28, 0x14, 0xa2, 0x14, 0xc8, 0x15, 0x1e, 0x15, 0x5c, 0x15, 0x7c, 0x15, 0xd4, 0x15, 0xe2,
  0x16, 0x08, 0x16, 0x28, 0x16, 0x58, 0x16, 0x9c, 0x16, 0xaa, 0x16, 0xd2, 0x16, 0xf4, 0x17, 0x0a,
  0x17, 0x3a, 0x17, 0x4a, 0x17, 0x84, 0x17, 0xa4, 0x17, 0xfc, 0x18, 0x08, 0x18, 0x14, 0x18, 0x20,
  0x18, 0x2c, 0x18, 0x38, 0x18, 0x44, 0x18, 0x6c, 0x18, 0xc4, 0x18, 0xd0, 0x18, 0xdc, 0x18, 0xe8,
  0x18, 0xf4, 0x19, 0x00, 0x19, 0x0c, 0x19, 0x18, 0x19, 0x24, 0x19, 0x5a, 0x19, 0x66, 0x19, 0x72,
  0x19, 0x7e, 0x19, 0x8a, 0x19, 0x96, 0x19, 0xa2, 0x19, 0xbc, 0x1a, 0x0a, 0x1a, 0x16, 0x1a, 0x22,
  0x1a, 0x2e, 0x1a, 0x3a, 0x1a, 0x46, 0x1a, 0x6e, 0x1a, 0xb2, 0x1a, 0xbe, 0x1a, 0xca, 0x1a, 0xd6,
  0x1a, 0xe2, 0x1a, 0xee, 0x1a, 0xfa, 0x1b, 0x68, 0x1b, 0xc6, 0x1b, 0xd2, 0x1b, 0xde, 0x1b, 0xea,
  0x1b, 0xf6, 0x1c, 0x02, 0x1c, 0x0e, 0x1c, 0x1a, 0x1c, 0x26, 0x1c, 0x64, 0x1c, 0x70, 0x1c, 0x7c,
  0x1c, 0x88, 0x1c, 0x94, 0x1c, 0xa0, 0x1c, 0xac, 0x1c, 0xda, 0x1d, 0x26, 0x1d, 0x32, 0x1d, 0x3e,
  0x1d, 0x4a, 0x1d, 0x56, 0x1d, 0x62, 0x1d, 0x9c, 0x1d, 0xa8, 0x1d, 0xb4, 0x1d, 0xc0, 0x1d, 0xcc,
  0x1d, 0xd8, 0x1e, 0x10, 0x1e, 0x64, 0x1e, 0x98, 0x1e, 0xd2, 0x1f, 0x0a, 0x1f, 0x48, 0x1f, 0x86,
  0x1f, 0xca, 0x20, 0x02, 0x20, 0x40, 0x20, 0x78, 0x20, 0xc6, 0x20, 0xfc, 0x21, 0x3e, 0x21, 0x4a,
  0x21, 0x56, 0x21, 0x62, 0x21, 0x6e, 0x21, 0x7a, 0x21, 0x86, 0x21, 0xba, 0x22, 0x12, 0x22, 0x1e,
  0x22, 0x2a, 0x22, 0x66, 0x22, 0xc0, 0x23, 0x0a, 0x23, 0x72, 0x23, 0xb2, 0x24, 0x10, 0x24, 0x6a,
  0x24, 0xcc, 0x24, 0xf0, 0x25, 0x1e, 0x25, 0x46, 0x25, 0x72, 0x25, 0x7e, 0x25, 0x8a, 0x25, 0x96,
  0x25, 0xa2, 0x25, 0xae, 0x25, 0xba, 0x25, 0xe2, 0x26, 0x1a, 0x26, 0x28, 0x26, 0x34, 0x26, 0x6e,
  0x26, 0x9c, 0x26, 0xba, 0x26, 0xfa, 0x27, 0x3a, 0x27, 0x56, 0x27, 0x6c, 0x27, 0x80, 0x27, 0xb8,
  0x27, 0xec, 0x28, 0x10, 0x28, 0x32, 0x28, 0x52, 0x28, 0x70, 0x28, 0x8e, 0x28, 0xa6, 0x28, 0xb2,
  0x28, 0xbe, 0x28, 0xf8, 0x29, 0x3c, 0x29, 0x48, 0x29, 0x54, 0x29, 0x8a, 0x29, 0xae, 0x29, 0xda,
  0x29, 0xe6, 0x29, 0xf2, 0x29, 0xfe, 0x2a, 0x0a, 0x2a, 0x16, 0x2a, 0x22, 0x2a, 0x7e, 0x2a, 0xe8,
  0x2a, 0xf4, 0x2b, 0x00, 0x2b, 0x52, 0x2b, 0x92, 0x2b, 0x9e, 0x2b, 0xaa, 0x2b, 0xb6, 0x2b, 0xc2,
  0x2b, 0xce, 0x2b, 0xda, 0x2c, 0x46, 0x2c, 0xb0, 0x2c, 0xbc, 0x2c, 0xc8, 0x2d, 0x02, 0x2d, 0x40,
  0x2d, 0x4c, 0x2d, 0x78, 0x2d, 0x94, 0x2d, 0xb4, 0x2d, 0xc0, 0x2d, 0xcc, 0x2d, 0xd8, 0x2d, 0xe4,
  0x2d, 0xf0, 0x2d, 0xfc, 0x2e, 0x08, 0x2e, 0x14, 0x2e, 0x20, 0x2e, 0x2c, 0x2e, 0x6c, 0x2e, 0xac,
  0x2e, 0xb8, 0x2e, 0xc4, 0x2e, 0xd0, 0x2e, 0xdc, 0x2e, 0xe8, 0x2e, 0xf4, 0x2f, 0x00, 0x2f, 0x0c,
  0x2f, 0x18, 0x2f, 0x24, 0x2f, 0x30, 0x2f, 0x4c, 0x2f, 0x7a, 0x2f, 0xc0, 0x30, 0x22, 0x30, 0x2e,
  0x30, 0x3a, 0x30, 0x46, 0x30, 0x52, 0x30, 0x64, 0x30, 0x76, 0x30, 0x84, 0x30, 0xa6, 0x30, 0xbc,
  0x30, 0xe2, 0x31, 0x06, 0x31, 0x2e, 0x31, 0x42, 0x31, 0x50, 0x31, 0x7e, 0x31, 0x8a, 0x31, 0xa0,
  0x31, 0xac, 0x31, 0xb8, 0x31, 0xc4, 0x31, 0xd0, 0x31, 0xdc, 0x31, 0xe8, 0x32, 0x1c, 0x32, 0x24,
  0x32, 0x2c, 0x32, 0x3c, 0x32, 0x56, 0x32, 0x5e, 0x32, 0x66, 0x32, 0x6e, 0x32, 0xaa, 0x32, 0xb8,
  0x32, 0xc0, 0x32, 0xd6, 0x32, 0xde, 0x32, 0xe6, 0x33, 0x02, 0x33, 0x0a, 0x33, 0x1e, 0x33, 0x26,
  0x33, 0x42, 0x33, 0x4a, 0x33, 0x52, 0x33, 0x96, 0x33, 0x9e, 0x33, 0xd0, 0x33, 0xd8, 0x33, 0xe4,
  0x33, 0xf0, 0x33, 0xfc, 0x34, 0x08, 0x34, 0x14, 0x34, 0x20, 0x34, 0x2c, 0x34, 0x66, 0x34, 0xa4,
  0x34, 0xbc, 0x34, 0xf4, 0x35, 0x28, 0x35, 0x58, 0x35, 0x7a, 0x35, 0xb4, 0x35, 0xc2, 0x35, 0xde,
  0x35, 0xfa, 0x36, 0x22, 0x36, 0x36, 0x36, 0x74, 0x36, 0x7c, 0x36, 0x94, 0x36, 0xca, 0x36, 0xf6,
  0x37, 0x28, 0x37, 0x3c, 0x37, 0x5e, 0x37, 0xa2, 0x37, 0xc2, 0x37, 0xf2, 0x38, 0x36, 0x38, 0x42,
  0x38, 0x4e, 0x38, 0x5a, 0x38, 0x66, 0x38, 0x72, 0x38, 0x7e, 0x38, 0xb6, 0x38, 0xc2, 0x39, 0x00,
  0x39, 0x08, 0x39, 0x10, 0x39, 0x1c, 0x39, 0x24, 0x39, 0x56, 0x39, 0x86, 0x39, 0xb6, 0x39, 0xc4,
  0x39, 0xd0, 0x39, 0xe8, 0x39, 0xf0, 0x3a, 0x22, 0x3a, 0x2a, 0x3a, 0x3a, 0x3a, 0x64, 0x3a, 0x6c,
  0x3a, 0x98, 0x3a, 0xcc, 0x3a, 0xe4, 0x3a, 0xf0, 0x3a, 0xf8, 0x3b, 0x14, 0x3b, 0x1c, 0x3b, 0x24,
  0x3b, 0x2c, 0x3b, 0x40, 0x3b, 0x48, 0x3b, 0x50, 0x3b, 0x58, 0x3b, 0x7c, 0x3b, 0xc2, 0x3b, 0xca,
  0x3b, 0xe2, 0x3c, 0x0c, 0x3c, 0x24, 0x3c, 0x42, 0x3c, 0x70, 0x3c, 0x9c, 0x3c, 0xc0, 0x3c, 0xfe,
  0x3d, 0x40, 0x3d, 0x70, 0x3d, 0x78, 0x3d, 0xc8, 0x3e, 0x0c, 0x3e, 0x1c, 0x3e, 0x4a, 0x3e, 0x52,
  0x3e, 0x7c, 0x3e, 0xc2, 0x3e, 0xda, 0x3e, 0xe6, 0x3f, 0x02, 0x3f, 0x1a, 0x3f, 0x36, 0x3f, 0x4e,
  0x3f, 0x56, 0x3f, 0x6a, 0x3f, 0x72, 0x3f, 0x7a, 0x3f, 0x8e, 0x3f, 0xa4, 0x40, 0x0a, 0x40, 0x28,
  0x40, 0x40, 0x40, 0x6a, 0x40, 0x82, 0x40, 0xa0, 0x40, 0xd2, 0x41, 0x0a, 0x41, 0x3a, 0x41, 0x72,
  0x41, 0xac, 0x41, 0xe2, 0x41, 0xee, 0x42, 0x22, 0x42, 0x2e, 0x42, 0x66, 0x42, 0x6e, 0x42, 0x76,
  0x42, 0x7e, 0x42, 0x86, 0x42, 0xc2, 0x42, 0xfe, 0x43, 0x28, 0x43, 0x4c, 0x43, 0x58, 0x43, 0x70,
  0x43, 0x86, 0x43, 0x9a, 0x43, 0xa6, 0x43, 0xb2, 0x43, 0xbe, 0x43, 0xca, 0x43, 0xd6, 0x43, 0xe2,
  0x43, 0xee, 0x43, 0xfa, 0x44, 0x08, 0x44, 0x16, 0x44, 0x24, 0x44, 0x38, 0x44, 0x54, 0x44, 0x70,
  0x44, 0x8a, 0x44, 0xa6, 0x44, 0xd6, 0x45, 0x06, 0x45, 0x36, 0x45, 0x4c, 0x45, 0x6a, 0x45, 0x82,
  0x45, 0xb8, 0x46, 0x26, 0x46, 0x34, 0x46, 0x48, 0x46, 0x5c, 0x46, 0x6e, 0x46, 0xa2, 0x46, 0xac,
  0x46, 0xbc, 0x46, 0xc6, 0x46, 0xe6, 0x47, 0x5c, 0x47, 0xcc, 0x48, 0x10, 0x48, 0x24, 0x48, 0x6e,
  0x48, 0x94, 0x48, 0xd6, 0x48, 0xe8, 0x48, 0xfa, 0x49, 0x0c, 0x49, 0x1e, 0x49, 0x34, 0x49, 0x4a,
  0x49, 0x6c, 0x49, 0xa6, 0x49, 0xc0, 0x49, 0xd4, 0x49, 0xee, 0x49, 0xfc, 0x4a, 0x14, 0x4a, 0x62,
  0x4a, 0x7c, 0x4a, 0xe4, 0x4a, 0xf2, 0x4b, 0x02, 0x4b, 0x1e, 0x4b, 0x38, 0x4b, 0x4c, 0x4b, 0x60,
  0x4b, 0xa0, 0x4b, 0xda, 0x4c, 0x0c, 0x4c, 0x44, 0x4c, 0x92, 0x4c, 0xe6, 0x4d, 0x2a, 0x4d, 0x52,
  0x4d, 0x74, 0x4d, 0x9c, 0x4d, 0xbc, 0x4d, 0xf6, 0x4e, 0x1c, 0x4e, 0x5e, 0x4e, 0x9a, 0x4e, 0xc4,
  0x4f, 0x1c, 0x4f, 0x62, 0x4f, 0x90, 0x00, 0x00, 0x00, 0x1f, 0x01, 0x2b, 0x00, 0xc9, 0x06, 0x00,
  0x05, 0x68, 0x00, 0x06, 0x00, 0x0d, 0x00, 0x1d, 0x00, 0x2d, 0x00, 0x3d, 0x00, 0x4d, 0x00, 0x54,
  0x00, 0x67, 0x00, 0x80, 0x00, 0x99, 0x00, 0xb2, 0x00, 0xc5, 0x00, 0xde, 0x00, 0xf7, 0x01, 0x16,
  0x01, 0x26, 0x01, 0x3f, 0x01, 0x53, 0x01, 0x6d, 0x01, 0x86, 0x01, 0xa5, 0x01, 0xb5, 0x01, 0xce,
  0x01, 0xe2, 0x02, 0x01, 0x02, 0x11, 0x02, 0x2a, 0x02, 0x49, 0x02, 0x59, 0x02, 0x72, 0x02, 0x85,
  0x00, 0x00, 0x01, 0x34, 0x2b, 0x01, 0x15, 0x33, 0x35, 0x01, 0x34, 0x2b, 0x01, 0x15, 0x33, 0x35,
  0x01, 0x32, 0x37, 0x36, 0x35, 0x26, 0x27, 0x26, 0x23, 0x22, 0x07, 0x06, 0x15, 0x16, 0x17, 0x16,
  0x01, 0x32, 0x37, 0x36, 0x35, 0x34, 0x27, 0x26, 0x23, 0x22, 0x07, 0x06, 0x15, 0x14, 0x17, 0x16,
  0x01, 0x32, 0x37, 0x36, 0x35, 0x34, 0x27, 0x26, 0x23, 0x22, 0x07, 0x06, 0x15, 0x14, 0x17, 0x16,
  0x01, 0x36, 0x35, 0x34, 0x27, 0x26, 0x23, 0x22, 0x07, 0x06, 0x15, 0x14, 0x17, 0x16, 0x33, 0x32,
  0x01, 0x34, 0x2b, 0x01, 0x15, 0x33, 0x35, 0x01, 0x15, 0x23, 0x35, 0x23, 0x15, 0x14, 0x33, 0x15,
  0x23, 0x35, 0x32, 0x3d, 0x01, 0x34, 0x23, 0x35, 0x33, 0x15, 0x25, 0x23, 0x35, 0x33, 0x15, 0x22,
  0x0f, 0x01, 0x15, 0x14, 0x33, 0x15, 0x23, 0x35, 0x32, 0x3d, 0x01, 0x27, 0x26, 0x23, 0x35, 0x33,
  0x15, 0x23, 0x17, 0x01, 0x23, 0x35, 0x33, 0x15, 0x22, 0x0f, 0x01, 0x15, 0x14, 0x33, 0x15, 0x23,
  0x35, 0x32, 0x3d, 0x01, 0x27, 0x26, 0x23, 0x35, 0x33, 0x15, 0x23, 0x17, 0x07, 0x23, 0x35, 0x33,
  0x15, 0x22, 0x0f, 0x01, 0x15, 0x14, 0x33, 0x15, 0x23, 0x35, 0x32, 0x3d, 0x01, 0x27, 0x26, 0x23,
  0x35, 0x33, 0x15, 0x23, 0x17, 0x01, 0x15, 0x23, 0x35, 0x23, 0x15, 0x14, 0x33, 0x15, 0x23, 0x35,
  0x32, 0x3d, 0x01, 0x34, 0x23, 0x35, 0x33, 0x15, 0x03, 0x23, 0x35, 0x33, 0x15, 0x22, 0x0f, 0x01,
  0x15, 0x14, 0x33, 0x15, 0x23, 0x35, 0x32, 0x3d, 0x01, 0x27, 0x26, 0x23, 0x35, 0x33, 0x15, 0x23,
  0x17, 0x01, 0x15, 0x14, 0x33, 0x15, 0x23, 0x35, 0x32, 0x3d, 0x01, 0x34, 0x23, 0x35, 0x33, 0x17,
  0x35, 0x34, 0x23, 0x35, 0x33, 0x15, 0x22, 0x1d, 0x01, 0x23, 0x25, 0x17, 0x37, 0x33, 0x15, 0x22,
  0x1d, 0x01, 0x14, 0x33, 0x15, 0x23, 0x35, 0x32, 0x3d, 0x01, 0x07, 0x23, 0x27, 0x15, 0x14, 0x33,
  0x15, 0x23, 0x35, 0x32, 0x3d, 0x01, 0x34, 0x23, 0x35, 0x05, 0x14, 0x07, 0x06, 0x23, 0x22, 0x27,
  0x26, 0x35, 0x34, 0x37, 0x36, 0x33, 0x32, 0x17, 0x16, 0x17, 0x15, 0x14, 0x33, 0x15, 0x23, 0x35,
  0x32, 0x3d, 0x01, 0x34, 0x23, 0x35, 0x33, 0x17, 0x35, 0x34, 0x23, 0x35, 0x33, 0x15, 0x22, 0x1d,
  0x01, 0x23, 0x37, 0x15, 0x23, 0x34, 0x2b, 0x01, 0x15, 0x14, 0x33, 0x15, 0x23, 0x35, 0x32, 0x3d,
  0x01, 0x23, 0x22, 0x15, 0x23, 0x35, 0x05, 0x15, 0x14, 0x33, 0x15, 0x23, 0x35, 0x32, 0x3d, 0x01,
  0x34, 0x23, 0x35, 0x33, 0x15, 0x23, 0x34, 0x2b, 0x01, 0x15, 0x33, 0x35, 0x33, 0x15, 0x23, 0x35,
  0x01, 0x15, 0x14, 0x33, 0x15, 0x23, 0x35, 0x32, 0x3d, 0x01, 0x34, 0x23, 0x35, 0x33, 0x17, 0x35,
  0x34, 0x23, 0x35, 0x33, 0x15, 0x22, 0x1d, 0x01, 0x23, 0x03, 0x17, 0x37, 0x33, 0x15, 0x22, 0x1d,
  0x01, 0x14, 0x33, 0x15, 0x23, 0x35, 0x32, 0x3d, 0x01, 0x07, 0x23, 0x27, 0x15, 0x14, 0x33, 0x15,
  0x23, 0x35, 0x32, 0x3d, 0x01, 0x34, 0x23, 0x35, 0x13, 0x14, 0x07, 0x06, 0x23, 0x22, 0x27, 0x26,
  0x35, 0x34, 0x37, 0x36, 0x33, 0x32, 0x17, 0x16, 0x27, 0x15, 0x14, 0x33, 0x15, 0x23, 0x35, 0x32,
  0x3d, 0x01, 0x34, 0x23, 0x35, 0x33, 0x17, 0x35, 0x34, 0x23, 0x35, 0x33, 0x15, 0x22, 0x1d, 0x01,
  0x23, 0x01, 0x15, 0x23, 0x34, 0x2b, 0x01, 0x15, 0x14, 0x33, 0x15, 0x23, 0x35, 0x32, 0x3d, 0x01,
  0x23, 0x22, 0x15, 0x23, 0x35, 0x13, 0x17, 0x37, 0x33, 0x15, 0x22, 0x1d, 0x01, 0x14, 0x33, 0x15,
  0x23, 0x35, 0x32, 0x3d, 0x01, 0x07, 0x23, 0x27, 0x15, 0x14, 0x33, 0x15, 0x23, 0x35, 0x32, 0x3d,
  0x01, 0x34, 0x23, 0x35, 0x13, 0x14, 0x07, 0x06, 0x23, 0x22, 0x27, 0x26, 0x35, 0x34, 0x37, 0x36,
  0x33, 0x32, 0x17, 0x16, 0x07, 0x15, 0x14, 0x33, 0x15, 0x23, 0x35, 0x32, 0x3d, 0x01, 0x34, 0x23,
  0x35, 0x33, 0x17, 0x35, 0x34, 0x23, 0x35, 0x33, 0x15, 0x22, 0x1d, 0x01, 0x23, 0x05, 0x17, 0x37,
  0x33, 0x15, 0x22, 0x1d, 0x01, 0x14, 0x33, 0x15, 0x23, 0x35, 0x32, 0x3d, 0x01, 0x07, 0x23, 0x27,
  0x15, 0x14, 0x33, 0x15, 0x23, 0x35, 0x32, 0x3d, 0x01, 0x34, 0x23, 0x35, 0x05, 0x36, 0x33, 0x32,
  0x17, 0x16, 0x15, 0x14, 0x07, 0x06, 0x23, 0x22, 0x27, 0x26, 0x35, 0x34, 0x07, 0x15, 0x14, 0x33,
  0x15, 0x23, 0x35, 0x32, 0x3d, 0x01, 0x34, 0x23, 0x35, 0x33, 0x17, 0x35, 0x34, 0x23, 0x35, 0x33,
  0x15, 0x22, 0x1d, 0x01, 0x23, 0x03, 0x15, 0x23, 0x35, 0x23, 0x15, 0x14, 0x33, 0x15, 0x23, 0x35,
  0x32, 0x3d, 0x01, 0x34, 0x23, 0x35, 0x33, 0x15, 0x03, 0xae, 0x04, 0x15, 0x13, 0x02, 0x21, 0x06,
  0x15, 0x13, 0xfe, 0x8f, 0x08, 0x06, 0x0a, 0x02, 0x08, 0x08, 0x08, 0x0a, 0x07, 0x0a, 0x02, 0x08,
  0x09, 0x01, 0x6a, 0x0c, 0x07, 0x08, 0x0a, 0x07, 0x0a, 0x0a, 0x06, 0x08, 0x0a, 0x06, 0xfb, 0xd1,
  0x0c, 0x06, 0x08, 0x0a, 0x06, 0x0a, 0x0c, 0x07, 0x08, 0x0a, 0x07, 0x01, 0x83, 0x0a, 0x08, 0x08,
  0x0b, 0x0a, 0x08, 0x08, 0x08, 0x06, 0x0a, 0x0a, 0xfe, 0xa8, 0x06, 0x14, 0x12, 0x02, 0x35, 0x16,
  0x13, 0x0f, 0x40, 0x0d, 0x0d, 0x65, 0x01, 0x45, 0x08, 0x31, 0x0a, 0x02, 0x1d, 0x0d, 0x3c, 0x0d,
  0x1d, 0x04, 0x08, 0x39, 0x08, 0x0c, 0xfd, 0x44, 0x07, 0x2d, 0x08, 0x04, 0x18, 0x0c, 0x40, 0x0f,
  0x1f, 0x02, 0x06, 0x35, 0x08, 0x10, 0xac, 0x08, 0x2f, 0x08, 0x02, 0x1d, 0x0d, 0x3e, 0x0c, 0x1a,
  0x04, 0x09, 0x38, 0x08, 0x0e, 0x04, 0x5c, 0x18, 0x13, 0x0e, 0x3d, 0x0c, 0x0c, 0x64, 0x20, 0x09,
  0x32, 0x0b, 0x02, 0x1c, 0x0c, 0x3c, 0x0d, 0x1d, 0x04, 0x08, 0x37, 0x06, 0x0c, 0xfb, 0xaa, 0x13,
  0x38, 0x0b, 0x0b, 0x1d, 0x3b, 0x10, 0x37, 0x0a, 0x12, 0x01, 0x1c, 0x2b, 0x23, 0x29, 0x0a, 0x0a,
  0x35, 0x06, 0x14, 0x19, 0x1b, 0x09, 0x2e, 0x09, 0x09, 0x01, 0xfc, 0x10, 0x10, 0x1f, 0x23, 0x10,
  0x11, 0x11, 0x10, 0x21, 0x21, 0x10, 0x10, 0x54, 0x13, 0x3a, 0x09, 0x09, 0x1f, 0x39, 0x10, 0x37,
  0x08, 0x16, 0xca, 0x1a, 0x06, 0x04, 0x0c, 0x3c, 0x0d, 0x04, 0x07, 0x1a, 0xfe, 0x1a, 0x0f, 0x40,
  0x0d, 0x0d, 0x65, 0x1b, 0x04, 0x15, 0x13, 0x16, 0x16, 0x01, 0xf0, 0x12, 0x39, 0x0a, 0x0a, 0x1e,
  0x3a, 0x11, 0x3a, 0x0b, 0x14, 0x4a, 0x29, 0x25, 0x29, 0x08, 0x08, 0x37, 0x0a, 0x19, 0x16, 0x1b,
  0x08, 0x2f, 0x08, 0x08, 0x90, 0x0f, 0x10, 0x23, 0x21, 0x0e, 0x10, 0x0e, 0x10, 0x1f, 0x25, 0x10,
  0x0f, 0x5a, 0x12, 0x39, 0x0a, 0x0a, 0x1e, 0x3a, 0x11, 0x3a, 0x0b, 0x14, 0xfb, 0xdb, 0x19, 0x06,
  0x04, 0x0d, 0x3e, 0x0c, 0x04, 0x06, 0x18, 0x0e, 0x29, 0x25, 0x27, 0x09, 0x09, 0x36, 0x0b, 0x19,
  0x19, 0x18, 0x06, 0x2d, 0x08, 0x08, 0x8d, 0x0c, 0x10, 0x23, 0x23, 0x0c, 0x11, 0x0f, 0x0e, 0x21,
  0x25, 0x10, 0x0c, 0x5a, 0x13, 0x38, 0x0b, 0x0b, 0x1d, 0x3b, 0x10, 0x37, 0x0a, 0x12, 0x02, 0x89,
  0x2b, 0x25, 0x27, 0x09, 0x09, 0x36, 0x09, 0x17, 0x16, 0x1b, 0x08, 0x2f, 0x08, 0x08, 0xfe, 0xae,
  0x10, 0x23, 0x1f, 0x12, 0x0f, 0x11, 0x10, 0x21, 0x21, 0x10, 0x0e, 0x87, 0x12, 0x37, 0x08, 0x08,
  0x1c, 0x3c, 0x13, 0x38, 0x0b, 0x12, 0xb2, 0x19, 0x12, 0x0e, 0x3d, 0x0c, 0x0c, 0x64, 0x01, 0x23,
  0x16, 0x20, 0x0a, 0x02, 0x10, 0x17, 0x1f, 0x08, 0x01, 0xc1, 0x0a, 0x0e, 0x19, 0x16, 0x0f, 0x0a,
  0x0a, 0x0d, 0x18, 0x19, 0x0c, 0x0c, 0xfe, 0xae, 0x0a, 0x0c, 0x1b, 0x16, 0x0f, 0x0a, 0x0a, 0x0f,
  0x16, 0x19, 0x0e, 0x0a, 0xfe, 0x8b, 0x0a, 0x0f, 0x18, 0x19, 0x0c, 0x0a, 0x0a, 0x0a, 0x1b, 0x18,
  0x0d, 0x0c, 0xfe, 0xb8, 0x0f, 0x18, 0x19, 0x0c, 0x0a, 0x0a, 0x0c, 0x19, 0x1a, 0x0d, 0x0a, 0x02,
  0x50, 0x14, 0x1e, 0x0a, 0xfd, 0xf8, 0x29, 0x0a, 0x23, 0x08, 0x10, 0x10, 0x04, 0x5c, 0x04, 0x11,
  0x2b, 0x18, 0x13, 0x13, 0x06, 0x33, 0x25, 0x04, 0x10, 0x10, 0x04, 0x25, 0x33, 0x06, 0x13, 0x13,
  0x1a, 0x04, 0x35, 0x12, 0x12, 0x06, 0x35, 0x25, 0x04, 0x11, 0x11, 0x04, 0x25, 0x35, 0x06, 0x12,
  0x12, 0x1d, 0x8d, 0x12, 0x12, 0x06, 0x33, 0x25, 0x04, 0x13, 0x13, 0x04, 0x25, 0x33, 0x06, 0x12,
  0x12, 0x1d, 0xfe, 0xa4, 0x27, 0x08, 0x20, 0x08, 0x13, 0x13, 0x04, 0x5a, 0x04, 0x12, 0x2d, 0xfe,
  0xb2, 0x13, 0x13, 0x06, 0x33, 0x25, 0x04, 0x10, 0x10, 0x04, 0x25, 0x33, 0x06, 0x13, 0x13, 0x1a,
  0x03, 0x5c, 0x2f, 0x04, 0x13, 0x13, 0x04, 0x52, 0x0c, 0x12, 0x45, 0x2f, 0x04, 0x12, 0x12, 0x04,
  0x71, 0x87, 0x56, 0x56, 0x12, 0x0c, 0x52, 0x04, 0x13, 0x13, 0x02, 0x1e, 0x33, 0x36, 0x1f, 0x04,
  0x13, 0x13, 0x04, 0x52, 0x0c, 0x12, 0x43, 0x1d, 0x14, 0x15, 0x15, 0x14, 0x1d, 0x1d, 0x12, 0x14,
  0x14, 0x12, 0x1b, 0x2f, 0x04, 0x13, 0x13, 0x04, 0x52, 0x0c, 0x12, 0x45, 0x2f, 0x04, 0x12, 0x12,
  0x04, 0x71, 0x87, 0x2d, 0x17, 0x5a, 0x04, 0x13, 0x13, 0x04, 0x5a, 0x17, 0x2d, 0x4b, 0x21, 0x08,
  0x13, 0x13, 0x04, 0x5a, 0x04, 0x12, 0x2d, 0x17, 0x21, 0x08, 0x25, 0x09, 0xfb, 0xef, 0x2f, 0x04,
  0x10, 0x10, 0x04, 0x52, 0x0c, 0x13, 0x46, 0x2f, 0x04, 0x13, 0x13, 0x04, 0x6e, 0x01, 0xe3, 0x56,
  0x56, 0x12, 0x0d, 0x52, 0x04, 0x10, 0x10, 0x02, 0x1d, 0x2f, 0x33, 0x1f, 0x04, 0x10, 0x10, 0x04,
  0x52, 0x0d, 0x12, 0x01, 0x25, 0x1d, 0x12, 0x15, 0x13, 0x14, 0x1d, 0x1f, 0x12, 0x15, 0x15, 0x12,
  0x95, 0x2d, 0x04, 0x12, 0x12, 0x04, 0x52, 0x0c, 0x13, 0x48, 0x31, 0x04, 0x13, 0x13, 0x04, 0x70,
  0xfd, 0x0e, 0x2b, 0x14, 0x5a, 0x04, 0x10, 0x10, 0x04, 0x5a, 0x14, 0x2b, 0x02, 0xba, 0x54, 0x54,
  0x10, 0x0e, 0x52, 0x04, 0x13, 0x13, 0x04, 0x1c, 0x33, 0x35, 0x1e, 0x04, 0x13, 0x13, 0x04, 0x52,
  0x0e, 0x10, 0xfe, 0x54, 0x1f, 0x12, 0x12, 0x12, 0x12, 0x1f, 0x1f, 0x10, 0x15, 0x15, 0x10, 0xd1,
  0x2d, 0x04, 0x13, 0x13, 0x04, 0x52, 0x0a, 0x13, 0x46, 0x2f, 0x04, 0x13, 0x13, 0x04, 0x6f, 0x1a,
  0x54, 0x54, 0x11, 0x0e, 0x52, 0x04, 0x10, 0x10, 0x04, 0x1d, 0x31, 0x33, 0x1f, 0x04, 0x10, 0x10,
  0x04, 0x52, 0x0e, 0x11, 0x13, 0x15, 0x15, 0x10, 0x21, 0x1c, 0x15, 0x10, 0x12, 0x13, 0x1c, 0x21,
  0x1f, 0x2f, 0x04, 0x10, 0x10, 0x04, 0x52, 0x0e, 0x11, 0x46, 0x31, 0x04, 0x11, 0x11, 0x04, 0x70,
  0x02, 0x62, 0x29, 0x08, 0x21, 0x08, 0x10, 0x10, 0x04, 0x5a, 0x05, 0x12, 0x2b, 0x00, 0x00, 0x00,
  0x00, 0x02, 0x00, 0x7d, 0xff, 0xf2, 0x01, 0x31, 0x06, 0x40, 0x00, 0x0b, 0x00, 0x0f, 0x00, 0x00,
  0x36, 0x16, 0x15, 0x14, 0x06, 0x23, 0x22, 0x26, 0x35, 0x34, 0x36, 0x33, 0x13, 0x11, 0x23, 0x11,
  0xfc, 0x35, 0x35, 0x25, 0x25, 0x35, 0x35, 0x25, 0x2b, 0x5a, 0xa5, 0x34, 0x25, 0x26, 0x34, 0x34,
  0x26, 0x25, 0x34, 0x05, 0x9b, 0xfa, 0xd4, 0x05, 0x2c, 0x00, 0x00, 0x00, 0x00, 0x02, 0x00, 0x7d,
  0x03, 0xe5, 0x01, 0xc2, 0x06, 0x3d, 0x00, 0x03, 0x00, 0x07, 0x00, 0x00, 0x13, 0x11, 0x33, 0x11,
  0x33, 0x11, 0x33, 0x11, 0x7d, 0x5a, 0x91, 0x5a, 0x03, 0xe5, 0x02, 0x58, 0xfd, 0xa8, 0x02, 0x58,
  0xfd, 0xa8, 0x00, 0x00, 0x00, 0x02, 0x00, 0x7d, 0x00, 0x82, 0x05, 0xf8, 0x05, 0x96, 0x00, 0x1b,
  0x00, 0x1f, 0x00, 0x00, 0x01, 0x33, 0x13, 0x33, 0x03, 0x21, 0x07, 0x21, 0x07, 0x21, 0x07, 0x21,
  0x03, 0x23, 0x13, 0x23, 0x03, 0x23, 0x13, 0x21, 0x37, 0x21, 0x37, 0x21, 0x37, 0x21, 0x13, 0x33,
  0x13, 0x23, 0x07, 0x33, 0x02, 0xfb, 0xe6, 0x6f, 0x5a, 0x6f, 0x01, 0xbd, 0x17, 0xfe, 0x43, 0x39,
  0x01, 0xbd, 0x17, 0xfe, 0x43, 0x6f, 0x5a, 0x6f, 0xe6, 0x6f, 0x5a, 0x6f, 0xfe, 0x43, 0x17, 0x01,
  0xbd, 0x39, 0xfe, 0x43, 0x17, 0x01, 0xbd, 0x6f, 0x5a, 0x60, 0xe6, 0x39, 0xe6, 0x03, 0xd9, 0x01,
  0xbd, 0xfe, 0x43, 0x5a, 0xe6, 0x5a, 0xfe, 0x43, 0x01, 0xbd, 0xfe, 0x43, 0x01, 0xbd, 0x5a, 0xe6,
  0x5a, 0x01, 0xbd, 0xfd, 0xe9, 0xe6, 0x00, 0x00, 0x00, 0x03, 0x00, 0x64, 0xff, 0xda, 0x03, 0x8f,
  0x06, 0x7e, 0x00, 0x08, 0x00, 0x11, 0x00, 0x3b, 0x00, 0x00, 0x01, 0x11, 0x36, 0x37, 0x36, 0x35,
  0x34, 0x27, 0x26, 0x03, 0x06, 0x07, 0x06, 0x15, 0x14, 0x17, 0x16, 0x17, 0x15, 0x26, 0x27, 0x26,
  0x35, 0x34, 0x37, 0x36, 0x37, 0x35, 0x33, 0x15, 0x16, 0x17, 0x16, 0x17, 0x07, 0x26, 0x27, 0x26,
  0x27, 0x11, 0x16, 0x17, 0x16, 0x15, 0x14, 0x07, 0x06, 0x07, 0x15, 0x23, 0x35, 0x26, 0x27, 0x26,
  0x27, 0x37, 0x16, 0x17, 0x16, 0x17, 0x02, 0x2c, 0x64, 0x4c, 0x5e, 0x5e, 0x4a, 0xc0, 0x3e, 0x2e,
  0x3d, 0x3c, 0x2a, 0x43, 0x68, 0x42, 0x56, 0x56, 0x48, 0x62, 0x5a, 0x58, 0x43, 0x2f, 0x14, 0x4e,
  0x11, 0x22, 0x29, 0x34, 0x89, 0x63, 0x77, 0x77, 0x65, 0x87, 0x5a, 0x90, 0x6b, 0x5f, 0x14, 0x52,
  0x0c, 0x52, 0x51, 0x6d, 0x03, 0x58, 0xfd, 0x65, 0x0f, 0x4c, 0x5e, 0x86, 0x85, 0x5e, 0x4a, 0x02,
  0x5c, 0x0a, 0x2f, 0x3c, 0x56, 0x56, 0x3c, 0x2a, 0x25, 0x5e, 0x2d, 0x43, 0x55, 0x7a, 0x77, 0x56,
  0x49, 0x0b, 0xa3, 0xa5, 0x0f, 0x42, 0x2e, 0x3e, 0x1f, 0x2e, 0x22, 0x28, 0x0d, 0xfe, 0x30, 0x35,
  0x62, 0x77, 0xa8, 0xaa, 0x77, 0x65, 0x10, 0x8c, 0x8b, 0x0b, 0x6b, 0x60, 0x82, 0x1e, 0x73, 0x51,
  0x51, 0x0b, 0x00, 0x00, 0x00, 0x05, 0x00, 0x50, 0x00, 0x03, 0x04, 0x76, 0x05, 0x55, 0x00, 0x03,
  0x00, 0x0f, 0x00, 0x1b, 0x00, 0x27, 0x00, 0x33, 0x00, 0x00, 0x09, 0x01, 0x27, 0x01, 0x04, 0x16,
  0x15, 0x14, 0x06, 0x23, 0x22, 0x26, 0x35, 0x34, 0x36, 0x33, 0x15, 0x22, 0x06, 0x15, 0x14, 0x16,
  0x33, 0x32, 0x36, 0x35, 0x34, 0x26, 0x00, 0x16, 0x15, 0x14, 0x06, 0x23, 0x22, 0x26, 0x35, 0x34,
  0x36, 0x33, 0x15, 0x22, 0x06, 0x15, 0x14, 0x16, 0x33, 0x32, 0x36, 0x35, 0x34, 0x26, 0x04, 0x53,
  0xfc, 0x6a, 0x4a, 0x03, 0x96, 0xfd, 0x8e, 0x87, 0x87, 0x60, 0x60, 0x87, 0x87, 0x60, 0x3c, 0x54,
  0x54, 0x3c, 0x3b, 0x55, 0x55, 0x02, 0x7d, 0x87, 0x87, 0x60, 0x60, 0x87, 0x87, 0x60, 0x3c, 0x54,
  0x54, 0x3c, 0x3b, 0x55, 0x55, 0x05, 0x22, 0xfa, 0xe1, 0x33, 0x05, 0x1f, 0x96, 0x87, 0x60, 0x60,
  0x87, 0x87, 0x60, 0x60, 0x87, 0x57, 0x54, 0x3c, 0x3c, 0x54, 0x54, 0x3c, 0x3c, 0x54, 0xfd, 0xff,
  0x87, 0x60, 0x60, 0x87, 0x87, 0x60, 0x60, 0x87, 0x57, 0x54, 0x3c, 0x3c, 0x54, 0x54, 0x3c, 0x3c,
  0x54, 0x00, 0x00, 0x00, 0x00, 0x01, 0x00, 0x4b, 0xff, 0xed, 0x04, 0xbe, 0x06, 0x53, 0x00, 0x76,
  0x00, 0x00, 0x01, 0x26, 0x27, 0x26, 0x27, 0x26, 0x27, 0x26, 0x23, 0x22, 0x07, 0x06, 0x07, 0x06,
  0x15, 0x14, 0x17, 0x16, 0x17, 0x16, 0x33, 0x32, 0x37, 0x07, 0x06, 0x23, 0x22, 0x27, 0x26, 0x27,
  0x26, 0x35, 0x34, 0x37, 0x36, 0x37, 0x36, 0x33, 0x32, 0x17, 0x16, 0x17, 0x16, 0x17, 0x16, 0x33,
  0x32, 0x37, 0x36, 0x37, 0x36, 0x35, 0x34, 0x27, 0x26, 0x27, 0x26, 0x23, 0x22, 0x07, 0x27, 0x36,
  0x33, 0x32, 0x17, 0x16, 0x17, 0x16, 0x15, 0x14, 0x07, 0x06, 0x07, 0x06, 0x07, 0x06, 0x07, 0x06,
  0x23, 0x22, 0x00, 0x35, 0x34, 0x37, 0x36, 0x37, 0x2e, 0x01, 0x35, 0x34, 0x36, 0x33, 0x32, 0x17,
  0x16, 0x17, 0x07, 0x26, 0x27, 0x26, 0x23, 0x22, 0x06, 0x15, 0x14, 0x1e, 0x01, 0x17, 0x15, 0x07,
  0x0e, 0x01, 0x15, 0x14, 0x16, 0x33, 0x32, 0x37, 0x36, 0x03, 0x93, 0x0d, 0x0c, 0x30, 0x48, 0x30,
  0x14, 0x16, 0x16, 0x0d, 0x0c, 0x24, 0x12, 0x0d, 0x04, 0x0a, 0x1d, 0x13, 0x21, 0x12, 0x17, 0x09,
  0x19, 0x19, 0x28, 0x26, 0x3c, 0x13, 0x07, 0x18, 0x25, 0x46, 0x19, 0x18, 0x2c, 0x29, 0x28, 0x40,
  0x3a, 0x1b, 0x1e, 0x20, 0x12, 0x12, 0x34, 0x1b, 0x11, 0x05, 0x0e, 0x2e, 0x1c, 0x23, 0x19, 0x1d,
  0x01, 0x1c, 0x1c, 0x35, 0x33, 0x4e, 0x18, 0x08, 0x1d, 0x2c, 0x58, 0x1a, 0x18, 0x21, 0x56, 0x8b,
  0xc4, 0xc4, 0xfe, 0xea, 0x89, 0x5e, 0x96, 0x48, 0x97, 0xc6, 0x8d, 0x8c, 0x64, 0x37, 0x15, 0x51,
  0x12, 0x29, 0x49, 0x67, 0x67, 0x92, 0x8d, 0x78, 0x5a, 0x48, 0xdb, 0xdc, 0xe2, 0xa0, 0x9f, 0x71,
  0x42, 0x01, 0x4b, 0x05, 0x07, 0x1b, 0x4b, 0x2c, 0x0b, 0x0c, 0x03, 0x0a, 0x20, 0x16, 0x16, 0x0c,
  0x0d, 0x24, 0x10, 0x0a, 0x03, 0x52, 0x07, 0x15, 0x21, 0x47, 0x19, 0x17, 0x2c, 0x2a, 0x40, 0x13,
  0x07, 0x18, 0x16, 0x43, 0x35, 0x0f, 0x11, 0x05, 0x0e, 0x2f, 0x1f, 0x20, 0x11, 0x12, 0x33, 0x1b,
  0x10, 0x08, 0x59, 0x08, 0x1d, 0x2c, 0x57, 0x1e, 0x1c, 0x37, 0x32, 0x4e, 0x18, 0x07, 0x01, 0x6c,
  0x56, 0x8c, 0x01, 0x16, 0xc5, 0xc4, 0x92, 0x65, 0x32, 0x1f, 0xa1, 0x8d, 0x8a, 0xc7, 0x63, 0x35,
  0x42, 0x20, 0x31, 0x29, 0x48, 0x91, 0x68, 0x67, 0x96, 0x2e, 0x01, 0x54, 0x02, 0x29, 0xf0, 0x9f,
  0xa0, 0xe2, 0x71, 0x42, 0x00, 0x01, 0x00, 0x7d, 0x03, 0xe5, 0x00, 0xd7, 0x06, 0x3d, 0x00, 0x03,
  0x00, 0x00, 0x13, 0x11, 0x33, 0x11, 0x7d, 0x5a, 0x03, 0xe5, 0x02, 0x58, 0xfd, 0xa8, 0x00, 0x00,
  0x00, 0x01, 0x00, 0x64, 0xff, 0x8b, 0x02, 0x5b, 0x06, 0xb5, 0x00, 0x11, 0x00, 0x00, 0x01, 0x06,
  0x07, 0x06, 0x11, 0x10, 0x17, 0x16, 0x17, 0x15, 0x26, 0x27, 0x26, 0x11, 0x10, 0x37, 0x36, 0x37,
  0x02, 0x5b, 0x87, 0x6d, 0xb5, 0xb5, 0x6d, 0x87, 0xa8, 0x83, 0xcc, 0xcc, 0x83, 0xa8, 0x06, 0x5c,
  0x3e, 0x89, 0xe4, 0xfe, 0x6f, 0xfe, 0x6e, 0xe4, 0x89, 0x41, 0x55, 0x3a, 0xa5, 0xfe, 0x01, 0xb8,
  0x01, 0xb7, 0xff, 0xa5, 0x3a, 0x00, 0x00, 0x00, 0x00, 0x01, 0x00, 0x64, 0xff, 0x8b, 0x02, 0x5b,
  0x06, 0xb5, 0x00, 0x11, 0x00, 0x00, 0x13, 0x16, 0x17, 0x16, 0x11, 0x10, 0x07, 0x06, 0x07, 0x35,
  0x36, 0x37, 0x36, 0x11, 0x10, 0x27, 0x26, 0x27, 0x64, 0xa8, 0x83, 0xcc, 0xcc, 0x83, 0xa8, 0x87,
  0x6d, 0xb5, 0xb5, 0x6d, 0x87, 0x06, 0xb5, 0x3a, 0xa5, 0xff, 0xfe, 0x49, 0xfe, 0x48, 0xfe, 0xa5,
  0x3a, 0x55, 0x41, 0x89, 0xe4, 0x01, 0x92, 0x01, 0x91, 0xe4, 0x89, 0x3e, 0x00, 0x01, 0x00, 0x80,
  0x03, 0xe5, 0x02, 0x9f, 0x06, 0x3d, 0x00, 0x11, 0x00, 0x00, 0x01, 0x37, 0x17, 0x07, 0x17, 0x07,
  0x27, 0x15, 0x23, 0x35, 0x07, 0x27, 0x37, 0x27, 0x37, 0x17, 0x35, 0x33, 0x01, 0xbd, 0xae, 0x34,
  0xc1, 0xc1, 0x34, 0xae, 0x5a, 0xaf, 0x34, 0xc1, 0xc1, 0x34, 0xaf, 0x5a, 0x05, 0x68, 0x7a, 0x4a,
  0x87, 0x87, 0x4a, 0x7a, 0xd5, 0xd6, 0x7b, 0x4a, 0x87, 0x87, 0x4a, 0x7b, 0xd6, 0x00, 0x00, 0x00,
  0x00, 0x01, 0x00, 0x7d, 0x00, 0xc0, 0x03, 0x9d, 0x03, 0xe0, 0x00, 0x0b, 0x00, 0x00, 0x01, 0x21,
  0x35, 0x21, 0x11, 0x33, 0x11, 0x21, 0x15, 0x21, 0x11, 0x23, 0x01, 0xe0, 0xfe, 0x9d, 0x01, 0x63,
  0x5a, 0x01, 0x63, 0xfe, 0x9d, 0x5a, 0x02, 0x23, 0x5a, 0x01, 0x63, 0xfe, 0x9d, 0x5a, 0xfe, 0x9d,
  0x00, 0x01, 0x00, 0x0a, 0xff, 0x25, 0x01, 0x17, 0x00, 0xa6, 0x00, 0x03, 0x00, 0x00, 0x25, 0x03,
  0x23, 0x13, 0x01, 0x17, 0xb9, 0x54, 0x67, 0xa6, 0xfe, 0x7f, 0x01, 0x81, 0x00, 0x01, 0x00, 0x7d,
  0x02, 0x23, 0x02, 0xcb, 0x02, 0x7d, 0x00, 0x03, 0x00, 0x00, 0x13, 0x21, 0x15, 0x21, 0x7d, 0x02,
  0x4e, 0xfd, 0xb2, 0x02, 0x7d, 0x5a, 0x00, 0x00, 0x00, 0x01, 0x00, 0x64, 0xff, 0xf2, 0x01, 0x18,
  0x00, 0xa5, 0x00, 0x0b, 0x00, 0x00, 0x36, 0x16, 0x15, 0x14, 0x06, 0x23, 0x22, 0x26, 0x35, 0x34,
  0x36, 0x33, 0xe3, 0x35, 0x35, 0x25, 0x25, 0x35, 0x35, 0x25, 0xa5, 0x34, 0x25, 0x26, 0x34, 0x34,
  0x26, 0x25, 0x34, 0x00, 0x00, 0x01, 0xff, 0xce, 0x00, 0x00, 0x03, 0x09, 0x06, 0x40, 0x00, 0x03,
  0x00, 0x00, 0x01, 0x33, 0x01, 0x23, 0x02, 0xa2, 0x67, 0xfd, 0x2b, 0x66, 0x06, 0x40, 0xf9, 0xc0,
  0x00, 0x02, 0x00, 0x4c, 0xff, 0xe4, 0x04, 0x96, 0x06, 0x40, 0x00, 0x0d, 0x00, 0x1b, 0x00, 0x00,
  0x01, 0x34, 0x00, 0x23, 0x22, 0x00, 0x15, 0x11, 0x14, 0x00, 0x33, 0x32, 0x00, 0x35, 0x33, 0x14,
  0x00, 0x23, 0x22, 0x00, 0x35, 0x11, 0x34, 0x00, 0x33, 0x32, 0x00, 0x15, 0x04, 0x37, 0xfe, 0xf6,
  0xbc, 0xbc, 0xfe, 0xf6, 0x01, 0x0a, 0xbc, 0xbc, 0x01, 0x0a, 0x5f, 0xfe, 0xbf, 0xe4, 0xe3, 0xfe,
  0xbe, 0x01, 0x42, 0xe3, 0xe4, 0x01, 0x41, 0x04, 0x1b, 0xbc, 0x01, 0x09, 0xfe, 0xf7, 0xbc, 0xfd,
  0xee, 0xbc, 0xfe, 0xf7, 0x01, 0x09, 0xbc, 0xe3, 0xfe, 0xbe, 0x01, 0x42, 0xe3, 0x02, 0x12, 0xe3,
  0x01, 0x42, 0xfe, 0xbe, 0xe3, 0x00, 0x00, 0x00, 0x00, 0x01, 0x02, 0x14, 0x00, 0x00, 0x02, 0xcd,
  0x06, 0x40, 0x00, 0x05, 0x00, 0x00, 0x01, 0x11, 0x23, 0x11, 0x23, 0x37, 0x02, 0xcd, 0x5a, 0x5f,
  0x7b, 0x06, 0x40, 0xf9, 0xc0, 0x05, 0xa2, 0x9e, 0x00, 0x01, 0x00, 0x97, 0x00, 0x00, 0x04, 0x4b,
  0x06, 0x56, 0x00, 0x1d, 0x00, 0x00, 0x12, 0x24, 0x3e, 0x01, 0x35, 0x34, 0x26, 0x23, 0x22, 0x07,
  0x06, 0x07, 0x27, 0x36, 0x37, 0x36, 0x33, 0x32, 0x00, 0x15, 0x14, 0x07, 0x0e, 0x01, 0x07, 0x06,
  0x07, 0x21, 0x15, 0x21, 0xca, 0x01, 0x4b, 0xfe, 0xda, 0xe0, 0x9f, 0x9d, 0x71, 0x60, 0x0e, 0x5b,
  0x17, 0x6f, 0x8c, 0xc5, 0xc6, 0x01, 0x17, 0x89, 0x5d, 0xfe, 0x9f, 0x9f, 0x27, 0x03, 0x49, 0xfc,
  0x51, 0x01, 0x36, 0xf7, 0xbf, 0xee, 0x9e, 0x9f, 0xe0, 0x70, 0x60, 0x85, 0x21, 0x96, 0x70, 0x8d,
  0xfe, 0xe8, 0xc6, 0xc5, 0x93, 0x65, 0xbe, 0x77, 0x77, 0xb5, 0x5a, 0x00, 0x00, 0x01, 0x00, 0x97,
  0xff, 0xea, 0x04, 0x4b, 0x06, 0x56, 0x00, 0x2d, 0x00, 0x00, 0x01, 0x27, 0x35, 0x3e, 0x02, 0x35,
  0x34, 0x26, 0x23, 0x22, 0x07, 0x06, 0x07, 0x27, 0x36, 0x37, 0x36, 0x33, 0x32, 0x16, 0x15, 0x14,
  0x06, 0x07, 0x16, 0x17, 0x16, 0x15, 0x14, 0x00, 0x23, 0x22, 0x27, 0x26, 0x27, 0x37, 0x16, 0x17,
  0x16, 0x33, 0x32, 0x36, 0x35, 0x34, 0x26, 0x02, 0x39, 0x4b, 0x5d, 0x77, 0x8b, 0x90, 0x66, 0x65,
  0x49, 0x28, 0x13, 0x56, 0x16, 0x37, 0x65, 0x8d, 0x8f, 0xc7, 0x98, 0x42, 0x90, 0x5f, 0x89, 0xfe,
  0xe9, 0xc6, 0xc5, 0x8c, 0x6f, 0x17, 0x5b, 0x0e, 0x60, 0x71, 0x9d, 0x9f, 0xe0, 0xda, 0x03, 0x7d,
  0x02, 0x5a, 0x01, 0x2e, 0x94, 0x66, 0x67, 0x8f, 0x47, 0x29, 0x33, 0x22, 0x46, 0x35, 0x64, 0xc9,
  0x8b, 0x8e, 0xa3, 0x1b, 0x30, 0x66, 0x93, 0xc5, 0xc6, 0xfe, 0xe8, 0x8d, 0x70, 0x96, 0x21, 0x85,
  0x60, 0x70, 0xe0, 0x9f, 0x9e, 0xee, 0x00, 0x00, 0x00, 0x02, 0x00, 0xad, 0x00, 0x00, 0x04, 0x34,
  0x06, 0x40, 0x00, 0x09, 0x00, 0x0c, 0x00, 0x00, 0x01, 0x33, 0x11, 0x33, 0x15, 0x23, 0x11, 0x23,
  0x11, 0x21, 0x09, 0x01, 0x21, 0x03, 0x41, 0x5a, 0x99, 0x99, 0x5a, 0xfd, 0x6c, 0x02, 0x94, 0xfe,
  0x07, 0x01, 0xf9, 0x06, 0x40, 0xfb, 0xee, 0x5a, 0xfe, 0x2c, 0x01, 0xd4, 0x03, 0xaa, 0xfc, 0xb0,
  0x00, 0x01, 0x00, 0x75, 0xff, 0xf5, 0x04, 0x6e, 0x06, 0x40, 0x00, 0x2d, 0x00, 0x00, 0x01, 0x36,
  0x37, 0x36, 0x33, 0x32, 0x17, 0x16, 0x17, 0x16, 0x15, 0x14, 0x07, 0x06, 0x07, 0x06, 0x23, 0x22,
  0x27, 0x26, 0x27, 0x37, 0x16, 0x17, 0x16, 0x33, 0x32, 0x37, 0x36, 0x37, 0x36, 0x35, 0x34, 0x27,
  0x26, 0x27, 0x26, 0x23, 0x22, 0x07, 0x27, 0x13, 0x35, 0x21, 0x15, 0x21, 0x01, 0x1a, 0x32, 0x3e,
  0x40, 0x3c, 0x6e, 0x65, 0xe2, 0x6e, 0x45, 0x1a, 0x45, 0xcf, 0x7e, 0x86, 0x55, 0x58, 0xb4, 0x66,
  0x40, 0x55, 0xa1, 0x48, 0x46, 0x70, 0x6a, 0xad, 0x3a, 0x16, 0x39, 0x5c, 0xbc, 0x51, 0x61, 0x7f,
  0x9b, 0x48, 0xb8, 0x01, 0xf4, 0xfe, 0x57, 0x04, 0x4f, 0x10, 0x0e, 0x0b, 0x23, 0x4d, 0xcf, 0x81,
  0x87, 0x54, 0x55, 0xe1, 0x6f, 0x43, 0x1b, 0x37, 0x8b, 0x47, 0x7e, 0x31, 0x16, 0x38, 0x5c, 0xbc,
  0x48, 0x46, 0x70, 0x6b, 0xac, 0x42, 0x1c, 0x31, 0x3f, 0x01, 0xfb, 0x20, 0x5a, 0x00, 0x00, 0x00,
  0x00, 0x02, 0x00, 0x49, 0xff, 0xe4, 0x04, 0x99, 0x06, 0x40, 0x00, 0x0b, 0x00, 0x24, 0x00, 0x00,
  0x12, 0x15, 0x14, 0x00, 0x33, 0x32, 0x00, 0x35, 0x34, 0x00, 0x23, 0x22, 0x07, 0x36, 0x33, 0x32,
  0x00, 0x15, 0x14, 0x00, 0x23, 0x22, 0x27, 0x26, 0x27, 0x23, 0x12, 0x00, 0x13, 0x36, 0x37, 0x33,
  0x06, 0x07, 0x00, 0x07, 0x06, 0xae, 0x01, 0x0a, 0xbc, 0xbc, 0x01, 0x0a, 0xfe, 0xf6, 0xbc, 0xbc,
  0xa8, 0x97, 0xcd, 0xe4, 0x01, 0x41, 0xfe, 0xbf, 0xe4, 0xe3, 0xa1, 0x9b, 0x06, 0x06, 0x0a, 0x01,
  0x40, 0xec, 0x0e, 0x0d, 0x7c, 0x14, 0x16, 0xfe, 0xf9, 0x9a, 0x21, 0x02, 0xc5, 0xbc, 0xbc, 0xfe,
  0xf7, 0x01, 0x09, 0xbc, 0xbc, 0x01, 0x0a, 0x23, 0x83, 0xfe, 0xbe, 0xe4, 0xe3, 0xfe, 0xbe, 0xa1,
  0x9b, 0xd8, 0x01, 0x61, 0x01, 0xc0, 0x01, 0x08, 0x10, 0x0f, 0x19, 0x19, 0xfe, 0xda, 0xdb, 0x2e,
  0x00, 0x01, 0x00, 0x99, 0x00, 0x00, 0x04, 0x48, 0x06, 0x40, 0x00, 0x0b, 0x00, 0x00, 0x08, 0x02,
  0x03, 0x23, 0x12, 0x08, 0x01, 0x37, 0x21, 0x35, 0x21, 0x04, 0x42, 0xfd, 0xf3, 0xfe, 0xcc, 0x0a,
  0x5e, 0x0a, 0x01, 0x40, 0x01, 0xd8, 0x27, 0xfc, 0xb7, 0x03, 0xaf, 0x05, 0x3c, 0xfd, 0xb4, 0xfe,
  0x4a, 0xfe, 0xc6, 0x01, 0x61, 0x01, 0xc0, 0x02, 0x10, 0xb5, 0x5a, 0x00, 0x00, 0x03, 0x00, 0x6b,
  0xff, 0xea, 0x04, 0x77, 0x06, 0x56, 0x00, 0x12, 0x00, 0x31, 0x00, 0x46, 0x00, 0x00, 0x25, 0x33,
  0x16, 0x33, 0x32, 0x36, 0x35, 0x34, 0x27, 0x26, 0x27, 0x06, 0x07, 0x06, 0x15, 0x14, 0x16, 0x33,
  0x32, 0x17, 0x06, 0x23, 0x22, 0x00, 0x35, 0x34, 0x37, 0x36, 0x37, 0x2e, 0x01, 0x35, 0x34, 0x36,
  0x3b, 0x01, 0x32, 0x16, 0x15, 0x14, 0x06, 0x07, 0x16, 0x17, 0x16, 0x15, 0x14, 0x00, 0x23, 0x22,
  0x03, 0x26, 0x23, 0x22, 0x06, 0x15, 0x14, 0x16, 0x17, 0x16, 0x17, 0x36, 0x37, 0x3e, 0x01, 0x35,
  0x34, 0x26, 0x23, 0x22, 0x07, 0x02, 0x70, 0x02, 0x14, 0x14, 0x9f, 0xe0, 0x6d, 0x6a, 0xd1, 0xd1,
  0x6a, 0x6d, 0xe0, 0x9f, 0x14, 0x15, 0x14, 0x15, 0xc6, 0xfe, 0xe9, 0x89, 0x5f, 0x90, 0x42, 0x98,
  0xc7, 0x8f, 0x24, 0x8f, 0xc7, 0x98, 0x42, 0x90, 0x5f, 0x89, 0xfe, 0xe9, 0xc6, 0x14, 0x16, 0x08,
  0x09, 0x66, 0x90, 0x8b, 0x3b, 0x1e, 0x24, 0x24, 0x1e, 0x3b, 0x8b, 0x90, 0x66, 0x09, 0x08, 0x4b,
  0x02, 0xe0, 0x9f, 0x9e, 0x77, 0x74, 0x2a, 0x2a, 0x74, 0x77, 0x9e, 0x9f, 0xe0, 0x5d, 0x02, 0x01,
  0x18, 0xc6, 0xc5, 0x93, 0x66, 0x30, 0x1b, 0xa3, 0x8e, 0x8b, 0xc9, 0xc9, 0x8b, 0x8e, 0xa3, 0x1b,
  0x30, 0x66, 0x93, 0xc5, 0xc6, 0xfe, 0xe8, 0x06, 0x0d, 0x01, 0x8f, 0x67, 0x66, 0x94, 0x17, 0x0b,
  0x06, 0x06, 0x0b, 0x17, 0x94, 0x66, 0x67, 0x8f, 0x01, 0x00, 0x00, 0x00, 0x00, 0x02, 0x00, 0x49,
  0xff, 0xe4, 0x04, 0x99, 0x06, 0x40, 0x00, 0x0b, 0x00, 0x24, 0x00, 0x00, 0x00, 0x35, 0x34, 0x00,
  0x23, 0x22, 0x00, 0x15, 0x14, 0x00, 0x33, 0x32, 0x37, 0x06, 0x23, 0x22, 0x00, 0x35, 0x34, 0x00,
  0x33, 0x32, 0x17, 0x16, 0x17, 0x33, 0x02, 0x00, 0x03, 0x06, 0x07, 0x23, 0x36, 0x37, 0x00, 0x37,
  0x36, 0x04, 0x34, 0xfe, 0xf6, 0xbc, 0xbc, 0xfe, 0xf6, 0x01, 0x0a, 0xbc, 0xbc, 0xa8, 0x97, 0xcd,
  0xe4, 0xfe, 0xbf, 0x01, 0x41, 0xe4, 0xe3, 0xa1, 0x9b, 0x06, 0x06, 0x0a, 0xfe, 0xc0, 0xec, 0x0e,
  0x0d, 0x7c, 0x14, 0x16, 0x01, 0x07, 0x9a, 0x21, 0x03, 0x5f, 0xbc, 0xbc, 0x01, 0x09, 0xfe, 0xf7,
  0xbc, 0xbc, 0xfe, 0xf6, 0x23, 0x83, 0x01, 0x42, 0xe4, 0xe3, 0x01, 0x42, 0xa1, 0x9b, 0xd8, 0xfe,
  0x9f, 0xfe, 0x40, 0xfe, 0xf8, 0x10, 0x0f, 0x19, 0x19, 0x01, 0x26, 0xdb, 0x2e, 0x00, 0x00, 0x00,
  0x00, 0x02, 0x00, 0x7d, 0xff, 0xf2, 0x01, 0x31, 0x03, 0x0e, 0x00, 0x0b, 0x00, 0x17, 0x00, 0x00,
  0x36, 0x16, 0x15, 0x14, 0x06, 0x23, 0x22, 0x26, 0x35, 0x34, 0x36, 0x33, 0x12, 0x16, 0x15, 0x14,
  0x06, 0x23, 0x22, 0x26, 0x35, 0x34, 0x36, 0x33, 0xfc, 0x35, 0x35, 0x25, 0x25, 0x35, 0x35, 0x25,
  0x25, 0x35, 0x35, 0x25, 0x25, 0x35, 0x35, 0x25, 0xa5, 0x34, 0x25, 0x26, 0x34, 0x34, 0x26, 0x25,
  0x34, 0x02, 0x69, 0x34, 0x25, 0x26, 0x34, 0x34, 0x26, 0x25, 0x34, 0x00, 0x00, 0x02, 0x00, 0x53,
  0xff, 0x25, 0x01, 0x60, 0x03, 0x0e, 0x00, 0x03, 0x00, 0x0f, 0x00, 0x00, 0x25, 0x03, 0x23, 0x13,
  0x12, 0x16, 0x15, 0x14, 0x06, 0x23, 0x22, 0x26, 0x35, 0x34, 0x36, 0x33, 0x01, 0x60, 0xb9, 0x54,
  0x67, 0x42, 0x35, 0x35, 0x25, 0x25, 0x35, 0x35, 0x25, 0xa6, 0xfe, 0x7f, 0x01, 0x81, 0x02, 0x68,
  0x34, 0x25, 0x26, 0x34, 0x34, 0x26, 0x25, 0x34, 0x00, 0x01, 0x00, 0x64, 0x00, 0x91, 0x04, 0xe1,
  0x03, 0xd5, 0x00, 0x05, 0x00, 0x00, 0x25, 0x09, 0x01, 0x15, 0x09, 0x01, 0x04, 0xe1, 0xfb, 0x83,
  0x04, 0x7d, 0xfc, 0x8a, 0x03, 0x76, 0x91, 0x01, 0xa2, 0x01, 0xa2, 0x60, 0xfe, 0xbe, 0xfe, 0xbe,
  0x00, 0x02, 0x00, 0x7d, 0x01, 0x83, 0x03, 0x9d, 0x03, 0x1d, 0x00, 0x03, 0x00, 0x07, 0x00, 0x00,
  0x13, 0x21, 0x15, 0x21, 0x15, 0x21, 0x15, 0x21, 0x7d, 0x03, 0x20, 0xfc, 0xe0, 0x03, 0x20, 0xfc,
  0xe0, 0x03, 0x1d, 0x5a, 0xe6, 0x5a, 0x00, 0x00, 0x00, 0x01, 0x00, 0x64, 0x00, 0x91, 0x04, 0xe1,
  0x03, 0xd5, 0x00, 0x05, 0x00, 0x00, 0x37, 0x09, 0x01, 0x35, 0x09, 0x01, 0x64, 0x03, 0x76, 0xfc,
  0x8a, 0x04, 0x7d, 0xfb, 0x83, 0xf1, 0x01, 0x42, 0x01, 0x42, 0x60, 0xfe, 0x5e, 0xfe, 0x5e, 0x00,
  0x00, 0x02, 0x00, 0x7f, 0xff, 0xf2, 0x03, 0x25, 0x06, 0x04, 0x00, 0x2e, 0x00, 0x3a, 0x00, 0x00,
  0x00, 0x07, 0x06, 0x15, 0x14, 0x17, 0x07, 0x26, 0x35, 0x34, 0x37, 0x36, 0x37, 0x36, 0x37, 0x36,
  0x35, 0x34, 0x27, 0x26, 0x27, 0x26, 0x23, 0x22, 0x07, 0x06, 0x07, 0x06, 0x15, 0x27, 0x35, 0x34,
  0x37, 0x36, 0x37, 0x36, 0x33, 0x32, 0x17, 0x16, 0x17, 0x16, 0x15, 0x14, 0x07, 0x06, 0x07, 0x02,
  0x16, 0x15, 0x14, 0x06, 0x23, 0x22, 0x26, 0x35, 0x34, 0x36, 0x33, 0x01, 0xc2, 0x3c, 0x28, 0x17,
  0x53, 0x1c, 0x31, 0x50, 0xa1, 0x5f, 0x29, 0x1a, 0x0e, 0x23, 0x5d, 0x35, 0x36, 0x29, 0x2a, 0x61,
  0x2d, 0x19, 0x58, 0x20, 0x3e, 0x84, 0x3a, 0x38, 0x4a, 0x48, 0x7e, 0x2e, 0x14, 0x23, 0x3d, 0x8e,
  0xcc, 0x35, 0x35, 0x25, 0x25, 0x35, 0x35, 0x25, 0x02, 0xcb, 0x7e, 0x52, 0x54, 0x40, 0x41, 0x1d,
  0x50, 0x4e, 0x68, 0x64, 0xa7, 0x7a, 0x5c, 0x56, 0x35, 0x37, 0x29, 0x29, 0x62, 0x2d, 0x19, 0x0f,
  0x22, 0x5c, 0x34, 0x35, 0x04, 0x08, 0x41, 0x40, 0x7f, 0x2e, 0x14, 0x22, 0x3d, 0x83, 0x39, 0x38,
  0x4a, 0x48, 0x7f, 0x6e, 0xfd, 0x73, 0x34, 0x25, 0x26, 0x34, 0x34, 0x26, 0x25, 0x34, 0x00, 0x00,
  0x00, 0x02, 0x00, 0x7d, 0xff, 0x74, 0x05, 0xdd, 0x04, 0xd4, 0x00, 0x0e, 0x00, 0x3f, 0x00, 0x00,
  0x01, 0x35, 0x26, 0x27, 0x26, 0x23, 0x22, 0x06, 0x15, 0x14, 0x16, 0x33, 0x32, 0x37, 0x36, 0x17,
  0x06, 0x23, 0x22, 0x26, 0x35, 0x34, 0x36, 0x33, 0x32, 0x17, 0x35, 0x33, 0x11, 0x16, 0x33, 0x32,
  0x36, 0x35, 0x34, 0x00, 0x23, 0x22, 0x00, 0x15, 0x14, 0x00, 0x33, 0x32, 0x37, 0x17, 0x06, 0x23,
  0x20, 0x00, 0x11, 0x10, 0x00, 0x21, 0x20, 0x00, 0x11, 0x14, 0x02, 0x23, 0x22, 0x27, 0x26, 0x27,
  0x04, 0x40, 0x11, 0x39, 0x52, 0x74, 0x74, 0xa3, 0xa3, 0x74, 0x74, 0x52, 0x39, 0x0f, 0x79, 0x97,
  0x96, 0xd6, 0xd6, 0x96, 0x97, 0x79, 0x51, 0x12, 0x25, 0x2c, 0x9c, 0xfe, 0x9b, 0xfb, 0xfb, 0xfe,
  0x9d, 0x01, 0x63, 0xfb, 0xac, 0x4f, 0x39, 0x78, 0xbc, 0xfe, 0xe4, 0xfe, 0x6b, 0x01, 0x95, 0x01,
  0x1c, 0x01, 0x1d, 0x01, 0x92, 0xb9, 0x70, 0x0d, 0x0c, 0x56, 0x07, 0x01, 0xe3, 0x84, 0x4b, 0x39,
  0x53, 0xa5, 0x75, 0x73, 0xa4, 0x52, 0x39, 0x5f, 0x7f, 0xd6, 0x94, 0x97, 0xd6, 0x7f, 0x72, 0xfd,
  0x78, 0x2b, 0xdd, 0x75, 0xfb, 0x01, 0x65, 0xfe, 0x9b, 0xfb, 0xfb, 0xfe, 0x9d, 0x31, 0x3c, 0x46,
  0x01, 0x94, 0x01, 0x1b, 0x01, 0x1c, 0x01, 0x95, 0xfe, 0x6b, 0xfe, 0xe4, 0x7f, 0xfe, 0xde, 0x02,
  0x12, 0x52, 0x00, 0x00, 0x00, 0x02, 0x00, 0x32, 0x00, 0x00, 0x04, 0xd9, 0x06, 0x65, 0x00, 0x02,
  0x00, 0x09, 0x00, 0x00, 0x01, 0x0b, 0x01, 0x05, 0x21, 0x03, 0x23, 0x09, 0x01, 0x23, 0x03, 0x7a,
  0xf4, 0xf4, 0x02, 0x09, 0xfd, 0xd6, 0xdf, 0x60, 0x02, 0x54, 0x02, 0x53, 0x5f, 0x02, 0xbf, 0x02,
  0x9f, 0xfd, 0x61, 0x5a, 0xfd, 0x9b, 0x06, 0x65, 0xf9, 0x9b, 0x00, 0x00, 0x00, 0x03, 0x00, 0x96,
  0x00, 0x00, 0x03, 0xd0, 0x06, 0x40, 0x00, 0x10, 0x00, 0x1b, 0x00, 0x25, 0x00, 0x00, 0x01, 0x32,
  0x16, 0x15, 0x14, 0x07, 0x16, 0x17, 0x16, 0x15, 0x14, 0x07, 0x06, 0x07, 0x15, 0x21, 0x11, 0x13,
  0x11, 0x33, 0x15, 0x36, 0x37, 0x36, 0x35, 0x34, 0x00, 0x23, 0x03, 0x11, 0x33, 0x36, 0x37, 0x36,
  0x35, 0x34, 0x26, 0x23, 0x01, 0xb2, 0x7b, 0xaf, 0x7f, 0x70, 0x63, 0xa0, 0xa0, 0x95, 0xcf, 0xfe,
  0xca, 0x5a, 0xdc, 0xa7, 0x79, 0x85, 0xfe, 0xf6, 0xbc, 0xbb, 0xd9, 0x4b, 0x35, 0x3d, 0x7a, 0x5a,
  0x06, 0x40, 0xae, 0x7b, 0x7c, 0x6b, 0x17, 0x6d, 0xa1, 0xe4, 0xe3, 0xa6, 0x9a, 0x03, 0x01, 0x06,
  0x40, 0xfd, 0xad, 0xfc, 0x6d, 0x01, 0x0b, 0x7e, 0x89, 0xbc, 0xbc, 0x01, 0x0a, 0x01, 0xf9, 0xfe,
  0x67, 0x07, 0x31, 0x38, 0x5a, 0x5a, 0x75, 0x00, 0x00, 0x01, 0x00, 0x7d, 0xff, 0xed, 0x05, 0xd7,
  0x06, 0x53, 0x00, 0x15, 0x00, 0x00, 0x25, 0x17, 0x06, 0x21, 0x20, 0x00, 0x11, 0x10, 0x00, 0x21,
  0x20, 0x17, 0x07, 0x26, 0x21, 0x20, 0x00, 0x11, 0x10, 0x00, 0x21, 0x20, 0x05, 0x93, 0x44, 0xea,
  0xfe, 0xc3, 0xfe, 0xac, 0xfe, 0x21, 0x01, 0xdf, 0x01, 0x54, 0x01, 0x3d, 0xea, 0x44, 0xce, 0xfe,
  0xeb, 0xfe, 0xd3, 0xfe, 0x56, 0x01, 0xaa, 0x01, 0x2d, 0x01, 0x15, 0xff, 0x3d, 0xd5, 0x01, 0xdf,
  0x01, 0x54, 0x01, 0x53, 0x01, 0xe0, 0xd5, 0x3e, 0xb7, 0xfe, 0x56, 0xfe, 0xd3, 0xfe, 0xd2, 0xfe,
  0x56, 0x00, 0x00, 0x00, 0x00, 0x02, 0x00, 0x96, 0x00, 0x00, 0x04, 0x4b, 0x06, 0x40, 0x00, 0x0a,
  0x00, 0x19, 0x00, 0x00, 0x13, 0x11, 0x33, 0x20, 0x37, 0x36, 0x11, 0x10, 0x27, 0x26, 0x21, 0x27,
  0x33, 0x20, 0x17, 0x16, 0x11, 0x10, 0x07, 0x06, 0x21, 0x23, 0x15, 0x23, 0x11, 0x33, 0xf0, 0x07,
  0x01, 0x64, 0xbf, 0xd5, 0xd5, 0xbf, 0xfe, 0x9c, 0x07, 0x07, 0x01, 0x8b, 0xd9, 0xf0, 0xf0, 0xd9,
  0xfe, 0x75, 0x07, 0x5a, 0x5a, 0x05, 0xe2, 0xfa, 0x7b, 0xc0, 0xd5, 0x01, 0x2e, 0x01, 0x2d, 0xd6,
  0xbf, 0x5c, 0xda, 0xf1, 0xfe, 0xad, 0xfe, 0xac, 0xf0, 0xda, 0x02, 0x06, 0x40, 0x00, 0x00, 0x00,
  0x00, 0x01, 0x00, 0x96, 0x00, 0x00, 0x03, 0xb6, 0x06, 0x40, 0x00, 0x0b, 0x00, 0x00, 0x01, 0x15,
  0x21, 0x11, 0x21, 0x15, 0x21, 0x11, 0x21, 0x15, 0x21, 0x11, 0x03, 0xb6, 0xfd, 0x3a, 0x02, 0xc6,
  0xfd, 0x3a, 0x02, 0xc6, 0xfc, 0xe0, 0x06, 0x40, 0x5a, 0xfd, 0x67, 0x5a, 0xfd, 0x67, 0x5a, 0x06,
  0x40, 0x00, 0x00, 0x00, 0x00, 0x01, 0x00, 0x96, 0x00, 0x00, 0x03, 0x52, 0x06, 0x40, 0x00, 0x09,
  0x00, 0x00, 0x01, 0x15, 0x21, 0x11, 0x21, 0x15, 0x21, 0x11, 0x23, 0x11, 0x03, 0x52, 0xfd, 0x9e,
  0x02, 0x62, 0xfd, 0x9e, 0x5a, 0x06, 0x40, 0x5a, 0xfd, 0x67, 0x5a, 0xfd, 0x0d, 0x06, 0x40, 0x00,
  0x00, 0x01, 0x00, 0x7d, 0xff, 0xed, 0x05, 0xd7, 0x06, 0x53, 0x00, 0x17, 0x00, 0x00, 0x25, 0x06,
  0x21, 0x20, 0x00, 0x11, 0x10, 0x00, 0x21, 0x20, 0x17, 0x07, 0x26, 0x21, 0x20, 0x00, 0x11, 0x10,
  0x00, 0x21, 0x20, 0x37, 0x11, 0x33, 0x05, 0xd1, 0xe4, 0xfe, 0xc3, 0xfe, 0xac, 0xfe, 0x21, 0x01,
  0xdf, 0x01, 0x54, 0x01, 0x3d, 0xea, 0x44, 0xce, 0xfe, 0xeb, 0xfe, 0xd3, 0xfe, 0x56, 0x01, 0xaa,
  0x01, 0x2d, 0x01, 0x02, 0xc5, 0x5a, 0xc7, 0xda, 0x01, 0xdf, 0x01, 0x54, 0x01, 0x53, 0x01, 0xe0,
  0xd5, 0x3e, 0xb7, 0xfe, 0x56, 0xfe, 0xd3, 0xfe, 0xd2, 0xfe, 0x56, 0x9f, 0x01, 0xe8, 0x00, 0x00,
  0x00, 0x01, 0x00, 0x96, 0x00, 0x00, 0x03, 0xe8, 0x06, 0x40, 0x00, 0x0b, 0x00, 0x00, 0x13, 0x11,
  0x23, 0x11, 0x33, 0x11, 0x21, 0x11, 0x33, 0x11, 0x23, 0x11, 0xf0, 0x5a, 0x5a, 0x02, 0x9e, 0x5a,
  0x5a, 0x02, 0xcd, 0xfd, 0x33, 0x06, 0x40, 0xfc, 0xe7, 0x03, 0x19, 0xf9, 0xc0, 0x02, 0xcd, 0x00,
  0x00, 0x01, 0x00, 0xaa, 0x00, 0x00, 0x01, 0x04, 0x06, 0x40, 0x00, 0x03, 0x00, 0x00, 0x01, 0x11,
  0x23, 0x11, 0x01, 0x04, 0x5a, 0x06, 0x40, 0xf9, 0xc0, 0x06, 0x40, 0x00, 0x00, 0x01, 0x00, 0x7d,
  0xff, 0xf2, 0x02, 0xbe, 0x06, 0x40, 0x00, 0x14, 0x00, 0x00, 0x01, 0x14, 0x07, 0x06, 0x23, 0x22,
  0x26, 0x35, 0x37, 0x16, 0x17, 0x16, 0x33, 0x32, 0x37, 0x32, 0x37, 0x36, 0x35, 0x11, 0x33, 0x02,
  0xbe, 0x50, 0x55, 0x79, 0x79, 0xaa, 0x3b, 0x14, 0x41, 0x36, 0x44, 0x0c, 0x0d, 0x53, 0x3c, 0x35,
  0x5a, 0x01, 0x30, 0x98, 0x50, 0x56, 0xab, 0x66, 0x17, 0x6c, 0x36, 0x2e, 0x02, 0x3b, 0x35, 0x7e,
  0x05, 0x06, 0x00, 0x00, 0x00, 0x01, 0x00, 0x96, 0x00, 0x00, 0x03, 0xef, 0x06, 0x40, 0x00, 0x0b,
  0x00, 0x00, 0x13, 0x11, 0x23, 0x11, 0x33, 0x11, 0x01, 0x33, 0x09, 0x01, 0x23, 0x01, 0xf0, 0x5a,
  0x5a, 0x01, 0xff, 0x74, 0xfe, 0x20, 0x02, 0x6c, 0x6f, 0xfd, 0xc8, 0x03, 0x07, 0xfc, 0xf9, 0x06,
  0x40, 0xfd, 0x57, 0x02, 0xa9, 0xfd, 0x7c, 0xfc, 0x44, 0x03, 0x74, 0x00, 0x00, 0x01, 0x00, 0x96,
  0x00, 0x00, 0x03, 0x5c, 0x06, 0x40, 0x00, 0x05, 0x00, 0x00, 0x33, 0x11, 0x33, 0x11, 0x21, 0x15,
  0x96, 0x5a, 0x02, 0x6c, 0x06, 0x40, 0xfa, 0x1a, 0x5a, 0x00, 0x00, 0x00, 0x00, 0x01, 0x00, 0x96,
  0x00, 0x00, 0x06, 0x15, 0x06, 0x40, 0x00, 0x0d, 0x00, 0x00, 0x13, 0x09, 0x01, 0x33, 0x07, 0x11,
  0x23, 0x11, 0x09, 0x01, 0x11, 0x23, 0x11, 0x27, 0xfd, 0x02, 0x59, 0x02, 0x58, 0x67, 0x04, 0x5a,
  0xfd, 0x9f, 0xfd, 0x9e, 0x5a, 0x04, 0x06, 0x40, 0xfb, 0xf0, 0x04, 0x10, 0x07, 0xf9, 0xc7, 0x05,
  0x9d, 0xfb, 0xe2, 0x04, 0x1e, 0xfa, 0x63, 0x06, 0x39, 0x07, 0x00, 0x00, 0x00, 0x01, 0x00, 0x96,
  0x00, 0x00, 0x04, 0x89, 0x06, 0x40, 0x00, 0x09, 0x00, 0x00, 0x13, 0x33, 0x01, 0x11, 0x33, 0x11,
  0x23, 0x01, 0x11, 0x23, 0x96, 0x63, 0x03, 0x36, 0x5a, 0x5a, 0xfc, 0xc1, 0x5a, 0x06, 0x40, 0xfa,
  0x71, 0x05, 0x8f, 0xf9, 0xc0, 0x05, 0x9d, 0xfa, 0x63, 0x00, 0x00, 0x00, 0x00, 0x02, 0x00, 0x7d,
  0xff, 0xed, 0x06, 0xe7, 0x06, 0x57, 0x00, 0x0b, 0x00, 0x17, 0x00, 0x00, 0x08, 0x01, 0x11, 0x10,
  0x00, 0x21, 0x20, 0x00, 0x11, 0x10, 0x00, 0x21, 0x15, 0x20, 0x00, 0x11, 0x10, 0x00, 0x21, 0x20,
  0x00, 0x11, 0x10, 0x00, 0x05, 0x06, 0x01, 0xe1, 0xfe, 0x1f, 0xfe, 0xac, 0xfe, 0xac, 0xfe, 0x1f,
  0x01, 0xe1, 0x01, 0x54, 0xfe, 0xd2, 0xfe, 0x55, 0x01, 0xab, 0x01, 0x2e, 0x01, 0x2e, 0x01, 0xab,
  0xfe, 0x55, 0x06, 0x57, 0xfe, 0x1f, 0xfe, 0xac, 0xfe, 0xac, 0xfe, 0x1f, 0x01, 0xe1, 0x01, 0x54,
  0x01, 0x54, 0x01, 0xe1, 0x5c, 0xfe, 0x55, 0xfe, 0xd2, 0xfe, 0xd2, 0xfe, 0x54, 0x01, 0xac, 0x01,
  0x2e, 0x01, 0x2e, 0x01, 0xab, 0x00, 0x00, 0x00, 0x00, 0x02, 0x00, 0x96, 0x00, 0x00, 0x04, 0x0a,
  0x06, 0x40, 0x00, 0x0b, 0x00, 0x14, 0x00, 0x00, 0x13, 0x11, 0x23, 0x11, 0x21, 0x16, 0x17, 0x16,
  0x15, 0x14, 0x00, 0x23, 0x01, 0x11, 0x21, 0x32, 0x36, 0x35, 0x34, 0x26, 0x23, 0xf0, 0x5a, 0x01,
  0xa4, 0xb7, 0x80, 0x99, 0xfe, 0xce, 0xd8, 0xfe, 0xf0, 0x01, 0x10, 0xb2, 0xfd, 0xfd, 0xb2, 0x02,
  0x2b, 0xfd, 0xd5, 0x06, 0x40, 0x19, 0x80, 0x99, 0xd8, 0xd9, 0xfe, 0xce, 0x03, 0xba, 0xfc, 0xa1,
  0xfd, 0xb3, 0xb3, 0xfc, 0x00, 0x02, 0x00, 0x7d, 0xff, 0x02, 0x06, 0xe7, 0x06, 0x57, 0x00, 0x0b,
  0x00, 0x43, 0x00, 0x00, 0x01, 0x20, 0x00, 0x11, 0x10, 0x00, 0x21, 0x20, 0x00, 0x11, 0x10, 0x00,
  0x01, 0x24, 0x27, 0x26, 0x11, 0x10, 0x00, 0x21, 0x20, 0x00, 0x11, 0x10, 0x07, 0x06, 0x07, 0x16,
  0x17, 0x16, 0x17, 0x16, 0x17, 0x16, 0x33, 0x32, 0x37, 0x36, 0x37, 0x36, 0x37, 0x33, 0x06, 0x07,
  0x06, 0x07, 0x06, 0x23, 0x22, 0x27, 0x26, 0x27, 0x26, 0x27, 0x26, 0x23, 0x22, 0x07, 0x06, 0x07,
  0x06, 0x07, 0x23, 0x36, 0x37, 0x36, 0x37, 0x36, 0x03, 0xb2, 0xfe, 0xd2, 0xfe, 0x55, 0x01, 0xab,
  0x01, 0x2e, 0x01, 0x2e, 0x01, 0xab, 0xfe, 0x55, 0xfe, 0xc9, 0xfe, 0xb2, 0xed, 0xf1, 0x01, 0xe1,
  0x01, 0x54, 0x01, 0x54, 0x01, 0xe1, 0xf0, 0xae, 0xe1, 0x05, 0x05, 0x49, 0x7c, 0x54, 0x22, 0x15,
  0x14, 0x24, 0x22, 0x35, 0x10, 0x05, 0x01, 0x5b, 0x02, 0x08, 0x1b, 0x55, 0x36, 0x3a, 0x21, 0x22,
  0x3c, 0x6e, 0x66, 0x2b, 0x1d, 0x1c, 0x32, 0x2e, 0x4a, 0x16, 0x04, 0x01, 0x5b, 0x02, 0x07, 0x21,
  0x6a, 0x0a, 0x05, 0xfb, 0xfe, 0x55, 0xfe, 0xd2, 0xfe, 0xd2, 0xfe, 0x54, 0x01, 0xac, 0x01, 0x2e,
  0x01, 0x2e, 0x01, 0xab, 0xf9, 0xf2, 0x03, 0xee, 0xf0, 0x01, 0x54, 0x01, 0x54, 0x01, 0xe1, 0xfe,
  0x1f, 0xfe, 0xac, 0xfe, 0xac, 0xf0, 0xae, 0x30, 0x02, 0x01, 0x14, 0x4e, 0x2d, 0x0a, 0x06, 0x13,
  0x1e, 0x3a, 0x10, 0x10, 0x1b, 0x1c, 0x5e, 0x30, 0x1f, 0x0a, 0x10, 0x46, 0x36, 0x0c, 0x08, 0x1a,
  0x2a, 0x51, 0x0c, 0x0c, 0x18, 0x19, 0x74, 0x3c, 0x05, 0x00, 0x00, 0x00, 0x00, 0x02, 0x00, 0x96,
  0x00, 0x00, 0x04, 0x0a, 0x06, 0x40, 0x00, 0x08, 0x00, 0x1a, 0x00, 0x00, 0x13, 0x11, 0x21, 0x32,
  0x36, 0x35, 0x34, 0x26, 0x23, 0x13, 0x06, 0x23, 0x21, 0x11, 0x23, 0x11, 0x21, 0x16, 0x17, 0x16,
  0x15, 0x14, 0x07, 0x06, 0x07, 0x01, 0x23, 0xf0, 0x01, 0x10, 0xb2, 0xfd, 0xfd, 0xb2, 0x1b, 0x0d,
  0x0e, 0xfe, 0xf0, 0x5a, 0x01, 0xa4, 0xb7, 0x80, 0x99, 0x99, 0x6a, 0x89, 0x01, 0x71, 0x6f, 0x05,
  0xe5, 0xfc, 0xa1, 0xfd, 0xb3, 0xb3, 0xfc, 0xfc, 0x47, 0x01, 0xfd, 0xd5, 0x06, 0x40, 0x19, 0x80,
  0x99, 0xd8, 0xd9, 0x99, 0x6a, 0x21, 0xfd, 0xc7, 0x00, 0x01, 0x00, 0x32, 0xff, 0xed, 0x03, 0xe0,
  0x06, 0x53, 0x00, 0x2c, 0x00, 0x00, 0x01, 0x2e, 0x01, 0x35, 0x34, 0x36, 0x33, 0x32, 0x17, 0x16,
  0x17, 0x07, 0x26, 0x27, 0x26, 0x23, 0x22, 0x06, 0x15, 0x14, 0x17, 0x16, 0x17, 0x16, 0x17, 0x16,
  0x15, 0x14, 0x00, 0x23, 0x22, 0x27, 0x26, 0x27, 0x37, 0x16, 0x17, 0x16, 0x33, 0x32, 0x36, 0x35,
  0x34, 0x27, 0x26, 0x02, 0x24, 0xab, 0xc6, 0xc6, 0x8d, 0x8c, 0x64, 0x37, 0x15, 0x51, 0x12, 0x29,
  0x49, 0x67, 0x67, 0x92, 0x49, 0x44, 0x78, 0xc0, 0x83, 0x8b, 0xfe, 0xea, 0xc4, 0xc4, 0x8b, 0x6f,
  0x16, 0x55, 0x0e, 0x61, 0x71, 0x9f, 0xa0, 0xe2, 0x71, 0x63, 0x03, 0x76, 0x39, 0xc6, 0x8d, 0x8a,
  0xc7, 0x63, 0x35, 0x42, 0x20, 0x31, 0x29, 0x48, 0x91, 0x68, 0x67, 0x49, 0x43, 0x38, 0x3e, 0x83,
  0x8a, 0xc4, 0xc5, 0xfe, 0xea, 0x8c, 0x6f, 0x93, 0x1f, 0x82, 0x61, 0x71, 0xe2, 0xa0, 0x9f, 0x71,
  0x63, 0x00, 0x00, 0x00, 0x00, 0x01, 0x00, 0x32, 0x00, 0x00, 0x03, 0xb6, 0x06, 0x40, 0x00, 0x07,
  0x00, 0x00, 0x01, 0x11, 0x23, 0x11, 0x21, 0x35, 0x21, 0x15, 0x02, 0x21, 0x5a, 0xfe, 0x6b, 0x03,
  0x84, 0x05, 0xe6, 0xfa, 0x1a, 0x05, 0xe6, 0x5a, 0x5a, 0x00, 0x00, 0x00, 0x00, 0x01, 0x00, 0x96,
  0xff, 0xf2, 0x04, 0xab, 0x06, 0x40, 0x00, 0x12, 0x00, 0x00, 0x01, 0x33, 0x11, 0x06, 0x07, 0x06,
  0x23, 0x22, 0x00, 0x35, 0x11, 0x33, 0x11, 0x14, 0x16, 0x33, 0x32, 0x36, 0x35, 0x04, 0x50, 0x5b,
  0x19, 0x80, 0x99, 0xd8, 0xd9, 0xfe, 0xce, 0x5b, 0xfd, 0xb3, 0xb3, 0xfc, 0x06, 0x40, 0xfb, 0x82,
  0xb7, 0x80, 0x99, 0x01, 0x32, 0xd8, 0x04, 0x44, 0xfb, 0xbc, 0xb2, 0xfd, 0xfd, 0xb2, 0x00, 0x00,
  0x00, 0x01, 0x00, 0x32, 0xff, 0xdb, 0x04, 0xd9, 0x06, 0x40, 0x00, 0x05, 0x00, 0x00, 0x13, 0x09,
  0x01, 0x33, 0x09, 0x01, 0x91, 0x01, 0xf4, 0x01, 0xf4, 0x60, 0xfd, 0xac, 0xfd, 0xad, 0x06, 0x40,
  0xfa, 0xa2, 0x05, 0x5e, 0xf9, 0x9b, 0x06, 0x65, 0x00, 0x01, 0x00, 0x7d, 0xff, 0xf2, 0x06, 0x0b,
  0x06, 0x40, 0x00, 0x26, 0x00, 0x00, 0x25, 0x11, 0x33, 0x11, 0x16, 0x17, 0x16, 0x33, 0x32, 0x36,
  0x35, 0x11, 0x33, 0x11, 0x06, 0x07, 0x06, 0x23, 0x22, 0x27, 0x26, 0x27, 0x06, 0x07, 0x06, 0x23,
  0x22, 0x27, 0x26, 0x27, 0x11, 0x33, 0x11, 0x14, 0x16, 0x33, 0x32, 0x37, 0x36, 0x03, 0x17, 0x5a,
  0x17, 0x22, 0x5a, 0x7c, 0x7c, 0xb5, 0x5a, 0x03, 0x70, 0x74, 0xa4, 0xa3, 0x74, 0x15, 0x10, 0x10,
  0x15, 0x74, 0xa3, 0xa4, 0x73, 0x71, 0x03, 0x5a, 0xb5, 0x7c, 0x7c, 0x5a, 0x22, 0xf0, 0x05, 0x50,
  0xfa, 0xb0, 0x2b, 0x22, 0x57, 0xb1, 0x7d, 0x04, 0xc6, 0xfb, 0x32, 0x9c, 0x70, 0x74, 0x73, 0x14,
  0x15, 0x15, 0x14, 0x73, 0x74, 0x70, 0x9c, 0x04, 0xce, 0xfb, 0x3a, 0x7d, 0xb1, 0x57, 0x22, 0x00,
  0x00, 0x01, 0x00, 0x32, 0x00, 0x00, 0x04, 0x90, 0x06, 0x40, 0x00, 0x0b, 0x00, 0x00, 0x33, 0x09,
  0x01, 0x33, 0x09, 0x01, 0x33, 0x09, 0x01, 0x23, 0x09, 0x01, 0x32, 0x01, 0xfb, 0xfe, 0x60, 0x67,
  0x01, 0x6c, 0x01, 0x6e, 0x67, 0xfe, 0x5e, 0x01, 0xfd, 0x67, 0xfe, 0x37, 0xfe, 0x38, 0x03, 0x6f,
  0x02, 0xd1, 0xfd, 0x88, 0x02, 0x78, 0xfd, 0x2f, 0xfc, 0x91, 0x03, 0x16, 0xfc, 0xea, 0x00, 0x00,
  0x00, 0x01, 0x00, 0x32, 0x00, 0x00, 0x04, 0xd9, 0x06, 0x40, 0x00, 0x08, 0x00, 0x00, 0x09, 0x01,
  0x33, 0x09, 0x01, 0x33, 0x01, 0x11, 0x23, 0x02, 0x58, 0xfd, 0xda, 0x67, 0x01, 0xec, 0x01, 0xed,
  0x67, 0xfd, 0xd9, 0x5a, 0x02, 0x87, 0x03, 0xb9, 0xfc, 0xab, 0x03, 0x55, 0xfc, 0x47, 0xfd, 0x79,
  0x00, 0x01, 0x00, 0x96, 0x00, 0x00, 0x04, 0x99, 0x06, 0x40, 0x00, 0x07, 0x00, 0x00, 0x01, 0x21,
  0x35, 0x21, 0x01, 0x21, 0x15, 0x21, 0x03, 0xfe, 0xfc, 0x98, 0x04, 0x03, 0xfc, 0x97, 0x03, 0x69,
  0xfb, 0xfd, 0x05, 0xe6, 0x5a, 0xfa, 0x1a, 0x5a, 0x00, 0x01, 0x00, 0x7d, 0xfe, 0x89, 0x01, 0xb3,
  0x06, 0x40, 0x00, 0x07, 0x00, 0x00, 0x13, 0x33, 0x15, 0x21, 0x11, 0x21, 0x15, 0x23, 0xd7, 0xdc,
  0xfe, 0xca, 0x01, 0x36, 0xdc, 0xfe, 0xe3, 0x5a, 0x07, 0xb7, 0x5a, 0x00, 0x00, 0x01, 0xff, 0xce,
  0x00, 0x00, 0x03, 0x09, 0x06, 0x40, 0x00, 0x03, 0x00, 0x00, 0x21, 0x23, 0x01, 0x33, 0x03, 0x09,
  0x66, 0xfd, 0x2b, 0x67, 0x06, 0x40, 0x00, 0x00, 0x00, 0x01, 0x00, 0x7d, 0xfe, 0x89, 0x01, 0xb3,
  0x06, 0x40, 0x00, 0x07, 0x00, 0x00, 0x01, 0x23, 0x35, 0x21, 0x11, 0x21, 0x35, 0x33, 0x01, 0x59,
  0xdc, 0x01, 0x36, 0xfe, 0xca, 0xdc, 0x05, 0xe6, 0x5a, 0xf8, 0x49, 0x5a, 0x00, 0x01, 0x00, 0x64,
  0x04, 0x2a, 0x03, 0x35, 0x06, 0x40, 0x00, 0x06, 0x00, 0x00, 0x09, 0x01, 0x23, 0x09, 0x01, 0x23,
  0x01, 0x02, 0x01, 0x01, 0x34, 0x68, 0xff, 0x00, 0xff, 0x00, 0x69, 0x01, 0x35, 0x06, 0x40, 0xfd,
  0xea, 0x01, 0xbb, 0xfe, 0x45, 0x02, 0x16, 0x00, 0x00, 0x01, 0x00, 0x19, 0xff, 0x88, 0x04, 0x01,
  0xff, 0xe2, 0x00, 0x03, 0x00, 0x00, 0x17, 0x21, 0x15, 0x21, 0x19, 0x03, 0xe8, 0xfc, 0x18, 0x1e,
  0x5a, 0x00, 0x00, 0x00, 0x00, 0x01, 0x00, 0x96, 0x04, 0xb0, 0x01, 0xdf, 0x05, 0x6b, 0x00, 0x03,
  0x00, 0x00, 0x01, 0x17, 0x23, 0x27, 0x01, 0x3c, 0xa3, 0x54, 0xf5, 0x05, 0x6b, 0xbb, 0xbb, 0x00,
  0x00, 0x02, 0x00, 0x7d, 0xff, 0xe4, 0x04, 0xba, 0x04, 0x2f, 0x00, 0x12, 0x00, 0x21, 0x00, 0x00,
  0x21, 0x23, 0x35, 0x06, 0x07, 0x06, 0x23, 0x22, 0x00, 0x35, 0x34, 0x00, 0x33, 0x32, 0x17, 0x16,
  0x17, 0x35, 0x33, 0x03, 0x35, 0x26, 0x27, 0x26, 0x23, 0x22, 0x00, 0x15, 0x14, 0x00, 0x33, 0x32,
  0x37, 0x36, 0x04, 0xba, 0x5a, 0x1a, 0x1f, 0xa1, 0xe4, 0xe3, 0xfe, 0xbe, 0x01, 0x42, 0xe3, 0xe4,
  0xa1, 0x1f, 0x1a, 0x5a, 0x5a, 0x19, 0x64, 0x85, 0xbc, 0xbc, 0xfe, 0xf6, 0x01, 0x0a, 0xbc, 0xbc,
  0x85, 0x64, 0xc8, 0x23, 0x20, 0xa1, 0x01, 0x42, 0xe3, 0xe4, 0x01, 0x42, 0xa1, 0x20, 0x23, 0x8b,
  0xfd, 0xda, 0xb2, 0x84, 0x64, 0x85, 0xfe, 0xf6, 0xbc, 0xbc, 0xfe, 0xf7, 0x85, 0x64, 0x00, 0x00,
  0x00, 0x02, 0x00, 0x96, 0xff, 0xe4, 0x04, 0xd2, 0x06, 0x40, 0x00, 0x12, 0x00, 0x21, 0x00, 0x00,
  0x13, 0x33, 0x11, 0x36, 0x37, 0x36, 0x33, 0x32, 0x00, 0x15, 0x14, 0x00, 0x23, 0x22, 0x27, 0x26,
  0x27, 0x15, 0x23, 0x13, 0x15, 0x16, 0x17, 0x16, 0x33, 0x32, 0x00, 0x35, 0x34, 0x00, 0x23, 0x22,
  0x07, 0x06, 0x96, 0x5a, 0x19, 0x20, 0xa1, 0xe3, 0xe4, 0x01, 0x41, 0xfe, 0xbf, 0xe4, 0xe3, 0xa1,
  0x20, 0x19, 0x5a, 0x5a, 0x1a, 0x62, 0x85, 0xbc, 0xbc, 0x01, 0x0a, 0xfe, 0xf6, 0xbc, 0xbc, 0x85,
  0x62, 0x06, 0x40, 0xfd, 0x0c, 0x22, 0x20, 0xa1, 0xfe, 0xbe, 0xe4, 0xe3, 0xfe, 0xbe, 0xa1, 0x20,
  0x22, 0xc7, 0x02, 0x67, 0xbc, 0x80, 0x62, 0x85, 0x01, 0x09, 0xbc, 0xbc, 0x01, 0x0a, 0x85, 0x62,
  0x00, 0x01, 0x00, 0x5a, 0xff, 0xe4, 0x04, 0x3f, 0x04, 0x2f, 0x00, 0x1d, 0x00, 0x00, 0x25, 0x17,
  0x06, 0x07, 0x06, 0x23, 0x22, 0x00, 0x35, 0x34, 0x00, 0x33, 0x32, 0x17, 0x16, 0x17, 0x07, 0x26,
  0x27, 0x26, 0x23, 0x22, 0x00, 0x15, 0x14, 0x00, 0x33, 0x32, 0x37, 0x36, 0x03, 0xe0, 0x5f, 0x1a,
  0x21, 0xa1, 0xe4, 0xe3, 0xfe, 0xbe, 0x01, 0x42, 0xe3, 0xe4, 0xa1, 0x21, 0x1a, 0x5f, 0x0f, 0x11,
  0x85, 0xbc, 0xbb, 0xfe, 0xf6, 0x01, 0x0a, 0xbb, 0xbc, 0x85, 0x11, 0xec, 0x22, 0x24, 0x21, 0xa1,
  0x01, 0x42, 0xe4, 0xe3, 0x01, 0x42, 0xa1, 0x21, 0x23, 0x23, 0x12, 0x12, 0x84, 0xfe, 0xf7, 0xbc,
  0xbc, 0xfe, 0xf6, 0x85, 0x11, 0x00, 0x00, 0x00, 0x00, 0x02, 0x00, 0x7d, 0xff, 0xe4, 0x04, 0xba,
  0x06, 0x40, 0x00, 0x12, 0x00, 0x21, 0x00, 0x00, 0x21, 0x23, 0x35, 0x06, 0x07, 0x06, 0x23, 0x22,
  0x00, 0x35, 0x34, 0x00, 0x33, 0x32, 0x17, 0x16, 0x17, 0x11, 0x33, 0x03, 0x35, 0x26, 0x27, 0x26,
  0x23, 0x22, 0x00, 0x15, 0x14, 0x00, 0x33, 0x32, 0x37, 0x36, 0x04, 0xba, 0x5a, 0x1a, 0x1f, 0xa1,
  0xe4, 0xe3, 0xfe, 0xbe, 0x01, 0x42, 0xe3, 0xe4, 0xa1, 0x1f, 0x1a, 0x5a, 0x5a, 0x19, 0x64, 0x85,
  0xbc, 0xbc, 0xfe, 0xf6, 0x01, 0x0a, 0xbc, 0xbc, 0x85, 0x64, 0xc8, 0x23, 0x20, 0xa1, 0x01, 0x42,
  0xe3, 0xe4, 0x01, 0x42, 0xa1, 0x20, 0x23, 0x02, 0xf5, 0xfb, 0x70, 0xb2, 0x84, 0x64, 0x85, 0xfe,
  0xf6, 0xbc, 0xbc, 0xfe, 0xf7, 0x85, 0x64, 0x00, 0x00, 0x02, 0x00, 0x5a, 0xff, 0xe4, 0x04, 0x3f,
  0x04, 0x2f, 0x00, 0x18, 0x00, 0x20, 0x00, 0x00, 0x25, 0x16, 0x33, 0x32, 0x37, 0x36, 0x37, 0x17,
  0x06, 0x07, 0x06, 0x23, 0x22, 0x00, 0x35, 0x34, 0x00, 0x33, 0x32, 0x17, 0x16, 0x17, 0x16, 0x17,
  0x07, 0x27, 0x26, 0x23, 0x22, 0x00, 0x15, 0x14, 0x17, 0x01, 0x51, 0x7f, 0xaf, 0xbc, 0x85, 0x11,
  0x0f, 0x5f, 0x1a, 0x21, 0xa1, 0xe4, 0xe3, 0xfe, 0xbe, 0x01, 0x42, 0xe3, 0xc3, 0x92, 0x18, 0x18,
  0x09, 0x08, 0x44, 0x42, 0x75, 0x9b, 0xbb, 0xfe, 0xf6, 0x5a, 0xb8, 0x74, 0x85, 0x11, 0x12, 0x22,
  0x24, 0x21, 0xa1, 0x01, 0x42, 0xe4, 0xe3, 0x01, 0x42, 0x75, 0x14, 0x18, 0x09, 0x09, 0x44, 0x3d,
  0x5a, 0xfe, 0xf7, 0xbc, 0x9b, 0x75, 0x00, 0x00, 0x00, 0x01, 0x00, 0x5a, 0x00, 0x00, 0x02, 0x46,
  0x05, 0xeb, 0x00, 0x17, 0x00, 0x00, 0x01, 0x11, 0x23, 0x11, 0x23, 0x35, 0x33, 0x11, 0x36, 0x37,
  0x36, 0x33, 0x32, 0x17, 0x07, 0x26, 0x23, 0x22, 0x07, 0x06, 0x07, 0x11, 0x33, 0x15, 0x01, 0x18,
  0x5a, 0x64, 0x64, 0x06, 0x4f, 0x52, 0x6b, 0x38, 0x3e, 0x1c, 0x2a, 0x27, 0x47, 0x3f, 0x38, 0x03,
  0xc8, 0x03, 0x7c, 0xfc, 0x84, 0x03, 0x7c, 0x5a, 0x01, 0x0a, 0x6f, 0x50, 0x4c, 0x15, 0x50, 0x12,
  0x39, 0x37, 0x4e, 0xfe, 0xfc, 0x5a, 0x00, 0x00, 0x00, 0x02, 0x00, 0x7d, 0xfe, 0xc0, 0x04, 0xba,
  0x04, 0x2e, 0x00, 0x0e, 0x00, 0x30, 0x00, 0x00, 0x01, 0x26, 0x27, 0x26, 0x23, 0x22, 0x00, 0x15,
  0x14, 0x00, 0x33, 0x32, 0x37, 0x36, 0x37, 0x07, 0x06, 0x07, 0x06, 0x23, 0x22, 0x00, 0x35, 0x34,
  0x00, 0x33, 0x32, 0x17, 0x16, 0x17, 0x35, 0x33, 0x11, 0x14, 0x07, 0x06, 0x23, 0x22, 0x27, 0x26,
  0x27, 0x37, 0x16, 0x17, 0x16, 0x33, 0x32, 0x37, 0x36, 0x04, 0x5f, 0x1a, 0x62, 0x85, 0xbc, 0xbc,
  0xfe, 0xf6, 0x01, 0x0a, 0xbc, 0xbc, 0x85, 0x61, 0x1b, 0x02, 0x19, 0x1d, 0xa1, 0xe4, 0xe3, 0xfe,
  0xbe, 0x01, 0x42, 0xe3, 0xe4, 0xa1, 0x1f, 0x1a, 0x5a, 0x9d, 0xa1, 0xe3, 0xe4, 0xa1, 0x21, 0x1a,
  0x5f, 0x0f, 0x11, 0x85, 0xbc, 0xbb, 0x85, 0x79, 0x02, 0x67, 0x81, 0x62, 0x85, 0xfe, 0xf6, 0xbc,
  0xbc, 0xfe, 0xf6, 0x85, 0x61, 0x80, 0xe6, 0x20, 0x1e, 0xa1, 0x01, 0x42, 0xe3, 0xe4, 0x01, 0x41,
  0xa0, 0x20, 0x23, 0x8b, 0xfd, 0x05, 0xdd, 0x9d, 0xa1, 0xa1, 0x21, 0x24, 0x22, 0x12, 0x11, 0x85,
  0x85, 0x79, 0x00, 0x00, 0x00, 0x01, 0x00, 0x96, 0x00, 0x00, 0x03, 0x8d, 0x06, 0x40, 0x00, 0x13,
  0x00, 0x00, 0x13, 0x33, 0x11, 0x36, 0x33, 0x32, 0x16, 0x17, 0x11, 0x23, 0x11, 0x34, 0x26, 0x23,
  0x22, 0x07, 0x06, 0x07, 0x11, 0x23, 0x96, 0x5a, 0x72, 0xa0, 0xae, 0xda, 0x03, 0x5a, 0xb5, 0x7c,
  0x7c, 0x5a, 0x28, 0x14, 0x5a, 0x06, 0x40, 0xfd, 0x63, 0x6e, 0xda, 0xa6, 0xfd, 0x6f, 0x02, 0x89,
  0x7d, 0xb1, 0x57, 0x28, 0x2b, 0xfc, 0xf3, 0x00, 0x00, 0x02, 0x00, 0x7d, 0x00, 0x00, 0x01, 0x31,
  0x05, 0x32, 0x00, 0x03, 0x00, 0x0f, 0x00, 0x00, 0x01, 0x11, 0x23, 0x11, 0x12, 0x16, 0x15, 0x14,
  0x06, 0x23, 0x22, 0x26, 0x35, 0x34, 0x36, 0x33, 0x01, 0x04, 0x5a, 0x52, 0x35, 0x35, 0x25, 0x25,
  0x35, 0x35, 0x25, 0x03, 0xd6, 0xfc, 0x2a, 0x03, 0xd6, 0x01, 0x5c, 0x34, 0x25, 0x26, 0x34, 0x34,
  0x26, 0x25, 0x34, 0x00, 0x00, 0x02, 0x00, 0x31, 0xff, 0x1c, 0x01, 0x31, 0x05, 0x32, 0x00, 0x07,
  0x00, 0x13, 0x00, 0x00, 0x17, 0x36, 0x35, 0x11, 0x33, 0x11, 0x14, 0x07, 0x12, 0x16, 0x15, 0x14,
  0x06, 0x23, 0x22, 0x26, 0x35, 0x34, 0x36, 0x33, 0x31, 0x79, 0x5a, 0xd3, 0xcb, 0x35, 0x35, 0x25,
  0x25, 0x35, 0x35, 0x25, 0x8a, 0x0e, 0x7a, 0x03, 0xd8, 0xfc, 0x2a, 0xd3, 0x11, 0x06, 0x16, 0x34,
  0x25, 0x26, 0x34, 0x34, 0x26, 0x25, 0x34, 0x00, 0x00, 0x01, 0x00, 0x96, 0x00, 0x00, 0x03, 0x05,
  0x05, 0x78, 0x00, 0x0b, 0x00, 0x00, 0x01, 0x03, 0x01, 0x23, 0x01, 0x07, 0x11, 0x23, 0x11, 0x33,
  0x11, 0x01, 0x02, 0x75, 0xf2, 0x01, 0x82, 0x70, 0xfe, 0xb3, 0x58, 0x5a, 0x5a, 0x01, 0x11, 0x03,
  0xd6, 0xfe, 0xd4, 0xfd, 0x56, 0x02, 0x62, 0x6d, 0xfe, 0x0b, 0x05, 0x78, 0xfd, 0x0d, 0x01, 0x51,
  0x00, 0x01, 0x00, 0x96, 0x00, 0x00, 0x00, 0xf0, 0x06, 0x40, 0x00, 0x03, 0x00, 0x00, 0x13, 0x11,
  0x23, 0x11, 0xf0, 0x5a, 0x06, 0x40, 0xf9, 0xc0, 0x06, 0x40, 0x00, 0x00, 0x00, 0x01, 0x00, 0x96,
  0x00, 0x00, 0x04, 0xc9, 0x04, 0x10, 0x00, 0x29, 0x00, 0x00, 0x13, 0x33, 0x15, 0x36, 0x33, 0x32,
  0x17, 0x16, 0x17, 0x36, 0x37, 0x36, 0x33, 0x32, 0x17, 0x16, 0x17, 0x11, 0x23, 0x11, 0x33, 0x26,
  0x27, 0x26, 0x23, 0x22, 0x06, 0x15, 0x11, 0x23, 0x11, 0x33, 0x26, 0x27, 0x26, 0x23, 0x22, 0x07,
  0x06, 0x07, 0x11, 0x23, 0x96, 0x5a, 0x54, 0x75, 0x79, 0x55, 0x17, 0x11, 0x11, 0x18, 0x55, 0x79,
  0x79, 0x55, 0x51, 0x04, 0x5a, 0x01, 0x04, 0x37, 0x3c, 0x53, 0x53, 0x77, 0x5a, 0x01, 0x04, 0x37,
  0x3c, 0x53, 0x53, 0x3b, 0x34, 0x07, 0x5a, 0x03, 0xd6, 0x17, 0x51, 0x55, 0x17, 0x1b, 0x1a, 0x18,
  0x55, 0x55, 0x52, 0x73, 0xfd, 0x0a, 0x02, 0xf6, 0x4e, 0x37, 0x3b, 0x76, 0x58, 0xfd, 0x18, 0x02,
  0xf6, 0x4e, 0x37, 0x3b, 0x3b, 0x33, 0x4a, 0xfd, 0x02, 0x00, 0x00, 0x00, 0x00, 0x01, 0x00, 0x96,
  0x00, 0x00, 0x03, 0x99, 0x04, 0x11, 0x00, 0x13, 0x00, 0x00, 0x13, 0x11, 0x23, 0x11, 0x33, 0x15,
  0x36, 0x33, 0x32, 0x16, 0x17, 0x11, 0x23, 0x11, 0x34, 0x26, 0x23, 0x22, 0x07, 0x06, 0xf0, 0x5a,
  0x5a, 0x7b, 0xa3, 0xae, 0xda, 0x03, 0x5a, 0xb5, 0x7c, 0x7c, 0x5a, 0x31, 0x02, 0xfb, 0xfd, 0x05,
  0x03, 0xd6, 0x3f, 0x7a, 0xda, 0xa6, 0xfd, 0x6f, 0x02, 0x89, 0x7d, 0xb1, 0x57, 0x31, 0x00, 0x00,
  0x00, 0x02, 0x00, 0x5a, 0xff, 0xe4, 0x04, 0xa4, 0x04, 0x2f, 0x00, 0x0b, 0x00, 0x17, 0x00, 0x00,
  0x01, 0x32, 0x00, 0x15, 0x14, 0x00, 0x23, 0x22, 0x00, 0x35, 0x34, 0x00, 0x16, 0x00, 0x15, 0x14,
  0x00, 0x33, 0x32, 0x00, 0x35, 0x34, 0x00, 0x23, 0x02, 0x7f, 0xe4, 0x01, 0x41, 0xfe, 0xbf, 0xe4,
  0xe3, 0xfe, 0xbe, 0x01, 0x42, 0x27, 0xfe, 0xf6, 0x01, 0x0a, 0xbc, 0xbc, 0x01, 0x0a, 0xfe, 0xf6,
  0xbc, 0x04, 0x2f, 0xfe, 0xbe, 0xe4, 0xe3, 0xfe, 0xbe, 0x01, 0x42, 0xe3, 0xe4, 0x01, 0x42, 0x60,
  0xfe, 0xf6, 0xbc, 0xbc, 0xfe, 0xf7, 0x01, 0x09, 0xbc, 0xbc, 0x01, 0x0a, 0x00, 0x02, 0x00, 0x96,
  0xfe, 0x89, 0x04, 0xd2, 0x04, 0x2e, 0x00, 0x12, 0x00, 0x21, 0x00, 0x00, 0x13, 0x33, 0x15, 0x36,
  0x37, 0x36, 0x33, 0x32, 0x00, 0x15, 0x14, 0x00, 0x23, 0x22, 0x27, 0x26, 0x27, 0x11, 0x23, 0x13,
  0x15, 0x16, 0x17, 0x16, 0x33, 0x32, 0x00, 0x35, 0x34, 0x00, 0x23, 0x22, 0x07, 0x06, 0x96, 0x5a,
  0x19, 0x20, 0xa1, 0xe3, 0xe4, 0x01, 0x41, 0xfe, 0xbf, 0xe4, 0xe3, 0xa1, 0x20, 0x19, 0x5a, 0x5a,
  0x1a, 0x62, 0x85, 0xbc, 0xbc, 0x01, 0x0a, 0xfe, 0xf6, 0xbc, 0xbc, 0x85, 0x62, 0x03, 0xd6, 0x8a,
  0x22, 0x20, 0xa0, 0xfe, 0xbf, 0xe4, 0xe3, 0xfe, 0xbe, 0xa1, 0x20, 0x22, 0xfd, 0xc2, 0x03, 0xde,
  0xbc, 0x81, 0x62, 0x85, 0x01, 0x0a, 0xbc, 0xbc, 0x01, 0x0a, 0x85, 0x62, 0x00, 0x02, 0x00, 0x64,
  0xfe, 0x89, 0x04, 0xa1, 0x04, 0x2e, 0x00, 0x12, 0x00, 0x21, 0x00, 0x00, 0x01, 0x23, 0x11, 0x06,
  0x07, 0x06, 0x23, 0x22, 0x00, 0x35, 0x34, 0x00, 0x33, 0x32, 0x17, 0x16, 0x17, 0x35, 0x33, 0x03,
  0x35, 0x26, 0x27, 0x26, 0x23, 0x22, 0x00, 0x15, 0x14, 0x00, 0x33, 0x32, 0x37, 0x36, 0x04, 0xa1,
  0x5a, 0x1a, 0x1f, 0xa1, 0xe4, 0xe3, 0xfe, 0xbe, 0x01, 0x42, 0xe3, 0xe4, 0xa1, 0x1f, 0x1a, 0x5a,
  0x5a, 0x19, 0x64, 0x85, 0xbc, 0xbc, 0xfe, 0xf6, 0x01, 0x0a, 0xbc, 0xbc, 0x85, 0x64, 0xfe, 0x89,
  0x02, 0x3f, 0x23, 0x20, 0xa1, 0x01, 0x42, 0xe3, 0xe4, 0x01, 0x41, 0xa0, 0x20, 0x23, 0x8b, 0xfd,
  0xda, 0xb2, 0x84, 0x64, 0x85, 0xfe, 0xf6, 0xbc, 0xbc, 0xfe, 0xf6, 0x85, 0x64, 0x00, 0x00, 0x00,
  0x00, 0x01, 0x00, 0x96, 0x00, 0x00, 0x02, 0x25, 0x03, 0xed, 0x00, 0x0d, 0x00, 0x00, 0x13, 0x33,
  0x15, 0x36, 0x37, 0x36, 0x37, 0x15, 0x06, 0x07, 0x06, 0x07, 0x11, 0x23, 0x96, 0x5a, 0x1c, 0x25,
  0x77, 0x7d, 0x55, 0x5b, 0x80, 0x05, 0x5a, 0x03, 0xd6, 0xb3, 0x28, 0x25, 0x77, 0x06, 0x62, 0x04,
  0x5b, 0x7f, 0xb2, 0xfe, 0x05, 0x00, 0x00, 0x00, 0x00, 0x01, 0x00, 0x73, 0xff, 0xe8, 0x02, 0xb9,
  0x03, 0xf6, 0x00, 0x2b, 0x00, 0x00, 0x01, 0x26, 0x27, 0x26, 0x35, 0x34, 0x36, 0x33, 0x32, 0x17,
  0x16, 0x1d, 0x01, 0x07, 0x2e, 0x01, 0x23, 0x22, 0x06, 0x15, 0x14, 0x17, 0x16, 0x17, 0x16, 0x17,
  0x16, 0x15, 0x14, 0x06, 0x23, 0x22, 0x26, 0x35, 0x37, 0x14, 0x16, 0x33, 0x32, 0x36, 0x35, 0x34,
  0x27, 0x26, 0x01, 0xa4, 0x73, 0x2c, 0x45, 0x8a, 0x61, 0x62, 0x40, 0x3e, 0x4e, 0x0a, 0x4b, 0x3d,
  0x3c, 0x56, 0x2b, 0x19, 0x51, 0x80, 0x36, 0x55, 0xaa, 0x79, 0x79, 0xaa, 0x59, 0x77, 0x53, 0x53,
  0x77, 0x3b, 0x20, 0x01, 0xf9, 0x3e, 0x2c, 0x45, 0x61, 0x62, 0x8b, 0x40, 0x3f, 0x50, 0x05, 0x1f,
  0x4c, 0x4c, 0x55, 0x3d, 0x3c, 0x2b, 0x19, 0x33, 0x46, 0x36, 0x56, 0x77, 0x7a, 0xab, 0xab, 0x66,
  0x17, 0x58, 0x76, 0x76, 0x55, 0x53, 0x3b, 0x20, 0x00, 0x01, 0x00, 0x5a, 0x00, 0x00, 0x02, 0x44,
  0x05, 0x78, 0x00, 0x0b, 0x00, 0x00, 0x01, 0x11, 0x33, 0x11, 0x33, 0x15, 0x23, 0x11, 0x23, 0x11,
  0x23, 0x35, 0x01, 0x22, 0x5a, 0xc8, 0xc8, 0x5a, 0xc8, 0x03, 0xd6, 0x01, 0xa2, 0xfe, 0x5e, 0x5a,
  0xfc, 0x84, 0x03, 0x7c, 0x5a, 0x00, 0x00, 0x00, 0x00, 0x01, 0x00, 0x96, 0xff, 0xf2, 0x03, 0xb5,
  0x03, 0xd6, 0x00, 0x13, 0x00, 0x00, 0x05, 0x22, 0x26, 0x27, 0x11, 0x33, 0x11, 0x14, 0x17, 0x16,
  0x33, 0x32, 0x36, 0x35, 0x11, 0x33, 0x11, 0x06, 0x07, 0x06, 0x02, 0x2b, 0xb8, 0xda, 0x03, 0x5a,
  0x5b, 0x5a, 0x85, 0x7c, 0xb5, 0x5a, 0x03, 0x6d, 0x6d, 0x0e, 0xda, 0xa6, 0x02, 0x64, 0xfd, 0xa4,
  0x7d, 0x58, 0x59, 0xb1, 0x7d, 0x02, 0x5c, 0xfd, 0x9c, 0xa6, 0x6d, 0x6d, 0x00, 0x01, 0x00, 0x32,
  0xff, 0xe5, 0x03, 0xf6, 0x03, 0xd6, 0x00, 0x05, 0x00, 0x00, 0x25, 0x01, 0x33, 0x09, 0x01, 0x33,
  0x02, 0x14, 0x01, 0x7a, 0x68, 0xfe, 0x1e, 0xfe, 0x1e, 0x68, 0xa4, 0x03, 0x32, 0xfc, 0x0f, 0x03,
  0xf1, 0x00, 0x00, 0x00, 0x00, 0x01, 0x00, 0x96, 0xff, 0xf2, 0x04, 0xc9, 0x03, 0xd6, 0x00, 0x29,
  0x00, 0x00, 0x01, 0x11, 0x33, 0x11, 0x14, 0x16, 0x33, 0x32, 0x37, 0x36, 0x37, 0x23, 0x11, 0x33,
  0x11, 0x06, 0x07, 0x06, 0x23, 0x22, 0x27, 0x26, 0x27, 0x06, 0x07, 0x06, 0x23, 0x22, 0x27, 0x26,
  0x27, 0x11, 0x33, 0x11, 0x23, 0x16, 0x17, 0x16, 0x33, 0x32, 0x37, 0x36, 0x02, 0x82, 0x5a, 0x77,
  0x53, 0x53, 0x3c, 0x37, 0x04, 0x01, 0x5a, 0x04, 0x51, 0x55, 0x79, 0x79, 0x55, 0x17, 0x11, 0x11,
  0x18, 0x55, 0x79, 0x79, 0x55, 0x51, 0x04, 0x5a, 0x01, 0x04, 0x38, 0x3b, 0x53, 0x53, 0x3c, 0x33,
  0x01, 0x04, 0x02, 0xd2, 0xfd, 0x44, 0x58, 0x76, 0x3b, 0x37, 0x4e, 0x02, 0xca, 0xfd, 0x36, 0x73,
  0x51, 0x56, 0x56, 0x17, 0x19, 0x19, 0x17, 0x56, 0x56, 0x51, 0x73, 0x02, 0xca, 0xfd, 0x36, 0x4e,
  0x37, 0x3b, 0x3b, 0x33, 0x00, 0x01, 0x00, 0x4b, 0x00, 0x00, 0x03, 0x1c, 0x03, 0xd6, 0x00, 0x0f,
  0x00, 0x00, 0x01, 0x03, 0x07, 0x17, 0x01, 0x23, 0x09, 0x01, 0x23, 0x01, 0x37, 0x27, 0x03, 0x33,
  0x1b, 0x01, 0x02, 0xe5, 0xfd, 0x03, 0x03, 0x01, 0x34, 0x68, 0xff, 0x00, 0xff, 0x00, 0x69, 0x01,
  0x35, 0x03, 0x03, 0xfd, 0x68, 0xc9, 0xc8, 0x03, 0xd6, 0xfe, 0x4a, 0x05, 0x05, 0xfd, 0xea, 0x01,
  0xbb, 0xfe, 0x45, 0x02, 0x16, 0x05, 0x05, 0x01, 0xb6, 0xfe, 0xa5, 0x01, 0x5b, 0x00, 0x00, 0x00,
  0x00, 0x01, 0x00, 0x4b, 0xfe, 0x89, 0x03, 0xa2, 0x03, 0xd6, 0x00, 0x09, 0x00, 0x00, 0x25, 0x03,
  0x23, 0x09, 0x01, 0x33, 0x09, 0x01, 0x33, 0x01, 0x01, 0xf7, 0xde, 0x58, 0x01, 0x09, 0xfe, 0x81,
  0x66, 0x01, 0x46, 0x01, 0x46, 0x65, 0xfe, 0x55, 0x58, 0xfe, 0x31, 0x02, 0x2c, 0x03, 0x21, 0xfd,
  0x40, 0x02, 0xc0, 0xfc, 0x81, 0x00, 0x00, 0x00, 0x00, 0x01, 0x00, 0x96, 0x00, 0x00, 0x03, 0x52,
  0x03, 0xd6, 0x00, 0x07, 0x00, 0x00, 0x01, 0x21, 0x35, 0x21, 0x01, 0x21, 0x15, 0x21, 0x02, 0x91,
  0xfe, 0x05, 0x02, 0x96, 0xfe, 0x04, 0x02, 0x22, 0xfd, 0x44, 0x03, 0x7c, 0x5a, 0xfc, 0x84, 0x5a,
  0x00, 0x01, 0x00, 0x7d, 0xfe, 0x89, 0x02, 0xe5, 0x06, 0x40, 0x00, 0x4e, 0x00, 0x00, 0x13, 0x16,
  0x33, 0x32, 0x37, 0x36, 0x37, 0x36, 0x35, 0x34, 0x27, 0x26, 0x35, 0x34, 0x37, 0x36, 0x37, 0x36,
  0x33, 0x32, 0x17, 0x15, 0x26, 0x23, 0x22, 0x07, 0x06, 0x07, 0x06, 0x15, 0x14, 0x17, 0x16, 0x15,
  0x14, 0x07, 0x06, 0x07, 0x06, 0x07, 0x16, 0x17, 0x16, 0x17, 0x16, 0x15, 0x14, 0x07, 0x06, 0x15,
  0x14, 0x17, 0x16, 0x17, 0x16, 0x33, 0x32, 0x37, 0x15, 0x06, 0x23, 0x22, 0x27, 0x26, 0x27, 0x26,
  0x35, 0x34, 0x37, 0x36, 0x35, 0x34, 0x27, 0x26, 0x27, 0x26, 0x23, 0x22, 0x07, 0x7d, 0x09, 0x0b,
  0x2e, 0x4d, 0x73, 0x24, 0x13, 0x06, 0x0e, 0x10, 0x1e, 0x67, 0x41, 0x47, 0x13, 0x13, 0x12, 0x12,
  0x34, 0x31, 0x4b, 0x16, 0x0f, 0x03, 0x10, 0x15, 0x2c, 0x8d, 0x11, 0x12, 0x12, 0x11, 0x8d, 0x2c,
  0x15, 0x10, 0x03, 0x0f, 0x16, 0x4b, 0x33, 0x35, 0x10, 0x11, 0x13, 0x13, 0x47, 0x41, 0x67, 0x1e,
  0x10, 0x0e, 0x06, 0x13, 0x24, 0x73, 0x4d, 0x2e, 0x0b, 0x09, 0x02, 0x8d, 0x03, 0x2c, 0x42, 0x81,
  0x48, 0x50, 0x2c, 0x2e, 0x48, 0x3f, 0x43, 0x3b, 0x70, 0x3a, 0x26, 0x03, 0x4b, 0x03, 0x1b, 0x2b,
  0x53, 0x37, 0x46, 0x1e, 0x22, 0x4c, 0x49, 0x55, 0x50, 0x9e, 0x51, 0x09, 0x08, 0x09, 0x09, 0x51,
  0x9e, 0x50, 0x55, 0x49, 0x4c, 0x22, 0x1e, 0x46, 0x37, 0x53, 0x2a, 0x1c, 0x02, 0x4a, 0x03, 0x26,
  0x3a, 0x71, 0x3b, 0x43, 0x3f, 0x47, 0x2e, 0x2c, 0x50, 0x48, 0x81, 0x42, 0x2c, 0x03, 0x00, 0x00,
  0x00, 0x01, 0x00, 0x96, 0xfe, 0x89, 0x00, 0xf0, 0x06, 0x40, 0x00, 0x03, 0x00, 0x00, 0x13, 0x11,
  0x23, 0x11, 0xf0, 0x5a, 0x06, 0x40, 0xf8, 0x49, 0x07, 0xb7, 0x00, 0x00, 0x00, 0x01, 0x00, 0x7d,
  0xfe, 0x89, 0x02, 0xe5, 0x06, 0x40, 0x00, 0x4e, 0x00, 0x00, 0x01, 0x26, 0x23, 0x22, 0x07, 0x06,
  0x07, 0x06, 0x15, 0x14, 0x17, 0x16, 0x15, 0x14, 0x07, 0x06, 0x07, 0x06, 0x23, 0x22, 0x27, 0x35,
  0x16, 0x33, 0x32, 0x37, 0x36, 0x37, 0x36, 0x35, 0x34, 0x27, 0x26, 0x35, 0x34, 0x37, 0x36, 0x37,
  0x36, 0x37, 0x26, 0x27, 0x26, 0x27, 0x26, 0x35, 0x34, 0x37, 0x36, 0x35, 0x34, 0x27, 0x26, 0x27,
  0x26, 0x23, 0x22, 0x07, 0x35, 0x36, 0x33, 0x32, 0x17, 0x16, 0x17, 0x16, 0x15, 0x14, 0x07, 0x06,
  0x15, 0x14, 0x17, 0x16, 0x17, 0x16, 0x33, 0x32, 0x37, 0x02, 0xe5, 0x09, 0x0b, 0x2e, 0x4d, 0x73,
  0x24, 0x13, 0x06, 0x0e, 0x10, 0x1e, 0x67, 0x41, 0x47, 0x13, 0x13, 0x11, 0x10, 0x35, 0x33, 0x4b,
  0x16, 0x0f, 0x03, 0x10, 0x15, 0x2c, 0x8d, 0x11, 0x12, 0x12, 0x11, 0x8d, 0x2c, 0x15, 0x10, 0x03,
  0x0f, 0x16, 0x4b, 0x31, 0x34, 0x12, 0x12, 0x13, 0x13, 0x47, 0x41, 0x67, 0x1e, 0x10, 0x0e, 0x06,
  0x13, 0x24, 0x73, 0x4d, 0x2e, 0x0b, 0x09, 0x02, 0x3c, 0x03, 0x2c, 0x42, 0x81, 0x48, 0x50, 0x2c,
  0x2e, 0x47, 0x3f, 0x43, 0x3b, 0x71, 0x3a, 0x26, 0x03, 0x4a, 0x02, 0x1c, 0x2a, 0x53, 0x37, 0x46,
  0x1e, 0x22, 0x4c, 0x49, 0x55, 0x50, 0x9e, 0x51, 0x09, 0x09, 0x08, 0x09, 0x51, 0x9e, 0x50, 0x55,
  0x49, 0x4c, 0x22, 0x1e, 0x46, 0x37, 0x53, 0x2b, 0x1b, 0x03, 0x4b, 0x03, 0x26, 0x3a, 0x70, 0x3b,
  0x43, 0x3f, 0x48, 0x2e, 0x2c, 0x50, 0x48, 0x81, 0x42, 0x2c, 0x03, 0x00, 0x00, 0x01, 0x00, 0x7d,
  0x02, 0x99, 0x04, 0x80, 0x03, 0xc0, 0x00, 0x21, 0x00, 0x00, 0x01, 0x16, 0x33, 0x32, 0x37, 0x36,
  0x37, 0x36, 0x35, 0x17, 0x06, 0x07, 0x06, 0x07, 0x06, 0x23, 0x22, 0x27, 0x26, 0x23, 0x22, 0x07,
  0x06, 0x07, 0x06, 0x07, 0x27, 0x36, 0x37, 0x36, 0x37, 0x36, 0x33, 0x32, 0x02, 0x7e, 0xbc, 0x55,
  0x0f, 0x0c, 0x4d, 0x1f, 0x0f, 0x5b, 0x04, 0x13, 0x2e, 0x6e, 0x19, 0x1f, 0x69, 0xad, 0xbe, 0x54,
  0x0e, 0x0c, 0x4d, 0x1f, 0x0f, 0x01, 0x5a, 0x02, 0x14, 0x2e, 0x6f, 0x19, 0x1e, 0x6a, 0x03, 0x5d,
  0x6d, 0x03, 0x17, 0x4d, 0x26, 0x27, 0x0e, 0x30, 0x31, 0x6f, 0x25, 0x08, 0x63, 0x6d, 0x03, 0x17,
  0x4d, 0x27, 0x26, 0x0e, 0x30, 0x31, 0x6f, 0x25, 0x08, 0x00, 0x00, 0x00, 0x00, 0x02, 0x00, 0x7d,
  0x00, 0x04, 0x01, 0x31, 0x06, 0x52, 0x00, 0x0b, 0x00, 0x0f, 0x00, 0x00, 0x12, 0x26, 0x35, 0x34,
  0x36, 0x33, 0x32, 0x16, 0x15, 0x14, 0x06, 0x23, 0x03, 0x11, 0x33, 0x11, 0xb2, 0x35, 0x35, 0x25,
  0x25, 0x35, 0x35, 0x25, 0x2b, 0x5a, 0x05, 0x9f, 0x34, 0x25, 0x26, 0x34, 0x34, 0x26, 0x25, 0x34,
  0xfa, 0x65, 0x05, 0x2c, 0xfa, 0xd4, 0x00, 0x00, 0x00, 0x02, 0x00, 0x63, 0x01, 0xce, 0x03, 0x90,
  0x06, 0x7e, 0x00, 0x20, 0x00, 0x29, 0x00, 0x00, 0x01, 0x36, 0x37, 0x36, 0x37, 0x17, 0x06, 0x07,
  0x06, 0x07, 0x15, 0x23, 0x35, 0x26, 0x27, 0x26, 0x35, 0x34, 0x37, 0x36, 0x37, 0x35, 0x33, 0x15,
  0x16, 0x17, 0x16, 0x17, 0x07, 0x26, 0x27, 0x26, 0x27, 0x07, 0x06, 0x07, 0x06, 0x15, 0x14, 0x17,
  0x16, 0x17, 0x02, 0x27, 0x8f, 0x67, 0x0d, 0x0f, 0x57, 0x1a, 0x1a, 0x81, 0xb4, 0x5a, 0x83, 0x64,
  0x83, 0x83, 0x64, 0x83, 0x5a, 0xb4, 0x81, 0x1a, 0x1a, 0x57, 0x0f, 0x0d, 0x67, 0x8f, 0x5a, 0x5f,
  0x49, 0x69, 0x69, 0x49, 0x5f, 0x02, 0xc1, 0x02, 0x67, 0x0d, 0x12, 0x20, 0x23, 0x1b, 0x81, 0x02,
  0x9a, 0xa1, 0x17, 0x65, 0x82, 0xb9, 0xb8, 0x83, 0x64, 0x18, 0xa1, 0x9a, 0x02, 0x81, 0x1b, 0x22,
  0x21, 0x12, 0x0e, 0x66, 0x02, 0x09, 0x16, 0x49, 0x69, 0x94, 0x94, 0x68, 0x4a, 0x16, 0x00, 0x00,
  0x00, 0x01, 0x00, 0x64, 0xff, 0xad, 0x04, 0x06, 0x06, 0x43, 0x00, 0x50, 0x00, 0x00, 0x01, 0x16,
  0x17, 0x16, 0x15, 0x14, 0x07, 0x36, 0x33, 0x32, 0x17, 0x16, 0x33, 0x32, 0x37, 0x17, 0x06, 0x23,
  0x22, 0x27, 0x26, 0x23, 0x22, 0x07, 0x06, 0x07, 0x27, 0x36, 0x37, 0x36, 0x35, 0x34, 0x27, 0x26,
  0x27, 0x23, 0x35, 0x33, 0x26, 0x27, 0x26, 0x27, 0x26, 0x35, 0x34, 0x37, 0x36, 0x37, 0x36, 0x33,
  0x32, 0x17, 0x16, 0x17, 0x16, 0x15, 0x14, 0x07, 0x27, 0x36, 0x35, 0x34, 0x27, 0x26, 0x27, 0x26,
  0x23, 0x22, 0x07, 0x06, 0x07, 0x06, 0x15, 0x14, 0x17, 0x16, 0x17, 0x16, 0x17, 0x33, 0x15, 0x01,
  0xc0, 0x03, 0x02, 0x02, 0xaa, 0x7d, 0x79, 0x48, 0x47, 0x63, 0x59, 0x50, 0x47, 0x11, 0x51, 0x57,
  0x59, 0x5e, 0x62, 0x4b, 0x44, 0x31, 0x68, 0x62, 0x57, 0x7c, 0x20, 0x6c, 0x02, 0x02, 0x04, 0xe4,
  0xd1, 0x1a, 0x31, 0x6f, 0x0e, 0x02, 0x5c, 0x67, 0xa3, 0x13, 0x13, 0x8b, 0x6f, 0x7c, 0x0f, 0x03,
  0x16, 0x56, 0x0f, 0x01, 0x0c, 0x5f, 0x54, 0x6a, 0x0e, 0x0e, 0x7c, 0x50, 0x46, 0x01, 0x0a, 0x44,
  0x56, 0x24, 0xc5, 0x02, 0x2b, 0x15, 0x16, 0x16, 0x16, 0xcc, 0xc9, 0x2d, 0x10, 0x17, 0x12, 0x59,
  0x14, 0x16, 0x15, 0x11, 0x26, 0x31, 0x67, 0x6e, 0x27, 0x80, 0xa4, 0x16, 0x16, 0x19, 0x19, 0x5a,
  0x5f, 0x5e, 0xb4, 0xa3, 0x13, 0x13, 0x8b, 0x6e, 0x7b, 0x0f, 0x01, 0x5c, 0x69, 0xa2, 0x17, 0x15,
  0x3f, 0x33, 0x1d, 0x2b, 0x34, 0x0e, 0x0e, 0x7b, 0x50, 0x46, 0x01, 0x0b, 0x5f, 0x54, 0x69, 0x0f,
  0x0f, 0x71, 0x8f, 0x8a, 0x92, 0x5a, 0x00, 0x00, 0x00, 0x02, 0x00, 0x64, 0x02, 0xb1, 0x03, 0xf4,
  0x06, 0x41, 0x00, 0x1b, 0x00, 0x3b, 0x00, 0x00, 0x01, 0x36, 0x33, 0x32, 0x17, 0x37, 0x17, 0x07,
  0x16, 0x15, 0x14, 0x07, 0x17, 0x07, 0x27, 0x06, 0x23, 0x22, 0x27, 0x07, 0x27, 0x37, 0x26, 0x35,
  0x34, 0x37, 0x27, 0x37, 0x05, 0x26, 0x23, 0x22, 0x07, 0x06, 0x07, 0x06, 0x07, 0x06, 0x15, 0x14,
  0x17, 0x16, 0x17, 0x16, 0x17, 0x16, 0x33, 0x32, 0x37, 0x36, 0x37, 0x36, 0x37, 0x36, 0x35, 0x34,
  0x27, 0x26, 0x27, 0x26, 0x01, 0x2f, 0x6c, 0x91, 0x91, 0x6c, 0x8b, 0x40, 0x8b, 0x59, 0x59, 0x8b,
  0x40, 0x8b, 0x6c, 0x91, 0x91, 0x6c, 0x8b, 0x40, 0x8b, 0x59, 0x59, 0x8b, 0x40, 0x02, 0x45, 0x51,
  0x6c, 0x6c, 0x51, 0x12, 0x10, 0x11, 0x0d, 0x3f, 0x3f, 0x0d, 0x11, 0x10, 0x12, 0x51, 0x6c, 0x6c,
  0x51, 0x12, 0x11, 0x10, 0x0d, 0x3f, 0x3f, 0x0d, 0x10, 0x11, 0x05, 0xb6, 0x59, 0x59, 0x8b, 0x40,
  0x8b, 0x6c, 0x91, 0x91, 0x6c, 0x8b, 0x40, 0x8b, 0x59, 0x59, 0x8b, 0x40, 0x8b, 0x6c, 0x91, 0x91,
  0x6c, 0x8b, 0x40, 0xcb, 0x3f, 0x3f, 0x0d, 0x10, 0x11, 0x12, 0x51, 0x6c, 0x6c, 0x51, 0x12, 0x10,
  0x11, 0x0d, 0x3f, 0x3f, 0x0d, 0x11, 0x10, 0x12, 0x51, 0x6c, 0x6c, 0x51, 0x12, 0x11, 0x10, 0x00,
  0x00, 0x01, 0x00, 0x32, 0x00, 0x00, 0x04, 0xd9, 0x06, 0x40, 0x00, 0x19, 0x00, 0x00, 0x09, 0x01,
  0x33, 0x01, 0x21, 0x15, 0x21, 0x07, 0x15, 0x21, 0x15, 0x21, 0x11, 0x23, 0x11, 0x21, 0x35, 0x21,
  0x35, 0x27, 0x21, 0x35, 0x21, 0x01, 0x33, 0x01, 0x02, 0x8a, 0x01, 0xe8, 0x67, 0xfe, 0x17, 0x01,
  0x26, 0xfe, 0xa6, 0x0a, 0x01, 0x64, 0xfe, 0x9c, 0x5a, 0xfe, 0x9e, 0x01, 0x62, 0x0a, 0xfe, 0xa8,
  0x01, 0x24, 0xfe, 0x18, 0x67, 0x01, 0xe7, 0x02, 0xf3, 0x03, 0x4d, 0xfc, 0xb3, 0x5a, 0x12, 0x66,
  0x5a, 0xfe, 0x39, 0x01, 0xc7, 0x5a, 0x66, 0x12, 0x5a, 0x03, 0x4d, 0xfc, 0xb3, 0x00, 0x00, 0x00,
  0x00, 0x02, 0x00, 0x96, 0xfe, 0x89, 0x00, 0xf0, 0x06, 0x40, 0x00, 0x03, 0x00, 0x07, 0x00, 0x00,
  0x13, 0x11, 0x23, 0x11, 0x13, 0x11, 0x23, 0x11, 0xf0, 0x5a, 0x5a, 0x5a, 0x06, 0x40, 0xfc, 0xaf,
  0x03, 0x51, 0xfb, 0x9a, 0xfc, 0xaf, 0x03, 0x51, 0x00, 0x02, 0x00, 0x64, 0xff, 0x76, 0x04, 0x22,
  0x06, 0xe0, 0x00, 0x17, 0x00, 0x51, 0x00, 0x00, 0x01, 0x36, 0x37, 0x36, 0x35, 0x34, 0x27, 0x26,
  0x27, 0x26, 0x27, 0x26, 0x27, 0x06, 0x07, 0x06, 0x15, 0x14, 0x17, 0x16, 0x17, 0x16, 0x17, 0x16,
  0x01, 0x26, 0x35, 0x34, 0x36, 0x33, 0x32, 0x17, 0x16, 0x17, 0x07, 0x26, 0x27, 0x26, 0x23, 0x22,
  0x06, 0x15, 0x14, 0x17, 0x16, 0x17, 0x16, 0x17, 0x16, 0x15, 0x14, 0x07, 0x06, 0x07, 0x16, 0x15,
  0x14, 0x06, 0x23, 0x22, 0x27, 0x26, 0x27, 0x37, 0x16, 0x17, 0x16, 0x33, 0x32, 0x36, 0x35, 0x34,
  0x27, 0x26, 0x27, 0x26, 0x27, 0x26, 0x35, 0x34, 0x37, 0x36, 0x03, 0x71, 0x0b, 0x0f, 0x3f, 0x71,
  0x63, 0x90, 0xab, 0x63, 0x2b, 0x18, 0x0b, 0x0f, 0x3f, 0x71, 0x63, 0x90, 0xab, 0x63, 0x2b, 0xfd,
  0xa1, 0x05, 0xc6, 0x8d, 0x8c, 0x64, 0x37, 0x15, 0x51, 0x12, 0x29, 0x49, 0x67, 0x67, 0x92, 0x49,
  0x44, 0x78, 0xc0, 0x83, 0x8b, 0x59, 0x24, 0x19, 0x05, 0xc6, 0x8d, 0x8c, 0x64, 0x37, 0x15, 0x51,
  0x12, 0x29, 0x49, 0x67, 0x67, 0x92, 0x49, 0x44, 0x78, 0xc0, 0x83, 0x8b, 0x59, 0x24, 0x01, 0x59,
  0x0e, 0x0f, 0x3f, 0xa0, 0x9f, 0x71, 0x63, 0x3b, 0x39, 0x63, 0x2b, 0x33, 0x0e, 0x0f, 0x3f, 0xa0,
  0x9f, 0x71, 0x63, 0x3b, 0x39, 0x63, 0x2b, 0x03, 0xc6, 0x1d, 0x20, 0x8a, 0xc7, 0x63, 0x35, 0x42,
  0x20, 0x31, 0x29, 0x48, 0x91, 0x68, 0x67, 0x49, 0x43, 0x38, 0x3e, 0x83, 0x8a, 0xc4, 0xc5, 0x59,
  0x24, 0x0f, 0x1d, 0x20, 0x8a, 0xc7, 0x63, 0x35, 0x42, 0x20, 0x31, 0x29, 0x48, 0x91, 0x68, 0x67,
  0x49, 0x43, 0x38, 0x3e, 0x83, 0x8a, 0xc4, 0xc5, 0x59, 0x24, 0x00, 0x00, 0x00, 0x02, 0x00, 0x7d,
  0x04, 0x7f, 0x02, 0x5d, 0x05, 0x32, 0x00, 0x0b, 0x00, 0x17, 0x00, 0x00, 0x12, 0x16, 0x15, 0x14,
  0x06, 0x23, 0x22, 0x26, 0x35, 0x34, 0x36, 0x33, 0x20, 0x16, 0x15, 0x14, 0x06, 0x23, 0x22, 0x26,
  0x35, 0x34, 0x36, 0x33, 0xfc, 0x35, 0x35, 0x25, 0x25, 0x35, 0x35, 0x25, 0x01, 0x51, 0x35, 0x35,
  0x25, 0x25, 0x35, 0x35, 0x25, 0x05, 0x32, 0x34, 0x25, 0x26, 0x34, 0x34, 0x26, 0x25, 0x34, 0x34,
  0x25, 0x26, 0x34, 0x34, 0x26, 0x25, 0x34, 0x00, 0x00, 0x03, 0x00, 0x63, 0x00, 0x02, 0x05, 0x14,
  0x04, 0xb4, 0x00, 0x1d, 0x00, 0x29, 0x00, 0x35, 0x00, 0x00, 0x01, 0x17, 0x06, 0x07, 0x06, 0x23,
  0x22, 0x26, 0x35, 0x34, 0x36, 0x33, 0x32, 0x17, 0x16, 0x17, 0x07, 0x26, 0x27, 0x26, 0x23, 0x22,
  0x06, 0x15, 0x14, 0x16, 0x33, 0x32, 0x37, 0x36, 0x12, 0x00, 0x15, 0x14, 0x00, 0x23, 0x22, 0x00,
  0x35, 0x34, 0x00, 0x33, 0x15, 0x22, 0x00, 0x15, 0x14, 0x00, 0x33, 0x32, 0x00, 0x35, 0x34, 0x00,
  0x03, 0x95, 0x44, 0x14, 0x14, 0x61, 0x89, 0x89, 0xc2, 0xc2, 0x89, 0x89, 0x61, 0x14, 0x14, 0x44,
  0x0b, 0x0a, 0x4d, 0x6c, 0x6c, 0x9a, 0x9a, 0x6c, 0x6c, 0x4d, 0x0a, 0x2a, 0x01, 0x60, 0xfe, 0xa0,
  0xf8, 0xf9, 0xfe, 0xa0, 0x01, 0x60, 0xf9, 0xdc, 0xfe, 0xca, 0x01, 0x36, 0xdc, 0xdb, 0x01, 0x36,
  0xfe, 0xca, 0x01, 0xba, 0x19, 0x1c, 0x14, 0x61, 0xc2, 0x89, 0x89, 0xc2, 0x61, 0x14, 0x1c, 0x19,
  0x0e, 0x0b, 0x4c, 0x99, 0x6d, 0x6c, 0x9a, 0x4d, 0x0a, 0x03, 0x08, 0xfe, 0xa0, 0xf9, 0xf9, 0xfe,
  0xa0, 0x01, 0x60, 0xf9, 0xf9, 0x01, 0x60, 0x47, 0xfe, 0xca, 0xdc, 0xdb, 0xfe, 0xc9, 0x01, 0x37,
  0xdb, 0xdc, 0x01, 0x36, 0x00, 0x03, 0x00, 0x64, 0x03, 0x91, 0x03, 0x0a, 0x06, 0x40, 0x00, 0x05,
  0x00, 0x18, 0x00, 0x27, 0x00, 0x00, 0x13, 0x21, 0x15, 0x21, 0x11, 0x33, 0x01, 0x23, 0x35, 0x06,
  0x07, 0x06, 0x23, 0x22, 0x26, 0x35, 0x34, 0x36, 0x33, 0x32, 0x17, 0x16, 0x17, 0x35, 0x33, 0x03,
  0x35, 0x26, 0x27, 0x26, 0x23, 0x22, 0x06, 0x15, 0x14, 0x16, 0x33, 0x32, 0x37, 0x36, 0x83, 0x02,
  0x3f, 0xfd, 0xa2, 0x1f, 0x02, 0x87, 0x37, 0x02, 0x0f, 0x50, 0x70, 0x71, 0x9e, 0x9e, 0x71, 0x70,
  0x50, 0x0f, 0x02, 0x37, 0x37, 0x0b, 0x30, 0x3e, 0x58, 0x59, 0x7d, 0x7d, 0x59, 0x58, 0x3e, 0x30,
  0x03, 0xb0, 0x1f, 0x02, 0x74, 0xfe, 0x2a, 0x55, 0x03, 0x10, 0x4f, 0x9f, 0x70, 0x70, 0x9f, 0x4f,
  0x10, 0x03, 0x37, 0xfe, 0xf1, 0x55, 0x3e, 0x2f, 0x3e, 0x7d, 0x58, 0x59, 0x7c, 0x3e, 0x2f, 0x00,
  0x00, 0x02, 0x00, 0x64, 0x00, 0x01, 0x03, 0x70, 0x03, 0x9a, 0x00, 0x05, 0x00, 0x0b, 0x00, 0x00,
  0x09, 0x01, 0x15, 0x09, 0x01, 0x15, 0x09, 0x01, 0x15, 0x09, 0x01, 0x15, 0x01, 0xbc, 0x01, 0xb4,
  0xfe, 0xb5, 0x01, 0x4b, 0xfc, 0xf4, 0x01, 0xad, 0xfe, 0xb5, 0x01, 0x4b, 0x01, 0xce, 0x01, 0xcc,
  0x68, 0xfe, 0x9c, 0xfe, 0x9c, 0x69, 0x01, 0xcd, 0x01, 0xcc, 0x68, 0xfe, 0x9c, 0xfe, 0x9c, 0x69,
  0x00, 0x03, 0x00, 0x64, 0x02, 0x7e, 0x04, 0x25, 0x06, 0x40, 0x00, 0x08, 0x00, 0x2b, 0x00, 0x39,
  0x00, 0x00, 0x01, 0x11, 0x33, 0x32, 0x36, 0x35, 0x34, 0x26, 0x23, 0x13, 0x27, 0x23, 0x15, 0x23,
  0x11, 0x33, 0x16, 0x17, 0x16, 0x15, 0x14, 0x07, 0x06, 0x07, 0x17, 0x36, 0x37, 0x36, 0x35, 0x34,
  0x26, 0x23, 0x22, 0x06, 0x15, 0x14, 0x17, 0x16, 0x17, 0x16, 0x17, 0x16, 0x33, 0x32, 0x16, 0x23,
  0x22, 0x00, 0x35, 0x34, 0x00, 0x33, 0x32, 0x00, 0x15, 0x14, 0x07, 0x06, 0x01, 0xd3, 0x74, 0x4e,
  0x6f, 0x6f, 0x4e, 0x93, 0x8a, 0x7d, 0x37, 0xc6, 0x56, 0x3c, 0x47, 0x47, 0x32, 0x36, 0x82, 0x35,
  0x2d, 0x7c, 0xf8, 0xaf, 0xb0, 0xf8, 0x7c, 0x3b, 0x46, 0x1c, 0x1e, 0x35, 0x3c, 0x4e, 0x23, 0x71,
  0xc8, 0xfe, 0xe7, 0x01, 0x19, 0xc8, 0xc6, 0x01, 0x1a, 0x8d, 0x31, 0x05, 0x5b, 0xfe, 0x86, 0x6f,
  0x4e, 0x4e, 0x6f, 0xfd, 0x76, 0xd7, 0x9b, 0x02, 0x84, 0x0c, 0x3c, 0x47, 0x65, 0x66, 0x48, 0x31,
  0x0d, 0xc8, 0x1e, 0x2c, 0x7d, 0xaf, 0xb0, 0xf8, 0xf8, 0xb0, 0xaf, 0x7d, 0x3a, 0x1f, 0x0d, 0x08,
  0x0e, 0x39, 0x01, 0x1a, 0xc7, 0xc7, 0x01, 0x1a, 0xfe, 0xe6, 0xc7, 0xc7, 0x8d, 0x31, 0x00, 0x00,
  0x00, 0x01, 0x00, 0x7d, 0x05, 0x39, 0x02, 0xcb, 0x05, 0x93, 0x00, 0x03, 0x00, 0x00, 0x13, 0x21,
  0x15, 0x21, 0x7d, 0x02, 0x4e, 0xfd, 0xb2, 0x05, 0x93, 0x5a, 0x00, 0x00, 0x00, 0x02, 0x00, 0x96,
  0x04, 0x72, 0x02, 0x64, 0x06, 0x40, 0x00, 0x0b, 0x00, 0x17, 0x00, 0x00, 0x00, 0x16, 0x15, 0x14,
  0x06, 0x23, 0x22, 0x26, 0x35, 0x34, 0x36, 0x33, 0x15, 0x22, 0x06, 0x15, 0x14, 0x16, 0x33, 0x32,
  0x36, 0x35, 0x34, 0x26, 0x01, 0xdd, 0x87, 0x87, 0x60, 0x60, 0x87, 0x87, 0x60, 0x42, 0x5e, 0x5e,
  0x42, 0x42, 0x5e, 0x5e, 0x06, 0x40, 0x87, 0x60, 0x60, 0x87, 0x87, 0x60, 0x60, 0x87, 0x47, 0x5e,
  0x42, 0x42, 0x5e, 0x5e, 0x42, 0x42, 0x5e, 0x00, 0x00, 0x02, 0x00, 0x7d, 0x00, 0x00, 0x03, 0x9d,
  0x03, 0xe0, 0x00, 0x0b, 0x00, 0x0f, 0x00, 0x00, 0x01, 0x21, 0x35, 0x21, 0x11, 0x33, 0x11, 0x21,
  0x15, 0x21, 0x11, 0x23, 0x05, 0x21, 0x15, 0x21, 0x01, 0xe0, 0xfe, 0x9d, 0x01, 0x63, 0x5a, 0x01,
  0x63, 0xfe, 0x9d, 0x5a, 0xfe, 0x9d, 0x03, 0x20, 0xfc, 0xe0, 0x02, 0x23, 0x5a, 0x01, 0x63, 0xfe,
  0x9d, 0x5a, 0xfe, 0x9d, 0x66, 0x5a, 0x00, 0x00, 0x00, 0x01, 0x00, 0x7d, 0x02, 0x75, 0x03, 0x06,
  0x06, 0x56, 0x00, 0x1d, 0x00, 0x00, 0x12, 0x3e, 0x02, 0x35, 0x34, 0x26, 0x23, 0x22, 0x07, 0x06,
  0x07, 0x27, 0x36, 0x37, 0x36, 0x33, 0x32, 0x16, 0x15, 0x14, 0x07, 0x0e, 0x01, 0x07, 0x06, 0x07,
  0x21, 0x15, 0x21, 0xa0, 0xdb, 0xa4, 0x8a, 0x8a, 0x5f, 0x5e, 0x44, 0x3c, 0x0b, 0x5a, 0x10, 0x4b,
  0x60, 0x88, 0x89, 0xbd, 0x5b, 0x3e, 0xa6, 0x6a, 0x61, 0x16, 0x02, 0x20, 0xfd, 0x7a, 0x03, 0x3d,
  0x97, 0x71, 0x8c, 0x5c, 0x5d, 0x7f, 0x3f, 0x37, 0x5d, 0x1f, 0x62, 0x46, 0x59, 0xaf, 0x7a, 0x78,
  0x5b, 0x3e, 0x72, 0x49, 0x44, 0x5e, 0x4a, 0x00, 0x00, 0x01, 0x00, 0x7d, 0x02, 0x68, 0x03, 0x06,
  0x06, 0x56, 0x00, 0x2d, 0x00, 0x00, 0x01, 0x27, 0x35, 0x32, 0x3e, 0x01, 0x35, 0x34, 0x26, 0x23,
  0x22, 0x07, 0x06, 0x07, 0x27, 0x36, 0x37, 0x36, 0x33, 0x32, 0x16, 0x15, 0x14, 0x06, 0x07, 0x16,
  0x17, 0x16, 0x15, 0x14, 0x06, 0x23, 0x22, 0x27, 0x26, 0x27, 0x37, 0x16, 0x17, 0x16, 0x33, 0x32,
  0x36, 0x35, 0x34, 0x26, 0x01, 0x9c, 0x3f, 0x49, 0x46, 0x55, 0x55, 0x3b, 0x3a, 0x2a, 0x18, 0x11,
  0x54, 0x11, 0x26, 0x47, 0x63, 0x65, 0x89, 0x67, 0x15, 0x47, 0x41, 0x5b, 0xbd, 0x89, 0x88, 0x60,
  0x4b, 0x10, 0x5a, 0x0b, 0x3c, 0x44, 0x5e, 0x5f, 0x8a, 0x87, 0x04, 0x8d, 0x01, 0x4a, 0x19, 0x54,
  0x3b, 0x3b, 0x4f, 0x26, 0x17, 0x2a, 0x1e, 0x33, 0x21, 0x41, 0x80, 0x56, 0x58, 0x66, 0x08, 0x16,
  0x40, 0x5b, 0x79, 0x79, 0xaf, 0x59, 0x45, 0x63, 0x1e, 0x5d, 0x37, 0x3e, 0x7f, 0x5c, 0x5d, 0x88,
  0x00, 0x01, 0x00, 0x96, 0x04, 0xb0, 0x01, 0xdf, 0x05, 0x6b, 0x00, 0x03, 0x00, 0x00, 0x01, 0x07,
  0x23, 0x37, 0x01, 0xdf, 0xf5, 0x54, 0xa3, 0x05, 0x6b, 0xbb, 0xbb, 0x00, 0x00, 0x01, 0x00, 0x96,
  0xfe, 0x89, 0x03, 0x80, 0x03, 0xd6, 0x00, 0x17, 0x00, 0x00, 0x25, 0x06, 0x07, 0x06, 0x23, 0x22,
  0x27, 0x11, 0x23, 0x11, 0x33, 0x11, 0x16, 0x17, 0x16, 0x33, 0x32, 0x37, 0x36, 0x37, 0x11, 0x33,
  0x11, 0x23, 0x03, 0x28, 0x05, 0x06, 0x6d, 0xae, 0xa0, 0x72, 0x5a, 0x5a, 0x14, 0x28, 0x5a, 0x7c,
  0x7c, 0x5b, 0x3a, 0x15, 0x58, 0x58, 0x6f, 0x05, 0x06, 0x6d, 0x6e, 0xfe, 0x24, 0x05, 0x4d, 0xfd,
  0x25, 0x2b, 0x28, 0x57, 0x59, 0x39, 0x49, 0x02, 0xaa, 0xfc, 0x2a, 0x00, 0x00, 0x01, 0x00, 0x33,
  0xfe, 0x89, 0x04, 0x3e, 0x06, 0x9c, 0x00, 0x13, 0x00, 0x00, 0x01, 0x11, 0x23, 0x11, 0x23, 0x22,
  0x00, 0x35, 0x34, 0x37, 0x36, 0x37, 0x33, 0x35, 0x21, 0x15, 0x23, 0x11, 0x23, 0x11, 0x03, 0x2f,
  0x5a, 0x98, 0xd8, 0xfe, 0xce, 0x99, 0x80, 0xb7, 0x50, 0x01, 0xeb, 0x58, 0x5a, 0x06, 0x42, 0xf8,
  0x47, 0x03, 0xfd, 0x01, 0x32, 0xd9, 0xd8, 0x99, 0x80, 0x19, 0x01, 0x5a, 0xf8, 0x47, 0x07, 0xb9,
  0x00, 0x01, 0x00, 0x7d, 0x02, 0xd4, 0x01, 0x16, 0x03, 0x6c, 0x00, 0x0b, 0x00, 0x00, 0x12, 0x16,
  0x15, 0x14, 0x06, 0x23, 0x22, 0x26, 0x35, 0x34, 0x36, 0x33, 0xe9, 0x2d, 0x2d, 0x1f, 0x20, 0x2d,
  0x2d, 0x20, 0x03, 0x6c, 0x2c, 0x20, 0x20, 0x2c, 0x2c, 0x20, 0x20, 0x2c, 0x00, 0x01, 0x00, 0x0a,
  0xfe, 0xc5, 0x00, 0xf7, 0x00, 0x00, 0x00, 0x1d, 0x00, 0x00, 0x33, 0x0f, 0x01, 0x33, 0x07, 0x16,
  0x17, 0x16, 0x17, 0x16, 0x15, 0x14, 0x07, 0x06, 0x23, 0x22, 0x27, 0x37, 0x16, 0x33, 0x32, 0x37,
  0x36, 0x3d, 0x01, 0x26, 0x27, 0x26, 0x27, 0x37, 0x9c, 0x03, 0x01, 0x01, 0x03, 0x0e, 0x0e, 0x3c,
  0x08, 0x01, 0x2b, 0x33, 0x4f, 0x22, 0x1e, 0x0b, 0x15, 0x19, 0x2d, 0x1d, 0x19, 0x05, 0x23, 0x23,
  0x2a, 0x2b, 0x1d, 0x06, 0x28, 0x07, 0x08, 0x27, 0x37, 0x07, 0x07, 0x2d, 0x21, 0x27, 0x07, 0x37,
  0x07, 0x17, 0x13, 0x1b, 0x07, 0x20, 0x17, 0x15, 0x01, 0x6b, 0x00, 0x00, 0x00, 0x01, 0x01, 0x70,
  0x02, 0x6c, 0x02, 0x12, 0x06, 0x40, 0x00, 0x05, 0x00, 0x00, 0x01, 0x11, 0x23, 0x11, 0x23, 0x37,
  0x02, 0x12, 0x5a, 0x48, 0x61, 0x06, 0x40, 0xfc, 0x2c, 0x03, 0x61, 0x73, 0x00, 0x03, 0x00, 0x64,
  0x03, 0x91, 0x03, 0x2e, 0x06, 0x40, 0x00, 0x0f, 0x00, 0x1d, 0x00, 0x23, 0x00, 0x00, 0x01, 0x36,
  0x37, 0x36, 0x35, 0x34, 0x27, 0x26, 0x27, 0x06, 0x07, 0x06, 0x15, 0x14, 0x17, 0x16, 0x17, 0x22,
  0x26, 0x35, 0x34, 0x36, 0x3b, 0x01, 0x32, 0x16, 0x15, 0x14, 0x06, 0x23, 0x05, 0x21, 0x15, 0x21,
  0x11, 0x33, 0x02, 0x11, 0x6c, 0x3a, 0x3e, 0x3e, 0x3a, 0x6c, 0x6d, 0x39, 0x3f, 0x3f, 0x39, 0x5e,
  0x71, 0x9e, 0x9e, 0x71, 0x1d, 0x71, 0x9e, 0x9e, 0x71, 0xfe, 0x64, 0x02, 0x3f, 0xfd, 0xa2, 0x1f,
  0x04, 0x5c, 0x05, 0x39, 0x3e, 0x59, 0x58, 0x3f, 0x39, 0x05, 0x05, 0x39, 0x3f, 0x58, 0x59, 0x3e,
  0x39, 0x3f, 0x9f, 0x70, 0x70, 0x9f, 0x9f, 0x70, 0x70, 0x9f, 0x72, 0x1f, 0x02, 0x74, 0x00, 0x00,
  0x00, 0x02, 0x00, 0x64, 0x00, 0x01, 0x03, 0x70, 0x03, 0x9a, 0x00, 0x05, 0x00, 0x0b, 0x00, 0x00,
  0x37, 0x35, 0x09, 0x01, 0x35, 0x01, 0x03, 0x35, 0x09, 0x01, 0x35, 0x01, 0x64, 0x01, 0x4b, 0xfe,
  0xb5, 0x01, 0xb4, 0x55, 0x01, 0x4b, 0xfe, 0xb5, 0x01, 0xad, 0x01, 0x69, 0x01, 0x64, 0x01, 0x64,
  0x68, 0xfe, 0x34, 0xfe, 0x33, 0x69, 0x01, 0x64, 0x01, 0x64, 0x68, 0xfe, 0x34, 0x00, 0x00, 0x00,
  0x00, 0x02, 0x00, 0x97, 0x00, 0x40, 0x03, 0x3d, 0x06, 0x52, 0x00, 0x2e, 0x00, 0x3a, 0x00, 0x00,
  0x00, 0x37, 0x36, 0x35, 0x34, 0x27, 0x37, 0x16, 0x15, 0x14, 0x07, 0x06, 0x07, 0x06, 0x07, 0x06,
  0x15, 0x14, 0x17, 0x16, 0x17, 0x16, 0x33, 0x32, 0x37, 0x36, 0x37, 0x36, 0x35, 0x17, 0x15, 0x14,
  0x07, 0x06, 0x07, 0x06, 0x23, 0x22, 0x27, 0x26, 0x27, 0x26, 0x35, 0x34, 0x37, 0x36, 0x37, 0x12,
  0x26, 0x35, 0x34, 0x36, 0x33, 0x32, 0x16, 0x15, 0x14, 0x06, 0x23, 0x01, 0xfa, 0x3c, 0x28, 0x17,
  0x53, 0x1c, 0x31, 0x50, 0xa1, 0x5f, 0x29, 0x1a, 0x0e, 0x23, 0x5d, 0x35, 0x36, 0x29, 0x2a, 0x61,
  0x2d, 0x19, 0x58, 0x20, 0x3e, 0x84, 0x3a, 0x38, 0x4a, 0x48, 0x7e, 0x2e, 0x14, 0x23, 0x3d, 0x8e,
  0xcc, 0x35, 0x35, 0x25, 0x25, 0x35, 0x35, 0x25, 0x03, 0x79, 0x7e, 0x52, 0x54, 0x40, 0x41, 0x1d,
  0x50, 0x4e, 0x68, 0x64, 0xa7, 0x7a, 0x5c, 0x56, 0x35, 0x37, 0x29, 0x29, 0x62, 0x2d, 0x19, 0x0f,
  0x22, 0x5c, 0x34, 0x35, 0x04, 0x08, 0x41, 0x40, 0x7f, 0x2e, 0x14, 0x22, 0x3d, 0x83, 0x39, 0x38,
  0x4a, 0x48, 0x7f, 0x6e, 0x02, 0x8d, 0x34, 0x25, 0x26, 0x34, 0x34, 0x26, 0x25, 0x34, 0x00, 0x00,
  0xff, 0xff, 0x00, 0x32, 0x00, 0x00, 0x04, 0xd9, 0x07, 0xd5, 0x02, 0x22, 0x00, 0x24, 0x00, 0x00,
  0x00, 0x03, 0x00, 0x43, 0x01, 0x14, 0x02, 0x6a, 0xff, 0xff, 0x00, 0x32, 0x00, 0x00, 0x04, 0xd9,
  0x07, 0xd5, 0x02, 0x22, 0x00, 0x24, 0x00, 0x00, 0x00, 0x03, 0x00, 0x73, 0x01, 0x82, 0x02, 0x6a,
  0xff, 0xff, 0x00, 0x32, 0x00, 0x00, 0x04, 0xd9, 0x07, 0x96, 0x02, 0x22, 0x00, 0x24, 0x00, 0x00,
  0x00, 0x03, 0x01, 0x42, 0x00, 0xef, 0x02, 0x6a, 0xff, 0xff, 0x00, 0x32, 0x00, 0x00, 0x04, 0xd9,
  0x07, 0x7e, 0x02, 0x22, 0x00, 0x24, 0x00, 0x00, 0x00, 0x03, 0x01, 0x49, 0x00, 0xe9, 0x02, 0x6a,
  0xff, 0xff, 0x00, 0x32, 0x00, 0x00, 0x04, 0xd9, 0x07, 0x9c, 0x02, 0x22, 0x00, 0x24, 0x00, 0x00,
  0x00, 0x03, 0x00, 0x69, 0x01, 0x19, 0x02, 0x6a, 0xff, 0xff, 0x00, 0x32, 0x00, 0x00, 0x04, 0xd9,
  0x07, 0xbc, 0x02, 0x22, 0x00, 0x24, 0x00, 0x00, 0x00, 0x03, 0x01, 0x47, 0x01, 0x08, 0x02, 0x6a,
  0x00, 0x02, 0x00, 0x28, 0x00, 0x00, 0x06, 0x0f, 0x06, 0x40, 0x00, 0x10, 0x00, 0x13, 0x00, 0x00,
  0x01, 0x15, 0x21, 0x11, 0x21, 0x15, 0x21, 0x11, 0x21, 0x15, 0x21, 0x11, 0x21, 0x01, 0x23, 0x01,
  0x35, 0x15, 0x01, 0x21, 0x06, 0x0f, 0xfd, 0x3a, 0x02, 0xc6, 0xfd, 0x3a, 0x02, 0xc6, 0xfc, 0xe0,
  0xfe, 0xbe, 0xfe, 0xf9, 0x7e, 0x02, 0xc7, 0xfe, 0xdf, 0x01, 0x21, 0x06, 0x40, 0x5a, 0xfd, 0x67,
  0x5a, 0xfd, 0x67, 0x5a, 0x02, 0x65, 0xfd, 0x9b, 0x06, 0x3d, 0x03, 0xe3, 0xfd, 0x62, 0x00, 0x00,
  0x00, 0x01, 0x00, 0x7d, 0xfe, 0xc5, 0x05, 0xd7, 0x06, 0x53, 0x00, 0x35, 0x00, 0x00, 0x05, 0x26,
  0x27, 0x26, 0x11, 0x10, 0x00, 0x21, 0x20, 0x17, 0x07, 0x26, 0x21, 0x20, 0x00, 0x11, 0x10, 0x00,
  0x21, 0x20, 0x37, 0x17, 0x06, 0x21, 0x22, 0x27, 0x0f, 0x01, 0x33, 0x07, 0x16, 0x17, 0x16, 0x17,
  0x16, 0x15, 0x14, 0x07, 0x06, 0x23, 0x22, 0x27, 0x37, 0x16, 0x33, 0x32, 0x37, 0x36, 0x3d, 0x01,
  0x26, 0x27, 0x26, 0x27, 0x03, 0x05, 0xe8, 0xb0, 0xf0, 0x01, 0xdf, 0x01, 0x54, 0x01, 0x3d, 0xea,
  0x44, 0xce, 0xfe, 0xeb, 0xfe, 0xd3, 0xfe, 0x56, 0x01, 0xaa, 0x01, 0x2d, 0x01, 0x15, 0xce, 0x44,
  0xea, 0xfe, 0xc3, 0x37, 0x34, 0x02, 0x01, 0x01, 0x03, 0x0e, 0x0e, 0x3c, 0x08, 0x01, 0x2b, 0x33,
  0x4f, 0x22, 0x1e, 0x0b, 0x15, 0x19, 0x2d, 0x1d, 0x19, 0x05, 0x23, 0x23, 0x2a, 0x03, 0x2f, 0xb1,
  0xef, 0x01, 0x54, 0x01, 0x53, 0x01, 0xe0, 0xd5, 0x3e, 0xb7, 0xfe, 0x56, 0xfe, 0xd3, 0xfe, 0xd2,
  0xfe, 0x56, 0xb7, 0x3d, 0xd5, 0x06, 0x10, 0x06, 0x28, 0x07, 0x08, 0x27, 0x37, 0x07, 0x07, 0x2d,
  0x21, 0x27, 0x07, 0x37, 0x07, 0x17, 0x13, 0x1b, 0x07, 0x20, 0x17, 0x15, 0x01, 0x00, 0x00, 0x00,
  0xff, 0xff, 0x00, 0x96, 0x00, 0x00, 0x03, 0xb6, 0x07, 0xd5, 0x02, 0x22, 0x00, 0x28, 0x00, 0x00,
  0x00, 0x03, 0x00, 0x43, 0x00, 0xb5, 0x02, 0x6a, 0xff, 0xff, 0x00, 0x96, 0x00, 0x00, 0x03, 0xb6,
  0x07, 0xd5, 0x02, 0x22, 0x00, 0x28, 0x00, 0x00, 0x00, 0x03, 0x00, 0x73, 0x01, 0x22, 0x02, 0x6a,
  0xff, 0xff, 0x00, 0x96, 0x00, 0x00, 0x03, 0xb6, 0x07, 0x96, 0x02, 0x22, 0x00, 0x28, 0x00, 0x00,
  0x00, 0x03, 0x01, 0x42, 0x00, 0x90, 0x02, 0x6a, 0xff, 0xff, 0x00, 0x96, 0x00, 0x00, 0x03, 0xb6,
  0x07, 0x9c, 0x02, 0x22, 0x00, 0x28, 0x00, 0x00, 0x00, 0x03, 0x00, 0x69, 0x00, 0xb9, 0x02, 0x6a,
  0xff, 0xff, 0xff, 0xfc, 0x00, 0x00, 0x01, 0x45, 0x07, 0xd5, 0x02, 0x22, 0x00, 0x2c, 0x00, 0x00,
  0x00, 0x03, 0x00, 0x43, 0xff, 0x66, 0x02, 0x6a, 0xff, 0xff, 0x00, 0x69, 0x00, 0x00, 0x01, 0xb2,
  0x07, 0xd5, 0x02, 0x22, 0x00, 0x2c, 0x00, 0x00, 0x00, 0x03, 0x00, 0x73, 0xff, 0xd3, 0x02, 0x6a,
  0xff, 0xff, 0xff, 0xba, 0x00, 0x00, 0x01, 0xf5, 0x07, 0x96, 0x02, 0x22, 0x00, 0x2c, 0x01, 0x00,
  0x00, 0x03, 0x01, 0x42, 0xff, 0x41, 0x02, 0x6a, 0xff, 0xff, 0xff, 0xe7, 0x00, 0x00, 0x01, 0xc7,
  0x07, 0x9c, 0x02, 0x22, 0x00, 0x2c, 0x00, 0x00, 0x00, 0x03, 0x00, 0x69, 0xff, 0x6a, 0x02, 0x6a,
  0x00, 0x02, 0x00, 0x32, 0x00, 0x00, 0x04, 0x87, 0x06, 0x40, 0x00, 0x12, 0x00, 0x21, 0x00, 0x00,
  0x13, 0x11, 0x33, 0x15, 0x33, 0x20, 0x17, 0x16, 0x11, 0x10, 0x07, 0x06, 0x21, 0x23, 0x15, 0x23,
  0x11, 0x23, 0x35, 0x33, 0x21, 0x15, 0x21, 0x11, 0x33, 0x20, 0x37, 0x36, 0x11, 0x10, 0x27, 0x26,
  0x21, 0x23, 0xd2, 0x5a, 0x07, 0x01, 0x8b, 0xd9, 0xf0, 0xf0, 0xd9, 0xfe, 0x75, 0x07, 0x5a, 0xa0,
  0xfa, 0x01, 0x72, 0xfe, 0x8e, 0x07, 0x01, 0x64, 0xbf, 0xd5, 0xd5, 0xbf, 0xfe, 0x9c, 0x07, 0x03,
  0x4d, 0x02, 0xf3, 0x02, 0xda, 0xf1, 0xfe, 0xad, 0xfe, 0xac, 0xf0, 0xda, 0x02, 0x02, 0xf3, 0x5a,
  0x5a, 0xfd, 0x6a, 0xc0, 0xd5, 0x01, 0x2e, 0x01, 0x2d, 0xd6, 0xbf, 0x00, 0xff, 0xff, 0x00, 0x96,
  0x00, 0x00, 0x04, 0x89, 0x07, 0x7e, 0x02, 0x22, 0x00, 0x31, 0x00, 0x00, 0x00, 0x03, 0x01, 0x49,
  0x00, 0xf3, 0x02, 0x6a, 0xff, 0xff, 0x00, 0x7d, 0xff, 0xed, 0x06, 0xe7, 0x07, 0xd5, 0x02, 0x22,
  0x00, 0x32, 0x00, 0x00, 0x00, 0x03, 0x00, 0x43, 0x02, 0x41, 0x02, 0x6a, 0xff, 0xff, 0x00, 0x7d,
  0xff, 0xed, 0x06, 0xe7, 0x07, 0xd5, 0x02, 0x22, 0x00, 0x32, 0x00, 0x00, 0x00, 0x03, 0x00, 0x73,
  0x02, 0xae, 0x02, 0x6a, 0xff, 0xff, 0x00, 0x7d, 0xff, 0xed, 0x06, 0xe7, 0x07, 0x96, 0x02, 0x22,
  0x00, 0x32, 0x00, 0x00, 0x00, 0x03, 0x01, 0x42, 0x02, 0x1c, 0x02, 0x6a, 0xff, 0xff, 0x00, 0x7d,
  0xff, 0xed, 0x06, 0xe7, 0x07, 0x7e, 0x02, 0x22, 0x00, 0x32, 0x00, 0x00, 0x00, 0x03, 0x01, 0x49,
  0x02, 0x16, 0x02, 0x6a, 0xff, 0xff, 0x00, 0x7d, 0xff, 0xed, 0x06, 0xe7, 0x07, 0x9c, 0x02, 0x22,
  0x00, 0x32, 0x00, 0x00, 0x00, 0x03, 0x00, 0x69, 0x02, 0x45, 0x02, 0x6a, 0x00, 0x01, 0x00, 0xd2,
  0x01, 0x15, 0x03, 0x47, 0x03, 0x8b, 0x00, 0x0b, 0x00, 0x00, 0x01, 0x07, 0x27, 0x37, 0x27, 0x37,
  0x17, 0x37, 0x17, 0x07, 0x17, 0x07, 0x02, 0x0d, 0xfb, 0x40, 0xfb, 0xfb, 0x40, 0xfb, 0xfb, 0x3f,
  0xfb, 0xfb, 0x3f, 0x02, 0x10, 0xfb, 0x40, 0xfb, 0xfb, 0x40, 0xfb, 0xfb, 0x40, 0xfb, 0xfb, 0x40,
  0x00, 0x03, 0x00, 0x7d, 0xff, 0x6e, 0x06, 0xe7, 0x06, 0xd6, 0x00, 0x09, 0x00, 0x13, 0x00, 0x2b,
  0x00, 0x00, 0x01, 0x26, 0x23, 0x20, 0x00, 0x11, 0x10, 0x17, 0x16, 0x1f, 0x01, 0x16, 0x33, 0x20,
  0x00, 0x11, 0x10, 0x27, 0x26, 0x27, 0x37, 0x16, 0x17, 0x16, 0x11, 0x10, 0x00, 0x21, 0x22, 0x27,
  0x07, 0x27, 0x37, 0x26, 0x27, 0x26, 0x11, 0x10, 0x00, 0x21, 0x32, 0x17, 0x37, 0x17, 0x04, 0xbd,
  0x7b, 0x90, 0xfe, 0xd2, 0xfe, 0x55, 0xd6, 0x4d, 0x59, 0x51, 0x7c, 0x90, 0x01, 0x2e, 0x01, 0xab,
  0xd5, 0x4e, 0x59, 0x27, 0x67, 0x5a, 0xf0, 0xfe, 0x1f, 0xfe, 0xac, 0xa5, 0x8d, 0x56, 0x52, 0x56,
  0x67, 0x59, 0xf1, 0x01, 0xe1, 0x01, 0x54, 0xa5, 0x8d, 0x56, 0x52, 0x05, 0xcb, 0x30, 0xfe, 0x55,
  0xfe, 0xd2, 0xfe, 0xd2, 0xd6, 0x4d, 0x32, 0x26, 0x31, 0x01, 0xac, 0x01, 0x2e, 0x01, 0x2e, 0xd6,
  0x4d, 0x31, 0x54, 0x38, 0x59, 0xf1, 0xfe, 0xac, 0xfe, 0xac, 0xfe, 0x1f, 0x39, 0xb8, 0x26, 0xb8,
  0x38, 0x5a, 0xf0, 0x01, 0x54, 0x01, 0x54, 0x01, 0xe1, 0x39, 0xb8, 0x26, 0xff, 0xff, 0x00, 0x96,
  0xff, 0xf2, 0x04, 0xab, 0x07, 0xd5, 0x02, 0x22, 0x00, 0x38, 0x00, 0x00, 0x00, 0x03, 0x00, 0x43,
  0x01, 0x2f, 0x02, 0x6a, 0xff, 0xff, 0x00, 0x96, 0xff, 0xf2, 0x04, 0xab, 0x07, 0xd5, 0x02, 0x22,
  0x00, 0x38, 0x00, 0x00, 0x00, 0x03, 0x00, 0x73, 0x01, 0x9d, 0x02, 0x6a, 0xff, 0xff, 0x00, 0x96,
  0xff, 0xf2, 0x04, 0xab, 0x07, 0x96, 0x02, 0x22, 0x00, 0x38, 0x00, 0x00, 0x00, 0x03, 0x01, 0x42,
  0x01, 0x0a, 0x02, 0x6a, 0xff, 0xff, 0x00, 0x96, 0xff, 0xf2, 0x04, 0xab, 0x07, 0x9c, 0x02, 0x22,
  0x00, 0x38, 0x00, 0x00, 0x00, 0x03, 0x00, 0x69, 0x01, 0x34, 0x02, 0x6a, 0xff, 0xff, 0x00, 0x32,
  0x00, 0x00, 0x04, 0xd9, 0x07, 0xd5, 0x02, 0x22, 0x00, 0x3c, 0x00, 0x00, 0x00, 0x03, 0x00, 0x73,
  0x01, 0x82, 0x02, 0x6a, 0x00, 0x02, 0x00, 0x96, 0x00, 0x00, 0x04, 0x0a, 0x06, 0x40, 0x00, 0x0d,
  0x00, 0x16, 0x00, 0x00, 0x13, 0x21, 0x16, 0x17, 0x16, 0x15, 0x14, 0x00, 0x23, 0x21, 0x11, 0x23,
  0x11, 0x33, 0x11, 0x21, 0x32, 0x36, 0x35, 0x34, 0x26, 0x23, 0x21, 0xf0, 0x01, 0x4a, 0xb7, 0x80,
  0x99, 0xfe, 0xce, 0xd8, 0xfe, 0xf0, 0x5a, 0x5a, 0x01, 0x10, 0xb2, 0xfd, 0xfd, 0xb2, 0xfe, 0xf0,
  0x05, 0x2b, 0x19, 0x80, 0x99, 0xd8, 0xd9, 0xfe, 0xce, 0xfe, 0xea, 0x06, 0x40, 0xfb, 0x31, 0xfd,
  0xb3, 0xb3, 0xfc, 0x00, 0x00, 0x01, 0x00, 0x8c, 0x00, 0x00, 0x03, 0xe2, 0x06, 0x48, 0x00, 0x2b,
  0x00, 0x00, 0x01, 0x33, 0x32, 0x17, 0x16, 0x17, 0x15, 0x14, 0x07, 0x04, 0x13, 0x14, 0x07, 0x06,
  0x07, 0x15, 0x23, 0x35, 0x33, 0x15, 0x36, 0x37, 0x36, 0x35, 0x34, 0x00, 0x23, 0x35, 0x3e, 0x01,
  0x35, 0x34, 0x27, 0x26, 0x2b, 0x01, 0x0e, 0x01, 0x07, 0x11, 0x23, 0x11, 0x3e, 0x01, 0x01, 0xaf,
  0x10, 0x79, 0x55, 0x5b, 0x08, 0x81, 0x01, 0x66, 0x0d, 0xa0, 0x95, 0xcf, 0xa7, 0xa7, 0xa7, 0x79,
  0x85, 0xfe, 0xf6, 0xde, 0x8b, 0x72, 0x38, 0x35, 0x62, 0x0b, 0x6a, 0x68, 0x06, 0x5a, 0x0a, 0x96,
  0x06, 0x48, 0x46, 0x4b, 0x98, 0x11, 0x8c, 0x52, 0x8f, 0xfe, 0x86, 0xe3, 0xa6, 0x9a, 0x03, 0x01,
  0x5a, 0x01, 0x0b, 0x7e, 0x89, 0xbc, 0xbc, 0x01, 0x0a, 0x60, 0x07, 0x69, 0x59, 0x58, 0x40, 0x3c,
  0x04, 0x7b, 0x79, 0xfb, 0x0e, 0x05, 0x01, 0xa2, 0xa0, 0x00, 0x00, 0x00, 0xff, 0xff, 0x00, 0x7d,
  0xff, 0xe4, 0x04, 0xba, 0x05, 0x6b, 0x02, 0x22, 0x00, 0x44, 0x00, 0x00, 0x00, 0x03, 0x00, 0x43,
  0x01, 0x2a, 0x00, 0x00, 0xff, 0xff, 0x00, 0x7d, 0xff, 0xe4, 0x04, 0xba, 0x05, 0x6b, 0x02, 0x22,
  0x00, 0x44, 0x00, 0x00, 0x00, 0x03, 0x00, 0x73, 0x01, 0x98, 0x00, 0x00, 0xff, 0xff, 0x00, 0x7d,
  0xff, 0xe4, 0x04, 0xba, 0x05, 0x2c, 0x02, 0x22, 0x00, 0x44, 0x00, 0x00, 0x00, 0x03, 0x01, 0x42,
  0x01, 0x05, 0x00, 0x00, 0xff, 0xff, 0x00, 0x7d, 0xff, 0xe4, 0x04, 0xba, 0x05, 0x14, 0x02, 0x22,
  0x00, 0x44, 0x00, 0x00, 0x00, 0x03, 0x01, 0x49, 0x00, 0xff, 0x00, 0x00, 0xff, 0xff, 0x00, 0x7d,
  0xff, 0xe4, 0x04, 0xba, 0x05, 0x32, 0x02, 0x22, 0x00, 0x44, 0x00, 0x00, 0x00, 0x03, 0x00, 0x69,
  0x01, 0x2f, 0x00, 0x00, 0xff, 0xff, 0x00, 0x7d, 0xff, 0xe4, 0x04, 0xba, 0x05, 0x52, 0x02, 0x22,
  0x00, 0x44, 0x00, 0x00, 0x00, 0x03, 0x01, 0x47, 0x01, 0x1e, 0x00, 0x00, 0x00, 0x03, 0x00, 0x5a,
  0xff, 0xe4, 0x08, 0x21, 0x04, 0x2f, 0x00, 0x12, 0x00, 0x1c, 0x00, 0x47, 0x00, 0x00, 0x01, 0x26,
  0x27, 0x26, 0x23, 0x22, 0x00, 0x15, 0x14, 0x00, 0x33, 0x32, 0x37, 0x36, 0x37, 0x36, 0x37, 0x35,
  0x26, 0x05, 0x26, 0x27, 0x26, 0x23, 0x22, 0x07, 0x06, 0x07, 0x15, 0x11, 0x16, 0x17, 0x16, 0x33,
  0x32, 0x37, 0x36, 0x37, 0x17, 0x06, 0x07, 0x06, 0x23, 0x22, 0x27, 0x15, 0x23, 0x35, 0x06, 0x07,
  0x06, 0x23, 0x22, 0x00, 0x35, 0x34, 0x00, 0x33, 0x32, 0x17, 0x16, 0x17, 0x35, 0x33, 0x15, 0x36,
  0x33, 0x32, 0x17, 0x16, 0x17, 0x25, 0x04, 0x0e, 0x1e, 0x30, 0x85, 0xbc, 0xbc, 0xfe, 0xf6, 0x01,
  0x0a, 0xbc, 0xbc, 0x85, 0x30, 0x1e, 0x22, 0x0d, 0x0d, 0x03, 0x85, 0x20, 0x4c, 0x85, 0xbc, 0xbc,
  0x85, 0x1b, 0x15, 0x15, 0x1b, 0x85, 0xbc, 0xbc, 0x85, 0x17, 0x14, 0x60, 0x11, 0x36, 0xa1, 0xe4,
  0xd6, 0x9b, 0x5a, 0x1a, 0x1f, 0xa1, 0xe4, 0xe3, 0xfe, 0xbe, 0x01, 0x42, 0xe3, 0xe4, 0xa1, 0x1f,
  0x1a, 0x5a, 0x9b, 0xd6, 0xe4, 0xa1, 0x8e, 0x06, 0xfc, 0x76, 0x02, 0xe3, 0x37, 0x30, 0x85, 0xfe,
  0xf6, 0xbc, 0xbc, 0xfe, 0xf7, 0x85, 0x30, 0x36, 0x3c, 0x45, 0xb2, 0x45, 0x10, 0x67, 0x4c, 0x85,
  0x85, 0x1b, 0x1c, 0x7c, 0xfe, 0x69, 0x1d, 0x1a, 0x85, 0x85, 0x17, 0x19, 0x22, 0x1c, 0x36, 0xa1,
  0x8f, 0x73, 0xc8, 0x23, 0x20, 0xa1, 0x01, 0x42, 0xe3, 0xe4, 0x01, 0x42, 0xa1, 0x20, 0x23, 0x8b,
  0x36, 0x8f, 0xa1, 0x8f, 0xc3, 0x01, 0x00, 0x00, 0x00, 0x01, 0x00, 0x5a, 0xfe, 0xc5, 0x04, 0x3f,
  0x04, 0x2f, 0x00, 0x3d, 0x00, 0x00, 0x05, 0x26, 0x27, 0x26, 0x35, 0x34, 0x00, 0x33, 0x32, 0x17,
  0x16, 0x17, 0x07, 0x26, 0x27, 0x26, 0x23, 0x22, 0x00, 0x15, 0x14, 0x00, 0x33, 0x32, 0x37, 0x36,
  0x37, 0x17, 0x06, 0x07, 0x06, 0x23, 0x22, 0x27, 0x15, 0x07, 0x33, 0x07, 0x16, 0x17, 0x16, 0x17,
  0x16, 0x15, 0x14, 0x07, 0x06, 0x23, 0x22, 0x27, 0x37, 0x16, 0x33, 0x32, 0x37, 0x36, 0x3d, 0x01,
  0x26, 0x27, 0x26, 0x27, 0x02, 0x20, 0xa7, 0x7e, 0xa1, 0x01, 0x42, 0xe3, 0xe4, 0xa1, 0x21, 0x1a,
  0x5f, 0x0f, 0x11, 0x85, 0xbc, 0xbb, 0xfe, 0xf6, 0x01, 0x0a, 0xbb, 0xbc, 0x85, 0x11, 0x0f, 0x5f,
  0x1a, 0x21, 0xa1, 0xe4, 0x0d, 0x0d, 0x01, 0x01, 0x03, 0x0e, 0x0e, 0x3c, 0x08, 0x01, 0x2b, 0x33,
  0x4f, 0x22, 0x1e, 0x0b, 0x15, 0x19, 0x2d, 0x1d, 0x19, 0x05, 0x23, 0x23, 0x2a, 0x14, 0x1b, 0x7e,
  0xa1, 0xe4, 0xe3, 0x01, 0x42, 0xa1, 0x21, 0x23, 0x23, 0x12, 0x12, 0x84, 0xfe, 0xf7, 0xbc, 0xbc,
  0xfe, 0xf6, 0x85, 0x11, 0x12, 0x22, 0x24, 0x21, 0xa1, 0x01, 0x02, 0x06, 0x28, 0x07, 0x08, 0x27,
  0x37, 0x07, 0x07, 0x2d, 0x21, 0x27, 0x07, 0x37, 0x07, 0x17, 0x13, 0x1b, 0x07, 0x20, 0x17, 0x15,
  0x01, 0x00, 0x00, 0x00, 0xff, 0xff, 0x00, 0x5a, 0xff, 0xe4, 0x04, 0x3f, 0x05, 0x6b, 0x02, 0x22,
  0x00, 0x48, 0x00, 0x00, 0x00, 0x03, 0x00, 0x43, 0x00, 0xdb, 0x00, 0x00, 0xff, 0xff, 0x00, 0x5a,
  0xff, 0xe4, 0x04, 0x3f, 0x05, 0x6b, 0x02, 0x22, 0x00, 0x48, 0x00, 0x00, 0x00, 0x03, 0x00, 0x73,
  0x01, 0x49, 0x00, 0x00, 0xff, 0xff, 0x00, 0x5a, 0xff, 0xe4, 0x04, 0x3f, 0x05, 0x2c, 0x02, 0x22,
  0x00, 0x48, 0x00, 0x00, 0x00, 0x03, 0x01, 0x42, 0x00, 0xb6, 0x00, 0x00, 0xff, 0xff, 0x00, 0x5a,
  0xff, 0xe4, 0x04, 0x3f, 0x05, 0x32, 0x02, 0x22, 0x00, 0x48, 0x00, 0x00, 0x00, 0x03, 0x00, 0x69,
  0x00, 0xe0, 0x00, 0x00, 0xff, 0xff, 0xff, 0xfc, 0x00, 0x00, 0x01, 0x45, 0x05, 0x6b, 0x02, 0x22,
  0x00, 0xec, 0x00, 0x00, 0x00, 0x03, 0x00, 0x43, 0xff, 0x66, 0x00, 0x00, 0xff, 0xff, 0x00, 0x69,
  0x00, 0x00, 0x01, 0xb2, 0x05, 0x6b, 0x02, 0x22, 0x00, 0xec, 0x00, 0x00, 0x00, 0x02, 0x00, 0x73,
  0xd3, 0x00, 0x00, 0x00, 0xff, 0xff, 0xff, 0xba, 0x00, 0x00, 0x01, 0xf5, 0x05, 0x2c, 0x02, 0x22,
  0x00, 0xec, 0x01, 0x00, 0x00, 0x03, 0x01, 0x42, 0xff, 0x41, 0x00, 0x00, 0xff, 0xff, 0xff, 0xe7,
  0x00, 0x00, 0x01, 0xc7, 0x05, 0x32, 0x02, 0x22, 0x00, 0xec, 0x00, 0x00, 0x00, 0x03, 0x00, 0x69,
  0xff, 0x6a, 0x00, 0x00, 0x00, 0x02, 0x00, 0x5a, 0xff, 0xe4, 0x04, 0xa4, 0x05, 0x35, 0x00, 0x0b,
  0x00, 0x25, 0x00, 0x00, 0x12, 0x15, 0x14, 0x00, 0x33, 0x32, 0x00, 0x35, 0x34, 0x00, 0x23, 0x22,
  0x05, 0x16, 0x17, 0x16, 0x15, 0x14, 0x00, 0x23, 0x22, 0x00, 0x35, 0x34, 0x00, 0x33, 0x32, 0x17,
  0x27, 0x23, 0x35, 0x33, 0x27, 0x33, 0x17, 0x33, 0x15, 0x23, 0xb9, 0x01, 0x0a, 0xbc, 0xbc, 0x01,
  0x0a, 0xfe, 0xf6, 0xbc, 0xbc, 0x01, 0xfa, 0x25, 0x22, 0xa0, 0xfe, 0xbf, 0xe4, 0xe3, 0xfe, 0xbe,
  0x01, 0x42, 0xe3, 0x21, 0x20, 0x36, 0xa8, 0x57, 0x68, 0x80, 0x73, 0xa4, 0x49, 0x02, 0xc5, 0xbc,
  0xbc, 0xfe, 0xf7, 0x01, 0x09, 0xbc, 0xbc, 0x01, 0x0a, 0x04, 0x1b, 0x22, 0xa1, 0xe4, 0xe3, 0xfe,
  0xbe, 0x01, 0x42, 0xe3, 0xe4, 0x01, 0x42, 0x03, 0x3c, 0x5a, 0x73, 0x73, 0x5a, 0x00, 0x00, 0x00,
  0xff, 0xff, 0x00, 0x96, 0x00, 0x00, 0x03, 0x99, 0x05, 0x14, 0x02, 0x22, 0x00, 0x51, 0x00, 0x00,
  0x00, 0x02, 0x01, 0x49, 0x7b, 0x00, 0x00, 0x00, 0xff, 0xff, 0x00, 0x5a, 0xff, 0xe4, 0x04, 0xa4,
  0x05, 0x6b, 0x02, 0x22, 0x00, 0x52, 0x00, 0x00, 0x00, 0x03, 0x00, 0x43, 0x01, 0x0e, 0x00, 0x00,
  0xff, 0xff, 0x00, 0x5a, 0xff, 0xe4, 0x04, 0xa4, 0x05, 0x6b, 0x02, 0x22, 0x00, 0x52, 0x00, 0x00,
  0x00, 0x03, 0x00, 0x73, 0x01, 0x7b, 0x00, 0x00, 0xff, 0xff, 0x00, 0x5a, 0xff, 0xe4, 0x04, 0xa4,
  0x05, 0x2c, 0x02, 0x22, 0x00, 0x52, 0x00, 0x00, 0x00, 0x03, 0x01, 0x42, 0x00, 0xe9, 0x00, 0x00,
  0xff, 0xff, 0x00, 0x5a, 0xff, 0xe4, 0x04, 0xa4, 0x05, 0x14, 0x02, 0x22, 0x00, 0x52, 0x00, 0x00,
  0x00, 0x03, 0x01, 0x49, 0x00, 0xe3, 0x00, 0x00, 0xff, 0xff, 0x00, 0x5a, 0xff, 0xe4, 0x04, 0xa4,
  0x05, 0x32, 0x02, 0x22, 0x00, 0x52, 0x00, 0x00, 0x00, 0x03, 0x00, 0x69, 0x01, 0x12, 0x00, 0x00,
  0x00, 0x03, 0x00, 0x7d, 0x01, 0x44, 0x03, 0x9d, 0x03, 0x87, 0x00, 0x03, 0x00, 0x0f, 0x00, 0x1b,
  0x00, 0x00, 0x13, 0x21, 0x15, 0x21, 0x00, 0x16, 0x15, 0x14, 0x06, 0x23, 0x22, 0x26, 0x35, 0x34,
  0x36, 0x33, 0x12, 0x16, 0x15, 0x14, 0x06, 0x23, 0x22, 0x26, 0x35, 0x34, 0x36, 0x33, 0x7d, 0x03,
  0x20, 0xfc, 0xe0, 0x01, 0xb5, 0x35, 0x35, 0x25, 0x25, 0x35, 0x35, 0x25, 0x25, 0x35, 0x35, 0x25,
  0x25, 0x35, 0x35, 0x25, 0x02, 0x93, 0x5a, 0x01, 0x4e, 0x34, 0x25, 0x26, 0x34, 0x34, 0x26, 0x25,
  0x34, 0xfe, 0x70, 0x34, 0x25, 0x26, 0x34, 0x34, 0x26, 0x25, 0x34, 0x00, 0x00, 0x03, 0x00, 0x5a,
  0xff, 0x44, 0x04, 0xa4, 0x04, 0xd0, 0x00, 0x09, 0x00, 0x13, 0x00, 0x2b, 0x00, 0x00, 0x01, 0x26,
  0x23, 0x22, 0x00, 0x15, 0x14, 0x17, 0x16, 0x17, 0x09, 0x01, 0x16, 0x33, 0x32, 0x00, 0x35, 0x34,
  0x27, 0x26, 0x01, 0x26, 0x27, 0x26, 0x35, 0x34, 0x00, 0x33, 0x32, 0x17, 0x37, 0x17, 0x07, 0x16,
  0x17, 0x16, 0x15, 0x14, 0x00, 0x23, 0x22, 0x27, 0x07, 0x27, 0x03, 0x3b, 0x56, 0x66, 0xbc, 0xfe,
  0xf6, 0x85, 0x1b, 0x1e, 0x02, 0x11, 0xfe, 0x3b, 0x56, 0x66, 0xbc, 0x01, 0x0a, 0x85, 0x1b, 0xfd,
  0xa2, 0x28, 0x24, 0xa1, 0x01, 0x42, 0xe3, 0x81, 0x6c, 0x7a, 0x4f, 0x7d, 0x28, 0x24, 0xa0, 0xfe,
  0xbf, 0xe4, 0x81, 0x6b, 0x7b, 0x4f, 0x03, 0xa9, 0x27, 0xfe, 0xf6, 0xbc, 0xbc, 0x84, 0x1c, 0x15,
  0x02, 0xe2, 0xfc, 0xf1, 0x27, 0x01, 0x09, 0xbc, 0xbc, 0x85, 0x1b, 0xfc, 0xe0, 0x1c, 0x24, 0xa1,
  0xe3, 0xe4, 0x01, 0x42, 0x34, 0xd4, 0x29, 0xd8, 0x1c, 0x24, 0xa1, 0xe4, 0xe3, 0xfe, 0xbe, 0x34,
  0xd5, 0x26, 0x00, 0x00, 0xff, 0xff, 0x00, 0x96, 0xff, 0xf2, 0x03, 0xb5, 0x05, 0x6b, 0x02, 0x22,
  0x00, 0x58, 0x00, 0x00, 0x00, 0x03, 0x00, 0x43, 0x00, 0xb4, 0x00, 0x00, 0xff, 0xff, 0x00, 0x96,
  0xff, 0xf2, 0x03, 0xb5, 0x05, 0x6b, 0x02, 0x22, 0x00, 0x58, 0x00, 0x00, 0x00, 0x03, 0x00, 0x73,
  0x01, 0x22, 0x00, 0x00, 0xff, 0xff, 0x00, 0x96, 0xff, 0xf2, 0x03, 0xb5, 0x05, 0x2c, 0x02, 0x22,
  0x00, 0x58, 0x00, 0x00, 0x00, 0x03, 0x01, 0x42, 0x00, 0x8f, 0x00, 0x00, 0xff, 0xff, 0x00, 0x96,
  0xff, 0xf2, 0x03, 0xb5, 0x05, 0x32, 0x02, 0x22, 0x00, 0x58, 0x00, 0x00, 0x00, 0x03, 0x00, 0x69,
  0x00, 0xb9, 0x00, 0x00, 0xff, 0xff, 0x00, 0x4b, 0xfe, 0x89, 0x03, 0xa2, 0x05, 0x6b, 0x02, 0x22,
  0x00, 0x5c, 0x00, 0x00, 0x00, 0x03, 0x00, 0x73, 0x00, 0xf3, 0x00, 0x00, 0x00, 0x02, 0x00, 0x96,
  0xfe, 0x89, 0x04, 0xd2, 0x06, 0x40, 0x00, 0x12, 0x00, 0x21, 0x00, 0x00, 0x13, 0x36, 0x37, 0x36,
  0x33, 0x32, 0x00, 0x15, 0x14, 0x00, 0x23, 0x22, 0x27, 0x26, 0x27, 0x11, 0x23, 0x11, 0x33, 0x11,
  0x16, 0x17, 0x16, 0x33, 0x32, 0x00, 0x35, 0x34, 0x00, 0x23, 0x22, 0x07, 0x06, 0x07, 0xf0, 0x19,
  0x20, 0xa1, 0xe3, 0xe4, 0x01, 0x41, 0xfe, 0xbf, 0xe4, 0xe3, 0xa1, 0x20, 0x19, 0x5a, 0x5a, 0x1a,
  0x62, 0x85, 0xbc, 0xbc, 0x01, 0x0a, 0xfe, 0xf6, 0xbc, 0xbc, 0x85, 0x62, 0x1a, 0x03, 0x4c, 0x22,
  0x20, 0xa0, 0xfe, 0xbf, 0xe4, 0xe3, 0xfe, 0xbe, 0xa1, 0x20, 0x22, 0xfd, 0xc2, 0x07, 0xb7, 0xfb,
  0x6b, 0x81, 0x62, 0x85, 0x01, 0x0a, 0xbc, 0xbc, 0x01, 0x0a, 0x85, 0x62, 0x81, 0x00, 0x00, 0x00,
  0xff, 0xff, 0x00, 0x4b, 0xfe, 0x89, 0x03, 0xa2, 0x05, 0x32, 0x02, 0x22, 0x00, 0x5c, 0x00, 0x00,
  0x00, 0x03, 0x00, 0x69, 0x00, 0x8a, 0x00, 0x00, 0xff, 0xff, 0x00, 0x32, 0x00, 0x00, 0x04, 0xd9,
  0x07, 0x35, 0x02, 0x22, 0x00, 0x24, 0x00, 0x00, 0x00, 0x03, 0x01, 0x44, 0x00, 0xc9, 0x02, 0x6a,
  0xff, 0xff, 0x00, 0x7d, 0xff, 0xe4, 0x04, 0xba, 0x04, 0xcb, 0x02, 0x22, 0x00, 0x44, 0x00, 0x00,
  0x00, 0x03, 0x01, 0x44, 0x00, 0xdf, 0x00, 0x00, 0xff, 0xff, 0x00, 0x32, 0x00, 0x00, 0x04, 0xd9,
  0x07, 0xa4, 0x02, 0x22, 0x00, 0x24, 0x00, 0x00, 0x00, 0x03, 0x01, 0x45, 0x00, 0xce, 0x02, 0x6a,
  0xff, 0xff, 0x00, 0x7d, 0xff, 0xe4, 0x04, 0xba, 0x05, 0x3a, 0x02, 0x22, 0x00, 0x44, 0x00, 0x00,
  0x00, 0x03, 0x01, 0x45, 0x00, 0xe4, 0x00, 0x00, 0x00, 0x02, 0x00, 0x32, 0xfe, 0xcf, 0x04, 0xd9,
  0x06, 0x65, 0x00, 0x02, 0x00, 0x1e, 0x00, 0x00, 0x01, 0x0b, 0x01, 0x01, 0x03, 0x21, 0x03, 0x23,
  0x09, 0x01, 0x23, 0x06, 0x07, 0x06, 0x15, 0x14, 0x17, 0x16, 0x33, 0x32, 0x37, 0x17, 0x06, 0x23,
  0x22, 0x27, 0x26, 0x35, 0x34, 0x37, 0x36, 0x03, 0x7a, 0xf4, 0xf4, 0x02, 0xd9, 0xd0, 0xfd, 0xd6,
  0xdf, 0x60, 0x02, 0x54, 0x02, 0x53, 0x5f, 0x4b, 0x0a, 0x02, 0x16, 0x1e, 0x32, 0x1e, 0x1c, 0x16,
  0x38, 0x37, 0x49, 0x2c, 0x23, 0x02, 0x0e, 0x02, 0xbf, 0x02, 0x9f, 0xfd, 0x61, 0xfd, 0x6a, 0x02,
  0x3c, 0xfd, 0x9b, 0x06, 0x65, 0xf9, 0x9b, 0x26, 0x40, 0x12, 0x10, 0x30, 0x1a, 0x24, 0x0e, 0x32,
  0x17, 0x31, 0x27, 0x39, 0x0e, 0x0f, 0x63, 0x00, 0x00, 0x02, 0x00, 0x7d, 0xfe, 0xcf, 0x04, 0xc4,
  0x04, 0x2f, 0x00, 0x0e, 0x00, 0x36, 0x00, 0x00, 0x01, 0x35, 0x26, 0x27, 0x26, 0x23, 0x22, 0x00,
  0x15, 0x14, 0x00, 0x33, 0x32, 0x37, 0x36, 0x17, 0x35, 0x06, 0x07, 0x06, 0x23, 0x22, 0x00, 0x35,
  0x34, 0x00, 0x33, 0x32, 0x17, 0x16, 0x17, 0x35, 0x33, 0x11, 0x23, 0x06, 0x07, 0x06, 0x15, 0x14,
  0x17, 0x16, 0x33, 0x32, 0x37, 0x17, 0x06, 0x23, 0x22, 0x27, 0x26, 0x35, 0x34, 0x37, 0x36, 0x04,
  0x60, 0x19, 0x64, 0x85, 0xbc, 0xbc, 0xfe, 0xf6, 0x01, 0x0a, 0xbc, 0xbc, 0x85, 0x64, 0x19, 0x1a,
  0x1f, 0xa1, 0xe4, 0xe3, 0xfe, 0xbe, 0x01, 0x42, 0xe3, 0xe4, 0xa1, 0x1f, 0x1a, 0x5a, 0x5a, 0x47,
  0x09, 0x02, 0x16, 0x1e, 0x32, 0x1e, 0x1c, 0x16, 0x38, 0x37, 0x49, 0x2c, 0x23, 0x02, 0x0f, 0x01,
  0xb0, 0xb2, 0x84, 0x64, 0x85, 0xfe, 0xf6, 0xbc, 0xbc, 0xfe, 0xf7, 0x85, 0x64, 0xff, 0x9a, 0x23,
  0x20, 0xa1, 0x01, 0x42, 0xe3, 0xe4, 0x01, 0x42, 0xa1, 0x20, 0x23, 0x8b, 0xfc, 0x2a, 0x27, 0x3f,
  0x12, 0x10, 0x30, 0x1a, 0x24, 0x0e, 0x32, 0x17, 0x31, 0x27, 0x39, 0x0e, 0x0f, 0x67, 0x00, 0x00,
  0x00, 0x02, 0x00, 0x7d, 0xff, 0xed, 0x05, 0xd7, 0x07, 0xd5, 0x00, 0x15, 0x00, 0x19, 0x00, 0x00,
  0x25, 0x17, 0x06, 0x21, 0x20, 0x00, 0x11, 0x10, 0x00, 0x21, 0x20, 0x17, 0x07, 0x26, 0x21, 0x20,
  0x00, 0x11, 0x10, 0x00, 0x21, 0x20, 0x03, 0x07, 0x23, 0x37, 0x05, 0x93, 0x44, 0xea, 0xfe, 0xc3,
  0xfe, 0xac, 0xfe, 0x21, 0x01, 0xdf, 0x01, 0x54, 0x01, 0x3d, 0xea, 0x44, 0xce, 0xfe, 0xeb, 0xfe,
  0xd3, 0xfe, 0x56, 0x01, 0xaa, 0x01, 0x2d, 0x01, 0x15, 0x5c, 0xf5, 0x54, 0xa3, 0xff, 0x3d, 0xd5,
  0x01, 0xdf, 0x01, 0x54, 0x01, 0x53, 0x01, 0xe0, 0xd5, 0x3e, 0xb7, 0xfe, 0x56, 0xfe, 0xd3, 0xfe,
  0xd2, 0xfe, 0x56, 0x07, 0x8d, 0xbb, 0xbb, 0x00, 0x00, 0x02, 0x00, 0x5a, 0xff, 0xe4, 0x04, 0x3f,
  0x05, 0x6b, 0x00, 0x1d, 0x00, 0x21, 0x00, 0x00, 0x25, 0x17, 0x06, 0x07, 0x06, 0x23, 0x22, 0x00,
  0x35, 0x34, 0x00, 0x33, 0x32, 0x17, 0x16, 0x17, 0x07, 0x26, 0x27, 0x26, 0x23, 0x22, 0x00, 0x15,
  0x14, 0x00, 0x33, 0x32, 0x37, 0x36, 0x03, 0x07, 0x23, 0x37, 0x03, 0xe0, 0x5f, 0x1a, 0x21, 0xa1,
  0xe4, 0xe3, 0xfe, 0xbe, 0x01, 0x42, 0xe3, 0xe4, 0xa1, 0x21, 0x1a, 0x5f, 0x0f, 0x11, 0x85, 0xbc,
  0xbb, 0xfe, 0xf6, 0x01, 0x0a, 0xbb, 0xbc, 0x85, 0x11, 0x77, 0xf5, 0x54, 0xa3, 0xec, 0x22, 0x24,
  0x21, 0xa1, 0x01, 0x42, 0xe4, 0xe3, 0x01, 0x42, 0xa1, 0x21, 0x23, 0x23, 0x12, 0x12, 0x84, 0xfe,
  0xf7, 0xbc, 0xbc, 0xfe, 0xf6, 0x85, 0x11, 0x04, 0x91, 0xbb, 0xbb, 0x00, 0x00, 0x02, 0x00, 0x7d,
  0xff, 0xed, 0x05, 0xd7, 0x07, 0x96, 0x00, 0x15, 0x00, 0x1c, 0x00, 0x00, 0x25, 0x17, 0x06, 0x21,
  0x20, 0x00, 0x11, 0x10, 0x00, 0x21, 0x20, 0x17, 0x07, 0x26, 0x21, 0x20, 0x00, 0x11, 0x10, 0x00,
  0x21, 0x20, 0x01, 0x17, 0x23, 0x27, 0x07, 0x23, 0x37, 0x05, 0x93, 0x44, 0xea, 0xfe, 0xc3, 0xfe,
  0xac, 0xfe, 0x21, 0x01, 0xdf, 0x01, 0x54, 0x01, 0x3d, 0xea, 0x44, 0xce, 0xfe, 0xeb, 0xfe, 0xd3,
  0xfe, 0x56, 0x01, 0xaa, 0x01, 0x2d, 0x01, 0x15, 0xfe, 0xf9, 0xee, 0x68, 0xba, 0xb0, 0x69, 0xe5,
  0xff, 0x3d, 0xd5, 0x01, 0xdf, 0x01, 0x54, 0x01, 0x53, 0x01, 0xe0, 0xd5, 0x3e, 0xb7, 0xfe, 0x56,
  0xfe, 0xd3, 0xfe, 0xd2, 0xfe, 0x56, 0x07, 0x4e, 0xea, 0x8f, 0x8f, 0xea, 0x00, 0x02, 0x00, 0x5a,
  0xff, 0xe4, 0x04, 0x3f, 0x05, 0x2c, 0x00, 0x1d, 0x00, 0x24, 0x00, 0x00, 0x25, 0x17, 0x06, 0x07,
  0x06, 0x23, 0x22, 0x00, 0x35, 0x34, 0x00, 0x33, 0x32, 0x17, 0x16, 0x17, 0x07, 0x26, 0x27, 0x26,
  0x23, 0x22, 0x00, 0x15, 0x14, 0x00, 0x33, 0x32, 0x37, 0x36, 0x01, 0x17, 0x23, 0x27, 0x07, 0x23,
  0x37, 0x03, 0xe0, 0x5f, 0x1a, 0x21, 0xa1, 0xe4, 0xe3, 0xfe, 0xbe, 0x01, 0x42, 0xe3, 0xe4, 0xa1,
  0x21, 0x1a, 0x5f, 0x0f, 0x11, 0x85, 0xbc, 0xbb, 0xfe, 0xf6, 0x01, 0x0a, 0xbb, 0xbc, 0x85, 0x11,
  0xfe, 0xdd, 0xee, 0x68, 0xba, 0xb0, 0x69, 0xe5, 0xec, 0x22, 0x24, 0x21, 0xa1, 0x01, 0x42, 0xe4,
  0xe3, 0x01, 0x42, 0xa1, 0x21, 0x23, 0x23, 0x12, 0x12, 0x84, 0xfe, 0xf7, 0xbc, 0xbc, 0xfe, 0xf6,
  0x85, 0x11, 0x04, 0x52, 0xea, 0x8f, 0x8f, 0xea, 0x00, 0x02, 0x00, 0x7d, 0xff, 0xed, 0x05, 0xd7,
  0x07, 0x81, 0x00, 0x15, 0x00, 0x21, 0x00, 0x00, 0x25, 0x17, 0x06, 0x21, 0x20, 0x00, 0x11, 0x10,
  0x00, 0x21, 0x20, 0x17, 0x07, 0x26, 0x21, 0x20, 0x00, 0x11, 0x10, 0x00, 0x21, 0x20, 0x02, 0x16,
  0x15, 0x14, 0x06, 0x23, 0x22, 0x26, 0x35, 0x34, 0x36, 0x33, 0x05, 0x93, 0x44, 0xea, 0xfe, 0xc3,
  0xfe, 0xac, 0xfe, 0x21, 0x01, 0xdf, 0x01, 0x54, 0x01, 0x3d, 0xea, 0x44, 0xce, 0xfe, 0xeb, 0xfe,
  0xd3, 0xfe, 0x56, 0x01, 0xaa, 0x01, 0x2d, 0x01, 0x15, 0xf9, 0x2d, 0x2d, 0x1f, 0x20, 0x2d, 0x2d,
  0x20, 0xff, 0x3d, 0xd5, 0x01, 0xdf, 0x01, 0x54, 0x01, 0x53, 0x01, 0xe0, 0xd5, 0x3e, 0xb7, 0xfe,
  0x56, 0xfe, 0xd3, 0xfe, 0xd2, 0xfe, 0x56, 0x07, 0x39, 0x2c, 0x20, 0x20, 0x2c, 0x2c, 0x20, 0x20,
  0x2c, 0x00, 0x00, 0x00, 0x00, 0x02, 0x00, 0x5a, 0xff, 0xe4, 0x04, 0x3f, 0x05, 0x17, 0x00, 0x1d,
  0x00, 0x29, 0x00, 0x00, 0x25, 0x17, 0x06, 0x07, 0x06, 0x23, 0x22, 0x00, 0x35, 0x34, 0x00, 0x33,
  0x32, 0x17, 0x16, 0x17, 0x07, 0x26, 0x27, 0x26, 0x23, 0x22, 0x00, 0x15, 0x14, 0x00, 0x33, 0x32,
  0x37, 0x36, 0x00, 0x16, 0x15, 0x14, 0x06, 0x23, 0x22, 0x26, 0x35, 0x34, 0x36, 0x33, 0x03, 0xe0,
  0x5f, 0x1a, 0x21, 0xa1, 0xe4, 0xe3, 0xfe, 0xbe, 0x01, 0x42, 0xe3, 0xe4, 0xa1, 0x21, 0x1a, 0x5f,
  0x0f, 0x11, 0x85, 0xbc, 0xbb, 0xfe, 0xf6, 0x01, 0x0a, 0xbb, 0xbc, 0x85, 0x11, 0xfe, 0xcd, 0x2d,
  0x2d, 0x1f, 0x20, 0x2d, 0x2d, 0x20, 0xec, 0x22, 0x24, 0x21, 0xa1, 0x01, 0x42, 0xe4, 0xe3, 0x01,
  0x42, 0xa1, 0x21, 0x23, 0x23, 0x12, 0x12, 0x84, 0xfe, 0xf7, 0xbc, 0xbc, 0xfe, 0xf6, 0x85, 0x11,
  0x04, 0x3d, 0x2c, 0x20, 0x20, 0x2c, 0x2c, 0x20, 0x20, 0x2c, 0x00, 0x00, 0x00, 0x02, 0x00, 0x7d,
  0xff, 0xed, 0x05, 0xd7, 0x07, 0x96, 0x00, 0x15, 0x00, 0x1c, 0x00, 0x00, 0x25, 0x17, 0x06, 0x21,
  0x20, 0x00, 0x11, 0x10, 0x00, 0x21, 0x20, 0x17, 0x07, 0x26, 0x21, 0x20, 0x00, 0x11, 0x10, 0x00,
  0x21, 0x20, 0x01, 0x27, 0x33, 0x17, 0x37, 0x33, 0x07, 0x05, 0x93, 0x44, 0xea, 0xfe, 0xc3, 0xfe,
  0xac, 0xfe, 0x21, 0x01, 0xdf, 0x01, 0x54, 0x01, 0x3d, 0xea, 0x44, 0xce, 0xfe, 0xeb, 0xfe, 0xd3,
  0xfe, 0x56, 0x01, 0xaa, 0x01, 0x2d, 0x01, 0x15, 0xfe, 0x2d, 0xe5, 0x69, 0xb0, 0xba, 0x68, 0xee,
  0xff, 0x3d, 0xd5, 0x01, 0xdf, 0x01, 0x54, 0x01, 0x53, 0x01, 0xe0, 0xd5, 0x3e, 0xb7, 0xfe, 0x56,
  0xfe, 0xd3, 0xfe, 0xd2, 0xfe, 0x56, 0x06, 0x64, 0xea, 0x8f, 0x8f, 0xea, 0x00, 0x02, 0x00, 0x5a,
  0xff, 0xe4, 0x04, 0x3f, 0x05, 0x2c, 0x00, 0x1d, 0x00, 0x24, 0x00, 0x00, 0x25, 0x17, 0x06, 0x07,
  0x06, 0x23, 0x22, 0x00, 0x35, 0x34, 0x00, 0x33, 0x32, 0x17, 0x16, 0x17, 0x07, 0x26, 0x27, 0x26,
  0x23, 0x22, 0x00, 0x15, 0x14, 0x00, 0x33, 0x32, 0x37, 0x36, 0x01, 0x27, 0x33, 0x17, 0x37, 0x33,
  0x07, 0x03, 0xe0, 0x5f, 0x1a, 0x21, 0xa1, 0xe4, 0xe3, 0xfe, 0xbe, 0x01, 0x42, 0xe3, 0xe4, 0xa1,
  0x21, 0x1a, 0x5f, 0x0f, 0x11, 0x85, 0xbc, 0xbb, 0xfe, 0xf6, 0x01, 0x0a, 0xbb, 0xbc, 0x85, 0x11,
  0xfe, 0x43, 0xe5, 0x69, 0xb0, 0xba, 0x68, 0xee, 0xec, 0x22, 0x24, 0x21, 0xa1, 0x01, 0x42, 0xe4,
  0xe3, 0x01, 0x42, 0xa1, 0x21, 0x23, 0x23, 0x12, 0x12, 0x84, 0xfe, 0xf7, 0xbc, 0xbc, 0xfe, 0xf6,
  0x85, 0x11, 0x03, 0x68, 0xea, 0x8f, 0x8f, 0xea, 0x00, 0x03, 0x00, 0x96, 0x00, 0x00, 0x04, 0x4b,
  0x07, 0x32, 0x00, 0x0a, 0x00, 0x19, 0x00, 0x20, 0x00, 0x00, 0x13, 0x11, 0x33, 0x20, 0x37, 0x36,
  0x11, 0x10, 0x27, 0x26, 0x21, 0x27, 0x33, 0x20, 0x17, 0x16, 0x11, 0x10, 0x07, 0x06, 0x21, 0x23,
  0x15, 0x23, 0x11, 0x33, 0x25, 0x27, 0x33, 0x17, 0x37, 0x33, 0x07, 0xf0, 0x07, 0x01, 0x64, 0xbf,
  0xd5, 0xd5, 0xbf, 0xfe, 0x9c, 0x07, 0x07, 0x01, 0x8b, 0xd9, 0xf0, 0xf0, 0xd9, 0xfe, 0x75, 0x07,
  0x5a, 0x5a, 0x01, 0x48, 0xe5, 0x69, 0xb0, 0xba, 0x68, 0xee, 0x05, 0xe2, 0xfa, 0x7b, 0xc0, 0xd5,
  0x01, 0x2e, 0x01, 0x2d, 0xd6, 0xbf, 0x5c, 0xda, 0xf1, 0xfe, 0xad, 0xfe, 0xac, 0xf0, 0xda, 0x02,
  0x06, 0x40, 0x08, 0xea, 0x8f, 0x8f, 0xea, 0x00, 0x00, 0x03, 0x00, 0x7d, 0xff, 0xe4, 0x05, 0xbe,
  0x06, 0x43, 0x00, 0x12, 0x00, 0x21, 0x00, 0x30, 0x00, 0x00, 0x21, 0x23, 0x35, 0x06, 0x07, 0x06,
  0x23, 0x22, 0x00, 0x35, 0x34, 0x00, 0x33, 0x32, 0x17, 0x16, 0x17, 0x11, 0x33, 0x03, 0x35, 0x26,
  0x27, 0x26, 0x23, 0x22, 0x00, 0x15, 0x14, 0x00, 0x33, 0x32, 0x37, 0x36, 0x01, 0x26, 0x27, 0x26,
  0x35, 0x34, 0x36, 0x33, 0x32, 0x16, 0x15, 0x14, 0x0f, 0x01, 0x23, 0x04, 0xba, 0x5a, 0x1a, 0x1f,
  0xa1, 0xe4, 0xe3, 0xfe, 0xbe, 0x01, 0x42, 0xe3, 0xe4, 0xa1, 0x1f, 0x1a, 0x5a, 0x5a, 0x19, 0x64,
  0x85, 0xbc, 0xbc, 0xfe, 0xf6, 0x01, 0x0a, 0xbc, 0xbc, 0x85, 0x64, 0x01, 0x06, 0x17, 0x11, 0x1b,
  0x35, 0x25, 0x25, 0x35, 0x07, 0x62, 0x41, 0xc8, 0x23, 0x20, 0xa1, 0x01, 0x42, 0xe3, 0xe4, 0x01,
  0x42, 0xa1, 0x20, 0x23, 0x02, 0xf5, 0xfb, 0x70, 0xb2, 0x84, 0x64, 0x85, 0xfe, 0xf6, 0xbc, 0xbc,
  0xfe, 0xf7, 0x85, 0x64, 0x04, 0x66, 0x05, 0x12, 0x1a, 0x26, 0x25, 0x34, 0x34, 0x25, 0x15, 0x12,
  0xc6, 0x00, 0x00, 0x00, 0x00, 0x02, 0x00, 0x32, 0x00, 0x00, 0x04, 0x87, 0x06, 0x40, 0x00, 0x12,
  0x00, 0x21, 0x00, 0x00, 0x13, 0x11, 0x33, 0x15, 0x33, 0x20, 0x17, 0x16, 0x11, 0x10, 0x07, 0x06,
  0x21, 0x23, 0x15, 0x23, 0x11, 0x23, 0x35, 0x33, 0x21, 0x15, 0x21, 0x11, 0x33, 0x20, 0x37, 0x36,
  0x11, 0x10, 0x27, 0x26, 0x21, 0x23, 0xd2, 0x5a, 0x07, 0x01, 0x8b, 0xd9, 0xf0, 0xf0, 0xd9, 0xfe,
  0x75, 0x07, 0x5a, 0xa0, 0xfa, 0x01, 0x72, 0xfe, 0x8e, 0x07, 0x01, 0x64, 0xbf, 0xd5, 0xd5, 0xbf,
  0xfe, 0x9c, 0x07, 0x03, 0x4d, 0x02, 0xf3, 0x02, 0xda, 0xf1, 0xfe, 0xad, 0xfe, 0xac, 0xf0, 0xda,
  0x02, 0x02, 0xf3, 0x5a, 0x5a, 0xfd, 0x6a, 0xc0, 0xd5, 0x01, 0x2e, 0x01, 0x2d, 0xd6, 0xbf, 0x00,
  0x00, 0x02, 0x00, 0x7d, 0xff, 0xe4, 0x05, 0x1d, 0x06, 0x40, 0x00, 0x0e, 0x00, 0x29, 0x00, 0x00,
  0x01, 0x35, 0x26, 0x27, 0x26, 0x23, 0x22, 0x00, 0x15, 0x14, 0x00, 0x33, 0x32, 0x37, 0x36, 0x13,
  0x11, 0x23, 0x35, 0x06, 0x07, 0x06, 0x23, 0x22, 0x00, 0x35, 0x34, 0x00, 0x33, 0x32, 0x17, 0x16,
  0x17, 0x11, 0x21, 0x35, 0x21, 0x35, 0x33, 0x15, 0x33, 0x15, 0x04, 0x60, 0x19, 0x64, 0x85, 0xbc,
  0xbc, 0xfe, 0xf6, 0x01, 0x0a, 0xbc, 0xbc, 0x85, 0x64, 0x73, 0x5a, 0x1a, 0x1f, 0xa1, 0xe4, 0xe3,
  0xfe, 0xbe, 0x01, 0x42, 0xe3, 0xe4, 0xa1, 0x1f, 0x1a, 0xfe, 0xdd, 0x01, 0x23, 0x5a, 0x63, 0x01,
  0xb0, 0xb2, 0x84, 0x64, 0x85, 0xfe, 0xf6, 0xbc, 0xbc, 0xfe, 0xf7, 0x85, 0x64, 0x03, 0xd6, 0xfa,
  0xfd, 0xc8, 0x23, 0x20, 0xa1, 0x01, 0x42, 0xe3, 0xe4, 0x01, 0x42, 0xa1, 0x20, 0x23, 0x01, 0xb8,
  0x5a, 0xe3, 0xe3, 0x5a, 0xff, 0xff, 0x00, 0x96, 0x00, 0x00, 0x03, 0xb6, 0x07, 0x35, 0x02, 0x22,
  0x00, 0x28, 0x00, 0x00, 0x00, 0x03, 0x01, 0x44, 0x00, 0x69, 0x02, 0x6a, 0xff, 0xff, 0x00, 0x5a,
  0xff, 0xe4, 0x04, 0x3f, 0x04, 0xcb, 0x02, 0x22, 0x00, 0x48, 0x00, 0x00, 0x00, 0x03, 0x01, 0x44,
  0x00, 0x90, 0x00, 0x00, 0xff, 0xff, 0x00, 0x96, 0x00, 0x00, 0x03, 0xb6, 0x07, 0xa4, 0x02, 0x22,
  0x00, 0x28, 0x00, 0x00, 0x00, 0x03, 0x01, 0x45, 0x00, 0x6e, 0x02, 0x6a, 0xff, 0xff, 0x00, 0x5a,
  0xff, 0xe4, 0x04, 0x3f, 0x05, 0x3a, 0x02, 0x22, 0x00, 0x48, 0x00, 0x00, 0x00, 0x03, 0x01, 0x45,
  0x00, 0x95, 0x00, 0x00, 0xff, 0xff, 0x00, 0x96, 0x00, 0x00, 0x03, 0xb6, 0x07, 0x81, 0x02, 0x22,
  0x00, 0x28, 0x00, 0x00, 0x00, 0x03, 0x01, 0x46, 0x01, 0x5d, 0x02, 0x6a, 0xff, 0xff, 0x00, 0x5a,
  0xff, 0xe4, 0x04, 0x3f, 0x05, 0x17, 0x02, 0x22, 0x00, 0x48, 0x00, 0x00, 0x00, 0x03, 0x01, 0x46,
  0x01, 0x83, 0x00, 0x00, 0x00, 0x01, 0x00, 0x96, 0xfe, 0xcf, 0x03, 0xb6, 0x06, 0x40, 0x00, 0x21,
  0x00, 0x00, 0x29, 0x01, 0x11, 0x21, 0x15, 0x21, 0x11, 0x21, 0x15, 0x21, 0x11, 0x21, 0x15, 0x23,
  0x06, 0x07, 0x06, 0x15, 0x14, 0x17, 0x16, 0x33, 0x32, 0x37, 0x17, 0x06, 0x23, 0x22, 0x27, 0x26,
  0x35, 0x34, 0x37, 0x36, 0x03, 0x08, 0xfd, 0x8e, 0x03, 0x20, 0xfd, 0x3a, 0x02, 0xc6, 0xfd, 0x3a,
  0x02, 0xc6, 0x6b, 0x40, 0x09, 0x02, 0x16, 0x1e, 0x32, 0x1e, 0x1c, 0x16, 0x38, 0x37, 0x49, 0x2c,
  0x23, 0x02, 0x0a, 0x06, 0x40, 0x5a, 0xfd, 0x67, 0x5a, 0xfd, 0x67, 0x5a, 0x2a, 0x3c, 0x12, 0x10,
  0x30, 0x1a, 0x24, 0x0e, 0x32, 0x17, 0x31, 0x27, 0x39, 0x0e, 0x0f, 0x49, 0x00, 0x02, 0x00, 0x5a,
  0xfe, 0xce, 0x04, 0x3f, 0x04, 0x2f, 0x00, 0x07, 0x00, 0x37, 0x00, 0x00, 0x01, 0x26, 0x23, 0x22,
  0x00, 0x15, 0x14, 0x17, 0x05, 0x06, 0x23, 0x22, 0x00, 0x35, 0x34, 0x00, 0x33, 0x32, 0x17, 0x16,
  0x17, 0x16, 0x17, 0x07, 0x01, 0x16, 0x33, 0x32, 0x37, 0x36, 0x37, 0x17, 0x06, 0x07, 0x06, 0x07,
  0x06, 0x07, 0x06, 0x15, 0x14, 0x17, 0x16, 0x33, 0x32, 0x37, 0x17, 0x06, 0x23, 0x22, 0x27, 0x26,
  0x35, 0x34, 0x37, 0x36, 0x03, 0x8f, 0x75, 0x9b, 0xbb, 0xfe, 0xf6, 0x5a, 0x02, 0x6a, 0x85, 0x7a,
  0xe3, 0xfe, 0xbe, 0x01, 0x42, 0xe3, 0xc3, 0x92, 0x18, 0x18, 0x09, 0x08, 0x44, 0xfd, 0x80, 0x7f,
  0xaf, 0xbc, 0x85, 0x11, 0x0f, 0x5f, 0x1a, 0x21, 0x24, 0x26, 0x43, 0x0a, 0x02, 0x16, 0x1e, 0x32,
  0x1e, 0x1c, 0x16, 0x38, 0x37, 0x49, 0x2c, 0x23, 0x02, 0x09, 0x03, 0x75, 0x5a, 0xfe, 0xf7, 0xbc,
  0x9b, 0x75, 0xde, 0x38, 0x01, 0x42, 0xe4, 0xe3, 0x01, 0x42, 0x75, 0x14, 0x18, 0x09, 0x09, 0x44,
  0xfd, 0x80, 0x74, 0x85, 0x11, 0x12, 0x22, 0x24, 0x21, 0x24, 0x1b, 0x6c, 0x41, 0x12, 0x10, 0x30,
  0x1a, 0x24, 0x0e, 0x32, 0x17, 0x31, 0x27, 0x39, 0x0e, 0x0f, 0x41, 0x00, 0xff, 0xff, 0x00, 0x96,
  0x00, 0x00, 0x03, 0xb6, 0x07, 0x96, 0x02, 0x22, 0x00, 0x28, 0x00, 0x00, 0x00, 0x03, 0x01, 0x43,
  0x00, 0x90, 0x02, 0x6a, 0xff, 0xff, 0x00, 0x5a, 0xff, 0xe4, 0x04, 0x3f, 0x05, 0x2c, 0x02, 0x22,
  0x00, 0x48, 0x00, 0x00, 0x00, 0x03, 0x01, 0x43, 0x00, 0xb6, 0x00, 0x00, 0x00, 0x02, 0x00, 0x7d,
  0xff, 0xed, 0x05, 0xd7, 0x07, 0x96, 0x00, 0x17, 0x00, 0x1e, 0x00, 0x00, 0x25, 0x06, 0x21, 0x20,
  0x00, 0x11, 0x10, 0x00, 0x21, 0x20, 0x17, 0x07, 0x26, 0x21, 0x20, 0x00, 0x11, 0x10, 0x00, 0x21,
  0x20, 0x37, 0x11, 0x33, 0x01, 0x17, 0x23, 0x27, 0x07, 0x23, 0x37, 0x05, 0xd1, 0xe4, 0xfe, 0xc3,
  0xfe, 0xac, 0xfe, 0x21, 0x01, 0xdf, 0x01, 0x54, 0x01, 0x3d, 0xea, 0x44, 0xce, 0xfe, 0xeb, 0xfe,
  0xd3, 0xfe, 0x56, 0x01, 0xaa, 0x01, 0x2d, 0x01, 0x02, 0xc5, 0x5a, 0xfd, 0xed, 0xee, 0x68, 0xba,
  0xb0, 0x69, 0xe5, 0xc7, 0xda, 0x01, 0xdf, 0x01, 0x54, 0x01, 0x53, 0x01, 0xe0, 0xd5, 0x3e, 0xb7,
  0xfe, 0x56, 0xfe, 0xd3, 0xfe, 0xd2, 0xfe, 0x56, 0x9f, 0x01, 0xe8, 0x04, 0xc7, 0xea, 0x8f, 0x8f,
  0xea, 0x00, 0x00, 0x00, 0x00, 0x03, 0x00, 0x7d, 0xfe, 0xc0, 0x04, 0xba, 0x05, 0x2c, 0x00, 0x0e,
  0x00, 0x30, 0x00, 0x37, 0x00, 0x00, 0x01, 0x26, 0x27, 0x26, 0x23, 0x22, 0x00, 0x15, 0x14, 0x00,
  0x33, 0x32, 0x37, 0x36, 0x37, 0x07, 0x06, 0x07, 0x06, 0x23, 0x22, 0x00, 0x35, 0x34, 0x00, 0x33,
  0x32, 0x17, 0x16, 0x17, 0x35, 0x33, 0x11, 0x14, 0x07, 0x06, 0x23, 0x22, 0x27, 0x26, 0x27, 0x37,
  0x16, 0x17, 0x16, 0x33, 0x32, 0x37, 0x36, 0x01, 0x17, 0x23, 0x27, 0x07, 0x23, 0x37, 0x04, 0x5f,
  0x1a, 0x62, 0x85, 0xbc, 0xbc, 0xfe, 0xf6, 0x01, 0x0a, 0xbc, 0xbc, 0x85, 0x61, 0x1b, 0x02, 0x19,
  0x1d, 0xa1, 0xe4, 0xe3, 0xfe, 0xbe, 0x01, 0x42, 0xe3, 0xe4, 0xa1, 0x1f, 0x1a, 0x5a, 0x9d, 0xa1,
  0xe3, 0xe4, 0xa1, 0x21, 0x1a, 0x5f, 0x0f, 0x11, 0x85, 0xbc, 0xbb, 0x85, 0x79, 0xfe, 0x79, 0xee,
  0x68, 0xba, 0xb0, 0x69, 0xe5, 0x02, 0x67, 0x81, 0x62, 0x85, 0xfe, 0xf6, 0xbc, 0xbc, 0xfe, 0xf6,
  0x85, 0x61, 0x80, 0xe6, 0x20, 0x1e, 0xa1, 0x01, 0x42, 0xe3, 0xe4, 0x01, 0x41, 0xa0, 0x20, 0x23,
  0x8b, 0xfd, 0x05, 0xdd, 0x9d, 0xa1, 0xa1, 0x21, 0x24, 0x22, 0x12, 0x11, 0x85, 0x85, 0x79, 0x05,
  0x0e, 0xea, 0x8f, 0x8f, 0xea, 0x00, 0x00, 0x00, 0x00, 0x02, 0x00, 0x7d, 0xff, 0xed, 0x05, 0xd7,
  0x07, 0xa4, 0x00, 0x17, 0x00, 0x29, 0x00, 0x00, 0x25, 0x06, 0x21, 0x20, 0x00, 0x11, 0x10, 0x00,
  0x21, 0x20, 0x17, 0x07, 0x26, 0x21, 0x20, 0x00, 0x11, 0x10, 0x00, 0x21, 0x20, 0x37, 0x11, 0x33,
  0x01, 0x16, 0x17, 0x16, 0x33, 0x32, 0x37, 0x36, 0x37, 0x33, 0x06, 0x07, 0x06, 0x23, 0x22, 0x27,
  0x26, 0x27, 0x05, 0xd1, 0xe4, 0xfe, 0xc3, 0xfe, 0xac, 0xfe, 0x21, 0x01, 0xdf, 0x01, 0x54, 0x01,
  0x3d, 0xea, 0x44, 0xce, 0xfe, 0xeb, 0xfe, 0xd3, 0xfe, 0x56, 0x01, 0xaa, 0x01, 0x2d, 0x01, 0x02,
  0xc5, 0x5a, 0xfd, 0x44, 0x08, 0x26, 0x30, 0x44, 0x43, 0x30, 0x27, 0x07, 0x49, 0x08, 0x3c, 0x44,
  0x62, 0x63, 0x44, 0x41, 0x04, 0xc7, 0xda, 0x01, 0xdf, 0x01, 0x54, 0x01, 0x53, 0x01, 0xe0, 0xd5,
  0x3e, 0xb7, 0xfe, 0x56, 0xfe, 0xd3, 0xfe, 0xd2, 0xfe, 0x56, 0x9f, 0x01, 0xe8, 0x04, 0xd5, 0x35,
  0x26, 0x30, 0x30, 0x26, 0x35, 0x53, 0x3c, 0x45, 0x45, 0x42, 0x4d, 0x00, 0x00, 0x03, 0x00, 0x7d,
  0xfe, 0xc0, 0x04, 0xba, 0x05, 0x3a, 0x00, 0x0e, 0x00, 0x30, 0x00, 0x42, 0x00, 0x00, 0x01, 0x26,
  0x27, 0x26, 0x23, 0x22, 0x00, 0x15, 0x14, 0x00, 0x33, 0x32, 0x37, 0x36, 0x37, 0x07, 0x06, 0x07,
  0x06, 0x23, 0x22, 0x00, 0x35, 0x34, 0x00, 0x33, 0x32, 0x17, 0x16, 0x17, 0x35, 0x33, 0x11, 0x14,
  0x07, 0x06, 0x23, 0x22, 0x27, 0x26, 0x27, 0x37, 0x16, 0x17, 0x16, 0x33, 0x32, 0x37, 0x36, 0x01,
  0x16, 0x17, 0x16, 0x33, 0x32, 0x37, 0x36, 0x37, 0x33, 0x06, 0x07, 0x06, 0x23, 0x22, 0x27, 0x26,
  0x27, 0x04, 0x5f, 0x1a, 0x62, 0x85, 0xbc, 0xbc, 0xfe, 0xf6, 0x01, 0x0a, 0xbc, 0xbc, 0x85, 0x61,
  0x1b, 0x02, 0x19, 0x1d, 0xa1, 0xe4, 0xe3, 0xfe, 0xbe, 0x01, 0x42, 0xe3, 0xe4, 0xa1, 0x1f, 0x1a,
  0x5a, 0x9d, 0xa1, 0xe3, 0xe4, 0xa1, 0x21, 0x1a, 0x5f, 0x0f, 0x11, 0x85, 0xbc, 0xbb, 0x85, 0x79,
  0xfd, 0xa9, 0x08, 0x26, 0x30, 0x44, 0x43, 0x30, 0x27, 0x07, 0x49, 0x08, 0x3c, 0x44, 0x62, 0x63,
  0x44, 0x41, 0x04, 0x02, 0x67, 0x81, 0x62, 0x85, 0xfe, 0xf6, 0xbc, 0xbc, 0xfe, 0xf6, 0x85, 0x61,
  0x80, 0xe6, 0x20, 0x1e, 0xa1, 0x01, 0x42, 0xe3, 0xe4, 0x01, 0x41, 0xa0, 0x20, 0x23, 0x8b, 0xfd,
  0x05, 0xdd, 0x9d, 0xa1, 0xa1, 0x21, 0x24, 0x22, 0x12, 0x11, 0x85, 0x85, 0x79, 0x05, 0x1c, 0x35,
  0x26, 0x30, 0x30, 0x26, 0x35, 0x53, 0x3c, 0x45, 0x45, 0x42, 0x4d, 0x00, 0x00, 0x02, 0x00, 0x7d,
  0xff, 0xed, 0x05, 0xd7, 0x07, 0x81, 0x00, 0x17, 0x00, 0x23, 0x00, 0x00, 0x25, 0x06, 0x21, 0x20,
  0x00, 0x11, 0x10, 0x00, 0x21, 0x20, 0x17, 0x07, 0x26, 0x21, 0x20, 0x00, 0x11, 0x10, 0x00, 0x21,
  0x20, 0x37, 0x11, 0x33, 0x00, 0x16, 0x15, 0x14, 0x06, 0x23, 0x22, 0x26, 0x35, 0x34, 0x36, 0x33,
  0x05, 0xd1, 0xe4, 0xfe, 0xc3, 0xfe, 0xac, 0xfe, 0x21, 0x01, 0xdf, 0x01, 0x54, 0x01, 0x3d, 0xea,
  0x44, 0xce, 0xfe, 0xeb, 0xfe, 0xd3, 0xfe, 0x56, 0x01, 0xaa, 0x01, 0x2d, 0x01, 0x02, 0xc5, 0x5a,
  0xfd, 0xfb, 0x2d, 0x2d, 0x1f, 0x20, 0x2d, 0x2d, 0x20, 0xc7, 0xda, 0x01, 0xdf, 0x01, 0x54, 0x01,
  0x53, 0x01, 0xe0, 0xd5, 0x3e, 0xb7, 0xfe, 0x56, 0xfe, 0xd3, 0xfe, 0xd2, 0xfe, 0x56, 0x9f, 0x01,
  0xe8, 0x04, 0xb2, 0x2c, 0x20, 0x20, 0x2c, 0x2c, 0x20, 0x20, 0x2c, 0x00, 0x00, 0x03, 0x00, 0x7d,
  0xfe, 0xc0, 0x04, 0xba, 0x05, 0x17, 0x00, 0x0e, 0x00, 0x30, 0x00, 0x3c, 0x00, 0x00, 0x01, 0x26,
  0x27, 0x26, 0x23, 0x22, 0x00, 0x15, 0x14, 0x00, 0x33, 0x32, 0x37, 0x36, 0x37, 0x07, 0x06, 0x07,
  0x06, 0x23, 0x22, 0x00, 0x35, 0x34, 0x00, 0x33, 0x32, 0x17, 0x16, 0x17, 0x35, 0x33, 0x11, 0x14,
  0x07, 0x06, 0x23, 0x22, 0x27, 0x26, 0x27, 0x37, 0x16, 0x17, 0x16, 0x33, 0x32, 0x37, 0x36, 0x00,
  0x16, 0x15, 0x14, 0x06, 0x23, 0x22, 0x26, 0x35, 0x34, 0x36, 0x33, 0x04, 0x5f, 0x1a, 0x62, 0x85,
  0xbc, 0xbc, 0xfe, 0xf6, 0x01, 0x0a, 0xbc, 0xbc, 0x85, 0x61, 0x1b, 0x02, 0x19, 0x1d, 0xa1, 0xe4,
  0xe3, 0xfe, 0xbe, 0x01, 0x42, 0xe3, 0xe4, 0xa1, 0x1f, 0x1a, 0x5a, 0x9d, 0xa1, 0xe3, 0xe4, 0xa1,
  0x21, 0x1a, 0x5f, 0x0f, 0x11, 0x85, 0xbc, 0xbb, 0x85, 0x79, 0xfe, 0x69, 0x2d, 0x2d, 0x1f, 0x20,
  0x2d, 0x2d, 0x20, 0x02, 0x67, 0x81, 0x62, 0x85, 0xfe, 0xf6, 0xbc, 0xbc, 0xfe, 0xf6, 0x85, 0x61,
  0x80, 0xe6, 0x20, 0x1e, 0xa1, 0x01, 0x42, 0xe3, 0xe4, 0x01, 0x41, 0xa0, 0x20, 0x23, 0x8b, 0xfd,
  0x05, 0xdd, 0x9d, 0xa1, 0xa1, 0x21, 0x24, 0x22, 0x12, 0x11, 0x85, 0x85, 0x79, 0x04, 0xf9, 0x2c,
  0x20, 0x20, 0x2c, 0x2c, 0x20, 0x20, 0x2c, 0x00, 0x00, 0x01, 0x00, 0x7d, 0xfe, 0xc5, 0x05, 0xd7,
  0x06, 0x53, 0x00, 0x37, 0x00, 0x00, 0x05, 0x26, 0x27, 0x26, 0x11, 0x10, 0x00, 0x21, 0x20, 0x17,
  0x07, 0x26, 0x21, 0x20, 0x00, 0x11, 0x10, 0x00, 0x21, 0x20, 0x37, 0x11, 0x33, 0x11, 0x06, 0x21,
  0x22, 0x27, 0x0f, 0x01, 0x33, 0x07, 0x16, 0x17, 0x16, 0x17, 0x16, 0x15, 0x14, 0x07, 0x06, 0x23,
  0x22, 0x27, 0x37, 0x16, 0x33, 0x32, 0x37, 0x36, 0x3d, 0x01, 0x26, 0x27, 0x26, 0x27, 0x03, 0x05,
  0xe8, 0xb0, 0xf0, 0x01, 0xdf, 0x01, 0x54, 0x01, 0x3d, 0xea, 0x44, 0xce, 0xfe, 0xeb, 0xfe, 0xd3,
  0xfe, 0x56, 0x01, 0xaa, 0x01, 0x2d, 0x01, 0x02, 0xc5, 0x5a, 0xe4, 0xfe, 0xc3, 0x37, 0x34, 0x02,
  0x01, 0x01, 0x03, 0x0e, 0x0e, 0x3c, 0x08, 0x01, 0x2b, 0x33, 0x4f, 0x22, 0x1e, 0x0b, 0x15, 0x19,
  0x2d, 0x1d, 0x19, 0x05, 0x23, 0x23, 0x2a, 0x03, 0x2f, 0xb1, 0xef, 0x01, 0x54, 0x01, 0x53, 0x01,
  0xe0, 0xd5, 0x3e, 0xb7, 0xfe, 0x56, 0xfe, 0xd3, 0xfe, 0xd2, 0xfe, 0x56, 0x9f, 0x01, 0xe8, 0xfd,
  0xf8, 0xda, 0x06, 0x10, 0x06, 0x28, 0x07, 0x08, 0x27, 0x37, 0x07, 0x07, 0x2d, 0x21, 0x27, 0x07,
  0x37, 0x07, 0x17, 0x13, 0x1b, 0x07, 0x20, 0x17, 0x15, 0x01, 0x00, 0x00, 0x00, 0x03, 0x00, 0x7d,
  0xfe, 0xc0, 0x04, 0xba, 0x05, 0xb5, 0x00, 0x0e, 0x00, 0x30, 0x00, 0x3f, 0x00, 0x00, 0x01, 0x26,
  0x27, 0x26, 0x23, 0x22, 0x00, 0x15, 0x14, 0x00, 0x33, 0x32, 0x37, 0x36, 0x37, 0x07, 0x06, 0x07,
  0x06, 0x23, 0x22, 0x00, 0x35, 0x34, 0x00, 0x33, 0x32, 0x17, 0x16, 0x17, 0x35, 0x33, 0x11, 0x14,
  0x07, 0x06, 0x23, 0x22, 0x27, 0x26, 0x27, 0x37, 0x16, 0x17, 0x16, 0x33, 0x32, 0x37, 0x36, 0x01,
  0x16, 0x17, 0x16, 0x15, 0x14, 0x06, 0x23, 0x22, 0x26, 0x35, 0x34, 0x3f, 0x01, 0x33, 0x04, 0x5f,
  0x1a, 0x62, 0x85, 0xbc, 0xbc, 0xfe, 0xf6, 0x01, 0x0a, 0xbc, 0xbc, 0x85, 0x61, 0x1b, 0x02, 0x19,
  0x1d, 0xa1, 0xe4, 0xe3, 0xfe, 0xbe, 0x01, 0x42, 0xe3, 0xe4, 0xa1, 0x1f, 0x1a, 0x5a, 0x9d, 0xa1,
  0xe3, 0xe4, 0xa1, 0x21, 0x1a, 0x5f, 0x0f, 0x11, 0x85, 0xbc, 0xbb, 0x85, 0x79, 0xfe, 0x7b, 0x17,
  0x11, 0x1b, 0x35, 0x25, 0x25, 0x35, 0x07, 0x62, 0x41, 0x02, 0x67, 0x81, 0x62, 0x85, 0xfe, 0xf6,
  0xbc, 0xbc, 0xfe, 0xf6, 0x85, 0x61, 0x80, 0xe6, 0x20, 0x1e, 0xa1, 0x01, 0x42, 0xe3, 0xe4, 0x01,
  0x41, 0xa0, 0x20, 0x23, 0x8b, 0xfd, 0x05, 0xdd, 0x9d, 0xa1, 0xa1, 0x21, 0x24, 0x22, 0x12, 0x11,
  0x85, 0x85, 0x79, 0x05, 0x01, 0x05, 0x12, 0x1a, 0x26, 0x25, 0x34, 0x34, 0x25, 0x15, 0x12, 0xc6,
  0x00, 0x02, 0x00, 0x96, 0x00, 0x00, 0x03, 0xe8, 0x07, 0x96, 0x00, 0x0b, 0x00, 0x12, 0x00, 0x00,
  0x13, 0x11, 0x23, 0x11, 0x33, 0x11, 0x21, 0x11, 0x33, 0x11, 0x23, 0x11, 0x01, 0x17, 0x23, 0x27,
  0x07, 0x23, 0x37, 0xf0, 0x5a, 0x5a, 0x02, 0x9e, 0x5a, 0x5a, 0xfe, 0xe1, 0xee, 0x68, 0xba, 0xb0,
  0x69, 0xe5, 0x02, 0xcd, 0xfd, 0x33, 0x06, 0x40, 0xfc, 0xe7, 0x03, 0x19, 0xf9, 0xc0, 0x02, 0xcd,
  0x04, 0xc9, 0xea, 0x8f, 0x8f, 0xea, 0x00, 0x00, 0x00, 0x02, 0x00, 0x96, 0x00, 0x00, 0x03, 0x8d,
  0x07, 0x96, 0x00, 0x13, 0x00, 0x1a, 0x00, 0x00, 0x13, 0x33, 0x11, 0x36, 0x33, 0x32, 0x16, 0x17,
  0x11, 0x23, 0x11, 0x34, 0x26, 0x23, 0x22, 0x07, 0x06, 0x07, 0x11, 0x23, 0x01, 0x17, 0x23, 0x27,
  0x07, 0x23, 0x37, 0x96, 0x5a, 0x72, 0xa0, 0xae, 0xda, 0x03, 0x5a, 0xb5, 0x7c, 0x7c, 0x5a, 0x28,
  0x14, 0x5a, 0x01, 0xd9, 0xee, 0x68, 0xba, 0xb0, 0x69, 0xe5, 0x06, 0x40, 0xfd, 0x63, 0x6e, 0xda,
  0xa6, 0xfd, 0x6f, 0x02, 0x89, 0x7d, 0xb1, 0x57, 0x28, 0x2b, 0xfc, 0xf3, 0x07, 0x96, 0xea, 0x8f,
  0x8f, 0xea, 0x00, 0x00, 0x00, 0x02, 0x00, 0x46, 0x00, 0x00, 0x04, 0x2e, 0x06, 0x40, 0x00, 0x13,
  0x00, 0x17, 0x00, 0x00, 0x01, 0x11, 0x23, 0x11, 0x21, 0x11, 0x23, 0x11, 0x23, 0x35, 0x33, 0x35,
  0x33, 0x15, 0x21, 0x35, 0x33, 0x15, 0x33, 0x15, 0x21, 0x11, 0x21, 0x11, 0x03, 0xe3, 0x5a, 0xfd,
  0x62, 0x5a, 0x4b, 0x4b, 0x5a, 0x02, 0x9e, 0x5a, 0x4b, 0xfc, 0xbd, 0x02, 0x9e, 0x05, 0x1e, 0xfa,
  0xe2, 0x02, 0xcd, 0xfd, 0x33, 0x05, 0x1e, 0x5a, 0xc8, 0xc8, 0xc8, 0xc8, 0x5a, 0xfe, 0x09, 0x01,
  0xf7, 0x00, 0x00, 0x00, 0x00, 0x01, 0x00, 0x32, 0x00, 0x00, 0x03, 0x8d, 0x06, 0x40, 0x00, 0x1b,
  0x00, 0x00, 0x13, 0x35, 0x33, 0x15, 0x21, 0x15, 0x21, 0x11, 0x36, 0x33, 0x32, 0x16, 0x17, 0x11,
  0x23, 0x11, 0x34, 0x26, 0x23, 0x22, 0x07, 0x06, 0x07, 0x11, 0x23, 0x11, 0x23, 0x35, 0x96, 0x5a,
  0x01, 0x9a, 0xfe, 0x66, 0x72, 0xa0, 0xae, 0xda, 0x03, 0x5a, 0xb5, 0x7c, 0x7c, 0x5a, 0x28, 0x14,
  0x5a, 0x64, 0x05, 0x5d, 0xe3, 0xe3, 0x5a, 0xfe, 0xa0, 0x6e, 0xda, 0xa6, 0xfd, 0x6f, 0x02, 0x89,
  0x7d, 0xb1, 0x57, 0x28, 0x2b, 0xfc, 0xf3, 0x05, 0x03, 0x5a, 0x00, 0x00, 0xff, 0xff, 0xff, 0xd1,
  0x00, 0x00, 0x01, 0xde, 0x07, 0x7e, 0x02, 0x22, 0x00, 0x2c, 0x01, 0x00, 0x00, 0x03, 0x01, 0x49,
  0xff, 0x3b, 0x02, 0x6a, 0xff, 0xff, 0xff, 0xd1, 0x00, 0x00, 0x01, 0xde, 0x05, 0x14, 0x02, 0x22,
  0x00, 0xec, 0x01, 0x00, 0x00, 0x03, 0x01, 0x49, 0xff, 0x3b, 0x00, 0x00, 0xff, 0xff, 0xff, 0xb0,
  0x00, 0x00, 0x01, 0xfe, 0x07, 0x35, 0x02, 0x22, 0x00, 0x2c, 0x00, 0x00, 0x00, 0x03, 0x01, 0x44,
  0xff, 0x1a, 0x02, 0x6a, 0xff, 0xff, 0xff, 0xb0, 0x00, 0x00, 0x01, 0xfe, 0x04, 0xcb, 0x02, 0x22,
  0x00, 0xec, 0x00, 0x00, 0x00, 0x03, 0x01, 0x44, 0xff, 0x1a, 0x00, 0x00, 0xff, 0xff, 0xff, 0xec,
  0x00, 0x00, 0x01, 0xc2, 0x07, 0xa4, 0x02, 0x22, 0x00, 0x2c, 0x00, 0x00, 0x00, 0x03, 0x01, 0x45,
  0xff, 0x1f, 0x02, 0x6a, 0xff, 0xff, 0xff, 0xec, 0x00, 0x00, 0x01, 0xc2, 0x05, 0x3a, 0x02, 0x22,
  0x00, 0xec, 0x00, 0x00, 0x00, 0x03, 0x01, 0x45, 0xff, 0x1f, 0x00, 0x00, 0x00, 0x01, 0x00, 0x43,
  0xfe, 0xcf, 0x01, 0x4a, 0x06, 0x40, 0x00, 0x18, 0x00, 0x00, 0x37, 0x11, 0x33, 0x11, 0x23, 0x06,
  0x07, 0x06, 0x15, 0x14, 0x17, 0x16, 0x33, 0x32, 0x37, 0x17, 0x06, 0x23, 0x22, 0x27, 0x26, 0x35,
  0x34, 0x37, 0x36, 0xaa, 0x5a, 0x25, 0x40, 0x09, 0x02, 0x16, 0x1e, 0x32, 0x1e, 0x1c, 0x16, 0x38,
  0x37, 0x49, 0x2c, 0x23, 0x02, 0x0b, 0x0a, 0x06, 0x36, 0xf9, 0xc0, 0x2a, 0x3c, 0x12, 0x10, 0x30,
  0x1a, 0x24, 0x0e, 0x32, 0x17, 0x31, 0x27, 0x39, 0x0e, 0x0f, 0x4f, 0x00, 0x00, 0x02, 0x00, 0x48,
  0xfe, 0xcf, 0x01, 0x4f, 0x05, 0x32, 0x00, 0x0b, 0x00, 0x24, 0x00, 0x00, 0x12, 0x16, 0x15, 0x14,
  0x06, 0x23, 0x22, 0x26, 0x35, 0x34, 0x36, 0x33, 0x03, 0x11, 0x33, 0x11, 0x23, 0x06, 0x07, 0x06,
  0x15, 0x14, 0x17, 0x16, 0x33, 0x32, 0x37, 0x17, 0x06, 0x23, 0x22, 0x27, 0x26, 0x35, 0x34, 0x37,
  0x36, 0xfc, 0x35, 0x35, 0x25, 0x25, 0x35, 0x35, 0x25, 0x2d, 0x5a, 0x20, 0x40, 0x09, 0x02, 0x16,
  0x1e, 0x32, 0x1e, 0x1c, 0x16, 0x38, 0x37, 0x49, 0x2c, 0x23, 0x02, 0x0b, 0x05, 0x32, 0x34, 0x25,
  0x26, 0x34, 0x34, 0x26, 0x25, 0x34, 0xfa, 0xd5, 0x03, 0xcf, 0xfc, 0x2a, 0x2a, 0x3c, 0x12, 0x10,
  0x30, 0x1a, 0x24, 0x0e, 0x32, 0x17, 0x31, 0x27, 0x39, 0x0e, 0x0f, 0x4d, 0x00, 0x01, 0x00, 0xaa,
  0x00, 0x00, 0x01, 0x04, 0x03, 0xd6, 0x00, 0x03, 0x00, 0x00, 0x01, 0x11, 0x23, 0x11, 0x01, 0x04,
  0x5a, 0x03, 0xd6, 0xfc, 0x2a, 0x03, 0xd6, 0x00, 0xff, 0xff, 0x00, 0xaa, 0xff, 0xf2, 0x04, 0x6c,
  0x06, 0x40, 0x00, 0x22, 0x00, 0x2c, 0x00, 0x00, 0x00, 0x03, 0x00, 0x2d, 0x01, 0xae, 0x00, 0x00,
  0x00, 0x04, 0x00, 0x7d, 0xff, 0x1c, 0x02, 0xdf, 0x05, 0x32, 0x00, 0x03, 0x00, 0x0f, 0x00, 0x17,
  0x00, 0x23, 0x00, 0x00, 0x01, 0x11, 0x23, 0x11, 0x12, 0x16, 0x15, 0x14, 0x06, 0x23, 0x22, 0x26,
  0x35, 0x34, 0x36, 0x33, 0x01, 0x36, 0x35, 0x11, 0x33, 0x11, 0x14, 0x07, 0x12, 0x16, 0x15, 0x14,
  0x06, 0x23, 0x22, 0x26, 0x35, 0x34, 0x36, 0x33, 0x01, 0x04, 0x5a, 0x52, 0x35, 0x35, 0x25, 0x25,
  0x35, 0x35, 0x25, 0x01, 0x08, 0x79, 0x5a, 0xd3, 0xcb, 0x35, 0x35, 0x25, 0x25, 0x35, 0x35, 0x25,
  0x03, 0xd6, 0xfc, 0x2a, 0x03, 0xd6, 0x01, 0x5c, 0x34, 0x25, 0x26, 0x34, 0x34, 0x26, 0x25, 0x34,
  0xfa, 0x44, 0x0e, 0x7a, 0x03, 0xd8, 0xfc, 0x2a, 0xd3, 0x11, 0x06, 0x16, 0x34, 0x25, 0x26, 0x34,
  0x34, 0x26, 0x25, 0x34, 0x00, 0x02, 0x00, 0x7d, 0xff, 0xf2, 0x03, 0x97, 0x07, 0x96, 0x00, 0x14,
  0x00, 0x1b, 0x00, 0x00, 0x01, 0x14, 0x07, 0x06, 0x23, 0x22, 0x26, 0x35, 0x37, 0x16, 0x17, 0x16,
  0x33, 0x32, 0x37, 0x32, 0x37, 0x36, 0x35, 0x11, 0x33, 0x03, 0x17, 0x23, 0x27, 0x07, 0x23, 0x37,
  0x02, 0xbe, 0x50, 0x55, 0x79, 0x79, 0xaa, 0x3b, 0x14, 0x41, 0x36, 0x44, 0x0c, 0x0d, 0x53, 0x3c,
  0x35, 0x5a, 0x15, 0xee, 0x68, 0xba, 0xb0, 0x69, 0xe5, 0x01, 0x30, 0x98, 0x50, 0x56, 0xab, 0x66,
  0x17, 0x6c, 0x36, 0x2e, 0x02, 0x3b, 0x35, 0x7e, 0x05, 0x06, 0x01, 0x56, 0xea, 0x8f, 0x8f, 0xea,
  0x00, 0x02, 0xff, 0xba, 0xff, 0x1c, 0x01, 0xf5, 0x05, 0x2c, 0x00, 0x06, 0x00, 0x0e, 0x00, 0x00,
  0x01, 0x17, 0x23, 0x27, 0x07, 0x23, 0x37, 0x03, 0x36, 0x35, 0x11, 0x33, 0x11, 0x14, 0x07, 0x01,
  0x07, 0xee, 0x68, 0xba, 0xb0, 0x69, 0xe5, 0x6e, 0x79, 0x5a, 0xd3, 0x05, 0x2c, 0xea, 0x8f, 0x8f,
  0xea, 0xfa, 0x4a, 0x0e, 0x7a, 0x03, 0xd8, 0xfc, 0x2a, 0xd3, 0x11, 0x00, 0x00, 0x02, 0x00, 0x7f,
  0xfe, 0xca, 0x04, 0x7a, 0x06, 0x40, 0x00, 0x0b, 0x00, 0x24, 0x00, 0x00, 0x09, 0x02, 0x23, 0x01,
  0x07, 0x11, 0x23, 0x11, 0x33, 0x11, 0x01, 0x03, 0x32, 0x17, 0x16, 0x1d, 0x01, 0x06, 0x07, 0x06,
  0x23, 0x22, 0x27, 0x37, 0x16, 0x33, 0x32, 0x37, 0x36, 0x37, 0x36, 0x35, 0x34, 0x27, 0x26, 0x27,
  0x03, 0x5e, 0xfe, 0x61, 0x02, 0xbb, 0x6d, 0xfd, 0x79, 0xac, 0x5b, 0x5b, 0x02, 0x17, 0x95, 0x55,
  0x21, 0x2d, 0x06, 0x3f, 0x38, 0x3e, 0x23, 0x26, 0x13, 0x20, 0x1e, 0x23, 0x21, 0x1c, 0x06, 0x01,
  0x10, 0x14, 0x33, 0x06, 0x40, 0xfd, 0xa7, 0xfc, 0x19, 0x03, 0x9c, 0xf6, 0xfd, 0x5a, 0x06, 0x40,
  0xfd, 0x02, 0x02, 0xfe, 0xf9, 0x87, 0x1a, 0x23, 0x31, 0x0a, 0x37, 0x2f, 0x1f, 0x0a, 0x3a, 0x0d,
  0x11, 0x15, 0x1c, 0x06, 0x06, 0x15, 0x10, 0x13, 0x01, 0x00, 0x00, 0x00, 0x00, 0x02, 0x00, 0x96,
  0xfe, 0xca, 0x03, 0x05, 0x05, 0x78, 0x00, 0x0b, 0x00, 0x24, 0x00, 0x00, 0x01, 0x03, 0x01, 0x23,
  0x01, 0x07, 0x11, 0x23, 0x11, 0x33, 0x11, 0x01, 0x03, 0x32, 0x17, 0x16, 0x1d, 0x01, 0x06, 0x07,
  0x06, 0x23, 0x22, 0x27, 0x37, 0x16, 0x33, 0x32, 0x37, 0x36, 0x37, 0x36, 0x35, 0x34, 0x27, 0x26,
  0x27, 0x02, 0x75, 0xf2, 0x01, 0x82, 0x70, 0xfe, 0xb3, 0x58, 0x5a, 0x5a, 0x01, 0x11, 0x54, 0x55,
  0x20, 0x2e, 0x06, 0x3f, 0x38, 0x3e, 0x23, 0x27, 0x14, 0x1f, 0x1f, 0x23, 0x21, 0x1c, 0x06, 0x01,
  0x10, 0x14, 0x33, 0x03, 0xd6, 0xfe, 0xd4, 0xfd, 0x56, 0x02, 0x62, 0x6d, 0xfe, 0x0b, 0x05, 0x78,
  0xfd, 0x0d, 0x01, 0x51, 0xfb, 0xf1, 0x1a, 0x23, 0x31, 0x0a, 0x37, 0x2f, 0x1f, 0x0a, 0x3a, 0x0d,
  0x11, 0x15, 0x1c, 0x06, 0x06, 0x15, 0x10, 0x13, 0x01, 0x00, 0x00, 0x00, 0x00, 0x01, 0x00, 0x96,
  0x00, 0x00, 0x03, 0x05, 0x03, 0xd6, 0x00, 0x0b, 0x00, 0x00, 0x01, 0x03, 0x01, 0x23, 0x01, 0x07,
  0x11, 0x23, 0x11, 0x33, 0x11, 0x01, 0x02, 0x75, 0xf2, 0x01, 0x82, 0x70, 0xfe, 0xb3, 0x58, 0x5a,
  0x5a, 0x01, 0x11, 0x03, 0xd6, 0xfe, 0xd4, 0xfd, 0x56, 0x02, 0x62, 0x6d, 0xfe, 0x0b, 0x03, 0xd6,
  0xfe, 0xaf, 0x01, 0x51, 0x00, 0x02, 0x00, 0x7f, 0x00, 0x00, 0x03, 0x3b, 0x07, 0x70, 0x00, 0x05,
  0x00, 0x09, 0x00, 0x00, 0x33, 0x11, 0x33, 0x11, 0x21, 0x15, 0x03, 0x07, 0x23, 0x37, 0x7f, 0x5b,
  0x02, 0x61, 0x82, 0xf5, 0x54, 0xa3, 0x06, 0x40, 0xfa, 0x1a, 0x5a, 0x07, 0x70, 0xbb, 0xbb, 0x00,
  0x00, 0x02, 0x00, 0x06, 0x00, 0x00, 0x01, 0x4f, 0x07, 0x99, 0x00, 0x03, 0x00, 0x07, 0x00, 0x00,
  0x13, 0x11, 0x23, 0x11, 0x13, 0x07, 0x23, 0x37, 0xd8, 0x5a, 0xd1, 0xf5, 0x54, 0xa3, 0x06, 0x40,
  0xf9, 0xc0, 0x06, 0x40, 0x01, 0x59, 0xbb, 0xbb, 0x00, 0x01, 0x00, 0x7f, 0xfe, 0xc5, 0x03, 0x3b,
  0x06, 0x40, 0x00, 0x23, 0x00, 0x00, 0x29, 0x01, 0x11, 0x33, 0x11, 0x21, 0x15, 0x21, 0x0f, 0x01,
  0x33, 0x07, 0x16, 0x17, 0x16, 0x17, 0x16, 0x15, 0x14, 0x07, 0x06, 0x23, 0x22, 0x27, 0x37, 0x16,
  0x33, 0x32, 0x37, 0x36, 0x3d, 0x01, 0x26, 0x27, 0x26, 0x27, 0x01, 0xec, 0xfe, 0x93, 0x5b, 0x02,
  0x61, 0xfe, 0xf1, 0x03, 0x01, 0x01, 0x03, 0x0e, 0x0e, 0x3c, 0x08, 0x01, 0x2b, 0x33, 0x4f, 0x22,
  0x1e, 0x0b, 0x15, 0x19, 0x2d, 0x1d, 0x19, 0x05, 0x23, 0x23, 0x2a, 0x06, 0x40, 0xfa, 0x1a, 0x5a,
  0x1d, 0x06, 0x28, 0x07, 0x08, 0x27, 0x37, 0x07, 0x07, 0x2d, 0x21, 0x27, 0x07, 0x37, 0x07, 0x17,
  0x13, 0x1b, 0x07, 0x20, 0x17, 0x15, 0x01, 0x00, 0x00, 0x01, 0x00, 0x46, 0xfe, 0xc5, 0x01, 0x33,
  0x06, 0x40, 0x00, 0x21, 0x00, 0x00, 0x33, 0x23, 0x11, 0x33, 0x11, 0x23, 0x0f, 0x01, 0x33, 0x07,
  0x16, 0x17, 0x16, 0x17, 0x16, 0x15, 0x14, 0x07, 0x06, 0x23, 0x22, 0x27, 0x37, 0x16, 0x33, 0x32,
  0x37, 0x36, 0x3d, 0x01, 0x26, 0x27, 0x26, 0x27, 0x98, 0x19, 0x5b, 0x02, 0x03, 0x01, 0x01, 0x03,
  0x0e, 0x0e, 0x3c, 0x08, 0x01, 0x2b, 0x33, 0x4f, 0x22, 0x1e, 0x0b, 0x15, 0x19, 0x2d, 0x1d, 0x19,
  0x05, 0x23, 0x23, 0x2a, 0x06, 0x40, 0xf9, 0xc0, 0x1d, 0x06, 0x28, 0x07, 0x08, 0x27, 0x37, 0x07,
  0x07, 0x2d, 0x21, 0x27, 0x07, 0x37, 0x07, 0x17, 0x13, 0x1b, 0x07, 0x20, 0x17, 0x15, 0x01, 0x00,
  0x00, 0x02, 0x00, 0x7f, 0x00, 0x00, 0x03, 0x3b, 0x06, 0x4a, 0x00, 0x05, 0x00, 0x14, 0x00, 0x00,
  0x33, 0x11, 0x33, 0x11, 0x21, 0x15, 0x03, 0x26, 0x27, 0x26, 0x35, 0x34, 0x36, 0x33, 0x32, 0x16,
  0x15, 0x14, 0x0f, 0x01, 0x23, 0x7f, 0x5b, 0x02, 0x61, 0xa0, 0x17, 0x11, 0x1b, 0x35, 0x25, 0x25,
  0x35, 0x07, 0x62, 0x41, 0x06, 0x40, 0xfa, 0x1a, 0x5a, 0x05, 0x9b, 0x04, 0x12, 0x1a, 0x27, 0x25,
  0x33, 0x33, 0x25, 0x16, 0x12, 0xc6, 0x00, 0x00, 0x00, 0x02, 0x00, 0x7f, 0x00, 0x00, 0x01, 0xf1,
  0x06, 0x4a, 0x00, 0x03, 0x00, 0x12, 0x00, 0x00, 0x13, 0x11, 0x23, 0x11, 0x05, 0x26, 0x27, 0x26,
  0x35, 0x34, 0x36, 0x33, 0x32, 0x16, 0x15, 0x14, 0x0f, 0x01, 0x23, 0xda, 0x5b, 0x01, 0x01, 0x17,
  0x11, 0x1b, 0x35, 0x26, 0x24, 0x35, 0x07, 0x62, 0x41, 0x06, 0x40, 0xf9, 0xc0, 0x06, 0x40, 0xa5,
  0x04, 0x12, 0x1a, 0x27, 0x25, 0x33, 0x33, 0x25, 0x16, 0x12, 0xc6, 0x00, 0x00, 0x02, 0x00, 0x7f,
  0x00, 0x00, 0x03, 0x3b, 0x06, 0x40, 0x00, 0x05, 0x00, 0x11, 0x00, 0x00, 0x33, 0x11, 0x33, 0x11,
  0x21, 0x15, 0x02, 0x16, 0x15, 0x14, 0x06, 0x23, 0x22, 0x26, 0x35, 0x34, 0x36, 0x33, 0x7f, 0x5b,
  0x02, 0x61, 0x5a, 0x2d, 0x2d, 0x1f, 0x1f, 0x2e, 0x2e, 0x1f, 0x06, 0x40, 0xfa, 0x1a, 0x5a, 0x03,
  0x6c, 0x2d, 0x1f, 0x20, 0x2c, 0x2c, 0x20, 0x1f, 0x2d, 0x00, 0x00, 0x00, 0x00, 0x02, 0x00, 0x70,
  0x00, 0x00, 0x01, 0xd4, 0x06, 0x40, 0x00, 0x03, 0x00, 0x0f, 0x00, 0x00, 0x13, 0x11, 0x23, 0x11,
  0x00, 0x16, 0x15, 0x14, 0x06, 0x23, 0x22, 0x26, 0x35, 0x34, 0x36, 0x33, 0xcb, 0x5b, 0x01, 0x37,
  0x2d, 0x2d, 0x1e, 0x20, 0x2d, 0x2d, 0x20, 0x06, 0x40, 0xf9, 0xc0, 0x06, 0x40, 0xfd, 0x2c, 0x2d,
  0x1f, 0x20, 0x2c, 0x2c, 0x20, 0x1f, 0x2d, 0x00, 0x00, 0x01, 0x00, 0x00, 0x00, 0x00, 0x03, 0xa1,
  0x06, 0x40, 0x00, 0x0d, 0x00, 0x00, 0x09, 0x01, 0x15, 0x01, 0x11, 0x21, 0x15, 0x21, 0x11, 0x07,
  0x35, 0x37, 0x11, 0x33, 0x01, 0x3f, 0x01, 0xc7, 0xfe, 0x39, 0x02, 0x62, 0xfd, 0x44, 0xe5, 0xe5,
  0x5a, 0x03, 0x13, 0x01, 0x72, 0x6a, 0xfe, 0x8e, 0xfd, 0xb1, 0x5a, 0x02, 0x5e, 0xb9, 0x6a, 0xba,
  0x03, 0x77, 0x00, 0x00, 0x00, 0x01, 0x00, 0x00, 0x00, 0x00, 0x01, 0xa9, 0x06, 0x40, 0x00, 0x0b,
  0x00, 0x00, 0x13, 0x11, 0x33, 0x11, 0x37, 0x15, 0x07, 0x11, 0x23, 0x11, 0x07, 0x35, 0xa7, 0x5b,
  0xa7, 0xa7, 0x5b, 0xa7, 0x03, 0x25, 0x03, 0x1b, 0xfd, 0x2f, 0x89, 0x6a, 0x89, 0xfc, 0xfb, 0x02,
  0xbb, 0x89, 0x6b, 0x00, 0xff, 0xff, 0x00, 0x96, 0x00, 0x00, 0x04, 0x89, 0x07, 0xd5, 0x02, 0x22,
  0x00, 0x31, 0x00, 0x00, 0x00, 0x03, 0x00, 0x73, 0x01, 0x8c, 0x02, 0x6a, 0xff, 0xff, 0x00, 0x96,
  0x00, 0x00, 0x03, 0x99, 0x05, 0x6b, 0x02, 0x22, 0x00, 0x51, 0x00, 0x00, 0x00, 0x03, 0x00, 0x73,
  0x01, 0x14, 0x00, 0x00, 0x00, 0x02, 0x00, 0x96, 0xfe, 0xca, 0x04, 0x89, 0x06, 0x40, 0x00, 0x09,
  0x00, 0x22, 0x00, 0x00, 0x13, 0x33, 0x01, 0x11, 0x33, 0x11, 0x23, 0x01, 0x11, 0x23, 0x05, 0x32,
  0x17, 0x16, 0x1d, 0x01, 0x06, 0x07, 0x06, 0x23, 0x22, 0x27, 0x37, 0x16, 0x33, 0x32, 0x37, 0x36,
  0x37, 0x36, 0x35, 0x34, 0x27, 0x26, 0x27, 0x96, 0x63, 0x03, 0x36, 0x5a, 0x5a, 0xfc, 0xc1, 0x5a,
  0x01, 0xd9, 0x55, 0x20, 0x2e, 0x06, 0x3f, 0x38, 0x3e, 0x23, 0x27, 0x14, 0x1f, 0x1f, 0x23, 0x21,
  0x1c, 0x06, 0x01, 0x10, 0x14, 0x33, 0x06, 0x40, 0xfa, 0x71, 0x05, 0x8f, 0xf9, 0xc0, 0x05, 0x9d,
  0xfa, 0x63, 0x39, 0x1a, 0x23, 0x31, 0x0a, 0x37, 0x2f, 0x1f, 0x0a, 0x3a, 0x0d, 0x11, 0x15, 0x1c,
  0x06, 0x06, 0x15, 0x10, 0x13, 0x01, 0x00, 0x00, 0x00, 0x02, 0x00, 0x96, 0xfe, 0xca, 0x03, 0x99,
  0x04, 0x11, 0x00, 0x13, 0x00, 0x2c, 0x00, 0x00, 0x13, 0x11, 0x23, 0x11, 0x33, 0x15, 0x36, 0x33,
  0x32, 0x16, 0x17, 0x11, 0x23, 0x11, 0x34, 0x26, 0x23, 0x22, 0x07, 0x06, 0x13, 0x32, 0x17, 0x16,
  0x1d, 0x01, 0x06, 0x07, 0x06, 0x23, 0x22, 0x27, 0x37, 0x16, 0x33, 0x32, 0x37, 0x36, 0x37, 0x36,
  0x35, 0x34, 0x27, 0x26, 0x27, 0xf0, 0x5a, 0x5a, 0x7b, 0xa3, 0xae, 0xda, 0x03, 0x5a, 0xb5, 0x7c,
  0x7c, 0x5a, 0x31, 0xf0, 0x55, 0x20, 0x2e, 0x06, 0x3f, 0x38, 0x3e, 0x23, 0x27, 0x14, 0x1f, 0x1f,
  0x23, 0x21, 0x1c, 0x06, 0x01, 0x10, 0x14, 0x33, 0x02, 0xfb, 0xfd, 0x05, 0x03, 0xd6, 0x3f, 0x7a,
  0xda, 0xa6, 0xfd, 0x6f, 0x02, 0x89, 0x7d, 0xb1, 0x57, 0x31, 0xfc, 0x98, 0x1a, 0x23, 0x31, 0x0a,
  0x37, 0x2f, 0x1f, 0x0a, 0x3a, 0x0d, 0x11, 0x15, 0x1c, 0x06, 0x06, 0x15, 0x10, 0x13, 0x01, 0x00,
  0xff, 0xff, 0x00, 0x96, 0x00, 0x00, 0x04, 0x89, 0x07, 0x96, 0x02, 0x22, 0x00, 0x31, 0x00, 0x00,
  0x00, 0x03, 0x01, 0x43, 0x00, 0xf9, 0x02, 0x6a, 0xff, 0xff, 0x00, 0x96, 0x00, 0x00, 0x03, 0x99,
  0x05, 0x2c, 0x02, 0x22, 0x00, 0x51, 0x00, 0x00, 0x00, 0x03, 0x01, 0x43, 0x00, 0x81, 0x00, 0x00,
  0x00, 0x02, 0x00, 0x15, 0x00, 0x00, 0x03, 0x99, 0x06, 0x29, 0x00, 0x13, 0x00, 0x22, 0x00, 0x00,
  0x13, 0x11, 0x23, 0x11, 0x33, 0x15, 0x36, 0x33, 0x32, 0x16, 0x17, 0x11, 0x23, 0x11, 0x34, 0x26,
  0x23, 0x22, 0x07, 0x06, 0x03, 0x26, 0x27, 0x26, 0x35, 0x34, 0x36, 0x33, 0x32, 0x16, 0x15, 0x14,
  0x0f, 0x01, 0x23, 0xf0, 0x5a, 0x5a, 0x7b, 0xa3, 0xae, 0xda, 0x03, 0x5a, 0xb5, 0x7c, 0x7c, 0x5a,
  0x31, 0xaf, 0x17, 0x11, 0x1b, 0x35, 0x26, 0x24, 0x35, 0x07, 0x62, 0x41, 0x02, 0xfb, 0xfd, 0x05,
  0x03, 0xd6, 0x3f, 0x7a, 0xda, 0xa6, 0xfd, 0x6f, 0x02, 0x89, 0x7d, 0xb1, 0x57, 0x31, 0x02, 0x4b,
  0x04, 0x12, 0x1a, 0x27, 0x25, 0x33, 0x33, 0x25, 0x16, 0x12, 0xc6, 0x00, 0x00, 0x01, 0x00, 0x96,
  0xfe, 0xa6, 0x04, 0x89, 0x06, 0x40, 0x00, 0x12, 0x00, 0x00, 0x25, 0x01, 0x11, 0x23, 0x11, 0x33,
  0x01, 0x11, 0x33, 0x11, 0x33, 0x11, 0x23, 0x02, 0x07, 0x27, 0x36, 0x35, 0x34, 0x04, 0x2e, 0xfc,
  0xc2, 0x5a, 0x63, 0x03, 0x35, 0x01, 0x5a, 0x01, 0x0a, 0x8d, 0x29, 0x69, 0x02, 0x05, 0x9b, 0xfa,
  0x63, 0x06, 0x40, 0xfa, 0x73, 0x02, 0xfd, 0x02, 0x90, 0xf9, 0xc0, 0xfe, 0xeb, 0x45, 0x2d, 0x5f,
  0x9a, 0x1a, 0x00, 0x00, 0x00, 0x01, 0x00, 0x96, 0xfe, 0xa6, 0x03, 0x99, 0x04, 0x11, 0x00, 0x1a,
  0x00, 0x00, 0x01, 0x35, 0x34, 0x26, 0x23, 0x22, 0x07, 0x06, 0x07, 0x11, 0x23, 0x11, 0x33, 0x15,
  0x36, 0x33, 0x32, 0x16, 0x17, 0x11, 0x23, 0x06, 0x07, 0x27, 0x36, 0x37, 0x11, 0x03, 0x3f, 0xb5,
  0x7c, 0x7c, 0x5a, 0x31, 0x17, 0x5a, 0x5a, 0x7b, 0xa3, 0xae, 0xda, 0x03, 0x01, 0x14, 0x83, 0x28,
  0x52, 0x13, 0x02, 0x20, 0x69, 0x7d, 0xb1, 0x57, 0x31, 0x34, 0xfd, 0x05, 0x03, 0xd6, 0x3f, 0x7a,
  0xda, 0xa6, 0xfd, 0x6f, 0xf9, 0x61, 0x28, 0x39, 0xd1, 0x02, 0x48, 0x00, 0xff, 0xff, 0x00, 0x7d,
  0xff, 0xed, 0x06, 0xe7, 0x07, 0x35, 0x02, 0x22, 0x00, 0x32, 0x00, 0x00, 0x00, 0x03, 0x01, 0x44,
  0x01, 0xf5, 0x02, 0x6a, 0xff, 0xff, 0x00, 0x5a, 0xff, 0xe4, 0x04, 0xa4, 0x04, 0xcb, 0x02, 0x22,
  0x00, 0x52, 0x00, 0x00, 0x00, 0x03, 0x01, 0x44, 0x00, 0xc2, 0x00, 0x00, 0xff, 0xff, 0x00, 0x7d,
  0xff, 0xed, 0x06, 0xe7, 0x07, 0xa4, 0x02, 0x22, 0x00, 0x32, 0x00, 0x00, 0x00, 0x03, 0x01, 0x45,
  0x01, 0xfa, 0x02, 0x6a, 0xff, 0xff, 0x00, 0x5a, 0xff, 0xe4, 0x04, 0xa4, 0x05, 0x3a, 0x02, 0x22,
  0x00, 0x52, 0x00, 0x00, 0x00, 0x03, 0x01, 0x45, 0x00, 0xc7, 0x00, 0x00, 0xff, 0xff, 0x00, 0x7d,
  0xff, 0xed, 0x06, 0xe7, 0x07, 0xae, 0x02, 0x22, 0x00, 0x32, 0x00, 0x00, 0x00, 0x03, 0x01, 0x4a,
  0x02, 0x05, 0x02, 0x6a, 0xff, 0xff, 0x00, 0x5a, 0xff, 0xe4, 0x04, 0xa4, 0x05, 0x44, 0x02, 0x22,
  0x00, 0x52, 0x00, 0x00, 0x00, 0x03, 0x01, 0x4a, 0x00, 0xd2, 0x00, 0x00, 0x00, 0x02, 0x00, 0x5a,
  0xff, 0xed, 0x08, 0x7a, 0x06, 0x57, 0x00, 0x1a, 0x00, 0x34, 0x00, 0x00, 0x01, 0x16, 0x17, 0x16,
  0x13, 0x21, 0x15, 0x21, 0x02, 0x07, 0x06, 0x07, 0x21, 0x15, 0x21, 0x06, 0x23, 0x20, 0x00, 0x11,
  0x10, 0x00, 0x21, 0x32, 0x17, 0x21, 0x15, 0x01, 0x02, 0x27, 0x26, 0x27, 0x26, 0x27, 0x26, 0x23,
  0x20, 0x00, 0x11, 0x10, 0x00, 0x21, 0x32, 0x37, 0x36, 0x37, 0x36, 0x37, 0x36, 0x13, 0x36, 0x35,
  0x34, 0x05, 0x32, 0x56, 0x4c, 0xe1, 0x0e, 0x01, 0xb7, 0xfe, 0x49, 0x10, 0xdf, 0x4f, 0x59, 0x03,
  0x4e, 0xfc, 0x18, 0x79, 0x8a, 0xfe, 0xac, 0xfe, 0x1f, 0x01, 0xe1, 0x01, 0x54, 0x8a, 0x79, 0x03,
  0xe8, 0xfd, 0xed, 0x0e, 0xc6, 0x4e, 0x59, 0x2c, 0x2e, 0x78, 0x8b, 0xfe, 0xd2, 0xfe, 0x55, 0x01,
  0xab, 0x01, 0x2e, 0x8b, 0x78, 0x2e, 0x2c, 0x59, 0x4e, 0xc4, 0x10, 0x01, 0x05, 0xe6, 0x34, 0x4b,
  0xe2, 0xfe, 0xc8, 0x5a, 0xfe, 0xca, 0xdf, 0x4f, 0x35, 0x5a, 0x13, 0x01, 0xe1, 0x01, 0x54, 0x01,
  0x54, 0x01, 0xe1, 0x17, 0x5a, 0xfd, 0x67, 0x01, 0x12, 0xc7, 0x4d, 0x31, 0x18, 0x12, 0x2d, 0xfe,
  0x55, 0xfe, 0xd2, 0xfe, 0xd2, 0xfe, 0x54, 0x2d, 0x12, 0x18, 0x31, 0x4e, 0xc5, 0x01, 0x10, 0x17,
  0x18, 0x16, 0x00, 0x00, 0x00, 0x03, 0x00, 0x5a, 0xff, 0xe4, 0x07, 0xf5, 0x04, 0x2f, 0x00, 0x0b,
  0x00, 0x16, 0x00, 0x42, 0x00, 0x00, 0x12, 0x15, 0x14, 0x00, 0x33, 0x32, 0x00, 0x35, 0x34, 0x00,
  0x23, 0x22, 0x05, 0x16, 0x17, 0x21, 0x26, 0x27, 0x26, 0x23, 0x22, 0x07, 0x06, 0x03, 0x16, 0x17,
  0x16, 0x33, 0x32, 0x37, 0x36, 0x37, 0x17, 0x06, 0x07, 0x06, 0x23, 0x22, 0x27, 0x26, 0x27, 0x06,
  0x07, 0x06, 0x23, 0x22, 0x00, 0x35, 0x34, 0x00, 0x33, 0x32, 0x17, 0x16, 0x17, 0x36, 0x37, 0x36,
  0x33, 0x32, 0x17, 0x16, 0x17, 0x25, 0x16, 0x15, 0x14, 0xb9, 0x01, 0x0a, 0xbc, 0xbc, 0x01, 0x0a,
  0xfe, 0xf6, 0xbc, 0xbc, 0x02, 0xa3, 0x1d, 0x10, 0x02, 0xf6, 0x20, 0x4c, 0x85, 0xbc, 0xbc, 0x85,
  0x1e, 0x18, 0x18, 0x1e, 0x85, 0xbc, 0xbc, 0x85, 0x17, 0x14, 0x60, 0x11, 0x36, 0xa1, 0xe4, 0xe3,
  0xa1, 0x17, 0x13, 0x14, 0x16, 0xa1, 0xe4, 0xe3, 0xfe, 0xbe, 0x01, 0x42, 0xe3, 0xe4, 0xa1, 0x16,
  0x14, 0x13, 0x17, 0xa1, 0xe3, 0xe4, 0xa1, 0x8e, 0x06, 0xfc, 0xad, 0x02, 0x02, 0xc5, 0xbc, 0xbc,
  0xfe, 0xf7, 0x01, 0x09, 0xbc, 0xbc, 0x01, 0x0a, 0xc4, 0x37, 0x3d, 0x67, 0x4c, 0x85, 0x85, 0x1e,
  0xfd, 0xdb, 0x20, 0x1e, 0x85, 0x85, 0x17, 0x19, 0x22, 0x1c, 0x36, 0xa1, 0xa1, 0x17, 0x18, 0x18,
  0x17, 0xa1, 0x01, 0x42, 0xe3, 0xe4, 0x01, 0x42, 0xa1, 0x17, 0x18, 0x18, 0x17, 0xa1, 0xa1, 0x8f,
  0xc3, 0x01, 0x1a, 0x1a, 0x8e, 0x00, 0x00, 0x00, 0xff, 0xff, 0x00, 0x96, 0x00, 0x00, 0x04, 0x0a,
  0x07, 0xd5, 0x02, 0x22, 0x00, 0x35, 0x00, 0x00, 0x00, 0x03, 0x00, 0x73, 0x01, 0x4c, 0x02, 0x6a,
  0xff, 0xff, 0x00, 0x96, 0x00, 0x00, 0x02, 0x39, 0x05, 0x6b, 0x02, 0x22, 0x00, 0x55, 0x00, 0x00,
  0x00, 0x02, 0x00, 0x73, 0x5a, 0x00, 0x00, 0x00, 0x00, 0x03, 0x00, 0x7f, 0xfe, 0xca, 0x03, 0xf3,
  0x06, 0x40, 0x00, 0x08, 0x00, 0x1a, 0x00, 0x33, 0x00, 0x00, 0x13, 0x11, 0x21, 0x32, 0x36, 0x35,
  0x34, 0x26, 0x23, 0x13, 0x06, 0x23, 0x21, 0x11, 0x23, 0x11, 0x21, 0x16, 0x17, 0x16, 0x15, 0x14,
  0x07, 0x06, 0x07, 0x01, 0x23, 0x05, 0x32, 0x17, 0x16, 0x1d, 0x01, 0x06, 0x07, 0x06, 0x23, 0x22,
  0x27, 0x37, 0x16, 0x33, 0x32, 0x37, 0x36, 0x37, 0x36, 0x35, 0x34, 0x27, 0x26, 0x27, 0xda, 0x01,
  0x0f, 0xb2, 0xfd, 0xfd, 0xb2, 0x1b, 0x0d, 0x0e, 0xfe, 0xf1, 0x5b, 0x01, 0xa4, 0xb7, 0x80, 0x99,
  0x99, 0x6a, 0x89, 0x01, 0x71, 0x6f, 0xfe, 0x65, 0x55, 0x21, 0x2d, 0x06, 0x3f, 0x38, 0x3e, 0x23,
  0x26, 0x13, 0x20, 0x1e, 0x23, 0x21, 0x1c, 0x06, 0x01, 0x10, 0x14, 0x33, 0x05, 0xe4, 0xfc, 0xa2,
  0xfc, 0xb4, 0xb3, 0xfb, 0xfc, 0x47, 0x01, 0xfd, 0xd6, 0x06, 0x40, 0x19, 0x80, 0x9a, 0xd7, 0xd9,
  0x99, 0x6a, 0x21, 0xfd, 0xc7, 0x39, 0x1a, 0x23, 0x31, 0x0a, 0x37, 0x2f, 0x1f, 0x0a, 0x3a, 0x0d,
  0x11, 0x15, 0x1c, 0x06, 0x06, 0x15, 0x10, 0x13, 0x01, 0x00, 0x00, 0x00, 0x00, 0x02, 0x00, 0x19,
  0xfe, 0xca, 0x01, 0xcb, 0x03, 0xde, 0x00, 0x0d, 0x00, 0x26, 0x00, 0x00, 0x01, 0x06, 0x07, 0x06,
  0x07, 0x11, 0x23, 0x11, 0x33, 0x15, 0x36, 0x37, 0x36, 0x37, 0x01, 0x32, 0x17, 0x16, 0x1d, 0x01,
  0x06, 0x07, 0x06, 0x23, 0x22, 0x27, 0x37, 0x16, 0x33, 0x32, 0x37, 0x36, 0x37, 0x36, 0x35, 0x34,
  0x27, 0x26, 0x27, 0x01, 0xcb, 0x49, 0x4c, 0x80, 0x04, 0x5b, 0x5b, 0x1b, 0x25, 0x53, 0x55, 0xfe,
  0xe0, 0x55, 0x21, 0x2d, 0x05, 0x40, 0x37, 0x3e, 0x24, 0x26, 0x13, 0x20, 0x1e, 0x24, 0x20, 0x1d,
  0x05, 0x01, 0x0f, 0x15, 0x33, 0x03, 0x87, 0x0f, 0x4d, 0x7f, 0xb1, 0xfe, 0x05, 0x03, 0xd6, 0xb3,
  0x28, 0x25, 0x53, 0x1b, 0xfb, 0xe9, 0x1a, 0x23, 0x31, 0x0a, 0x37, 0x2f, 0x1f, 0x0a, 0x3a, 0x0d,
  0x11, 0x15, 0x1c, 0x06, 0x06, 0x15, 0x10, 0x13, 0x01, 0x00, 0x00, 0x00, 0xff, 0xff, 0x00, 0x96,
  0x00, 0x00, 0x04, 0x0a, 0x07, 0x96, 0x02, 0x22, 0x00, 0x35, 0x00, 0x00, 0x00, 0x03, 0x01, 0x43,
  0x00, 0xba, 0x02, 0x6a, 0xff, 0xff, 0x00, 0x40, 0x00, 0x00, 0x02, 0x7b, 0x05, 0x2c, 0x02, 0x22,
  0x00, 0x55, 0x00, 0x00, 0x00, 0x02, 0x01, 0x43, 0xc7, 0x00, 0x00, 0x00, 0xff, 0xff, 0x00, 0x32,
  0xff, 0xed, 0x03, 0xe0, 0x07, 0xd5, 0x02, 0x22, 0x00, 0x36, 0x00, 0x00, 0x00, 0x03, 0x00, 0x73,
  0x01, 0x05, 0x02, 0x6a, 0xff, 0xff, 0x00, 0x73, 0xff, 0xe8, 0x02, 0xb9, 0x05, 0x6b, 0x02, 0x22,
  0x00, 0x56, 0x00, 0x00, 0x00, 0x03, 0x00, 0x73, 0x00, 0x92, 0x00, 0x00, 0xff, 0xff, 0x00, 0x32,
  0xff, 0xed, 0x03, 0xe0, 0x07, 0x96, 0x02, 0x22, 0x00, 0x36, 0x00, 0x00, 0x00, 0x03, 0x01, 0x42,
  0x00, 0x73, 0x02, 0x6a, 0xff, 0xff, 0x00, 0x73, 0xff, 0xe8, 0x02, 0xb9, 0x05, 0x2c, 0x02, 0x22,
  0x00, 0x56, 0x00, 0x00, 0x00, 0x02, 0x01, 0x42, 0x00, 0x00, 0x00, 0x00, 0x00, 0x01, 0x00, 0x32,
  0xfe, 0xc5, 0x03, 0xe0, 0x06, 0x53, 0x00, 0x4a, 0x00, 0x00, 0x05, 0x26, 0x27, 0x26, 0x27, 0x37,
  0x16, 0x17, 0x16, 0x33, 0x32, 0x36, 0x35, 0x34, 0x27, 0x26, 0x27, 0x2e, 0x01, 0x35, 0x34, 0x36,
  0x33, 0x32, 0x17, 0x16, 0x17, 0x07, 0x26, 0x27, 0x26, 0x23, 0x22, 0x06, 0x15, 0x14, 0x17, 0x16,
  0x17, 0x16, 0x17, 0x16, 0x15, 0x14, 0x07, 0x06, 0x0f, 0x02, 0x33, 0x07, 0x16, 0x17, 0x16, 0x17,
  0x16, 0x15, 0x14, 0x07, 0x06, 0x23, 0x22, 0x27, 0x37, 0x16, 0x33, 0x32, 0x37, 0x36, 0x3d, 0x01,
  0x26, 0x27, 0x26, 0x27, 0x01, 0xde, 0xaa, 0x7d, 0x6f, 0x16, 0x55, 0x0e, 0x61, 0x71, 0x9f, 0xa0,
  0xe2, 0x71, 0x63, 0x90, 0xab, 0xc6, 0xc6, 0x8d, 0x8c, 0x64, 0x37, 0x15, 0x51, 0x12, 0x29, 0x49,
  0x67, 0x67, 0x92, 0x49, 0x44, 0x78, 0xc0, 0x83, 0x8b, 0x8b, 0x81, 0xb1, 0x01, 0x01, 0x01, 0x03,
  0x0e, 0x0e, 0x3c, 0x08, 0x01, 0x2b, 0x33, 0x4f, 0x22, 0x1e, 0x0b, 0x15, 0x19, 0x2d, 0x1d, 0x19,
  0x05, 0x23, 0x23, 0x2a, 0x11, 0x0d, 0x7d, 0x6f, 0x93, 0x1f, 0x82, 0x61, 0x71, 0xe2, 0xa0, 0x9f,
  0x71, 0x63, 0x3b, 0x39, 0xc6, 0x8d, 0x8a, 0xc7, 0x63, 0x35, 0x42, 0x20, 0x31, 0x29, 0x48, 0x91,
  0x68, 0x67, 0x49, 0x43, 0x38, 0x3e, 0x83, 0x8a, 0xc4, 0xc5, 0x8b, 0x81, 0x09, 0x0b, 0x06, 0x28,
  0x07, 0x08, 0x27, 0x37, 0x07, 0x07, 0x2d, 0x21, 0x27, 0x07, 0x37, 0x07, 0x17, 0x13, 0x1b, 0x07,
  0x20, 0x17, 0x15, 0x01, 0x00, 0x01, 0x00, 0x73, 0xfe, 0xc5, 0x02, 0xb9, 0x03, 0xf6, 0x00, 0x4a,
  0x00, 0x00, 0x05, 0x26, 0x27, 0x26, 0x35, 0x37, 0x14, 0x16, 0x33, 0x32, 0x36, 0x35, 0x34, 0x27,
  0x26, 0x27, 0x26, 0x27, 0x26, 0x35, 0x34, 0x36, 0x33, 0x32, 0x17, 0x16, 0x1d, 0x01, 0x07, 0x2e,
  0x01, 0x23, 0x22, 0x06, 0x15, 0x14, 0x17, 0x16, 0x17, 0x16, 0x17, 0x16, 0x15, 0x14, 0x07, 0x06,
  0x0f, 0x02, 0x33, 0x07, 0x16, 0x17, 0x16, 0x17, 0x16, 0x15, 0x14, 0x07, 0x06, 0x23, 0x22, 0x27,
  0x37, 0x16, 0x33, 0x32, 0x37, 0x36, 0x3d, 0x01, 0x26, 0x27, 0x26, 0x27, 0x01, 0x6a, 0x5d, 0x45,
  0x55, 0x59, 0x77, 0x53, 0x53, 0x77, 0x3b, 0x20, 0x61, 0x73, 0x2c, 0x45, 0x8a, 0x61, 0x62, 0x40,
  0x3e, 0x4e, 0x0a, 0x4b, 0x3d, 0x3c, 0x56, 0x2b, 0x19, 0x51, 0x80, 0x36, 0x55, 0x55, 0x4c, 0x68,
  0x01, 0x01, 0x01, 0x03, 0x0e, 0x0e, 0x3c, 0x08, 0x01, 0x2b, 0x33, 0x4f, 0x22, 0x1e, 0x0b, 0x15,
  0x19, 0x2d, 0x1d, 0x19, 0x05, 0x23, 0x23, 0x2a, 0x15, 0x0d, 0x46, 0x55, 0x66, 0x17, 0x58, 0x76,
  0x76, 0x55, 0x53, 0x3b, 0x20, 0x3e, 0x3e, 0x2c, 0x45, 0x61, 0x62, 0x8b, 0x40, 0x3f, 0x50, 0x05,
  0x1f, 0x4c, 0x4c, 0x55, 0x3d, 0x3c, 0x2b, 0x19, 0x33, 0x46, 0x36, 0x56, 0x77, 0x7a, 0x55, 0x4d,
  0x08, 0x06, 0x06, 0x28, 0x07, 0x08, 0x27, 0x37, 0x07, 0x07, 0x2d, 0x21, 0x27, 0x07, 0x37, 0x07,
  0x17, 0x13, 0x1b, 0x07, 0x20, 0x17, 0x15, 0x01, 0xff, 0xff, 0x00, 0x32, 0xff, 0xed, 0x03, 0xe0,
  0x07, 0x96, 0x02, 0x22, 0x00, 0x36, 0x00, 0x00, 0x00, 0x03, 0x01, 0x43, 0x00, 0x73, 0x02, 0x6a,
  0xff, 0xff, 0x00, 0x73, 0xff, 0xe8, 0x02, 0xb9, 0x05, 0x2c, 0x02, 0x22, 0x00, 0x56, 0x00, 0x00,
  0x00, 0x02, 0x01, 0x43, 0x00, 0x00, 0x00, 0x00, 0x00, 0x01, 0x00, 0x32, 0xfe, 0xc5, 0x03, 0xb6,
  0x06, 0x40, 0x00, 0x25, 0x00, 0x00, 0x21, 0x23, 0x11, 0x21, 0x35, 0x21, 0x15, 0x21, 0x11, 0x23,
  0x0f, 0x01, 0x33, 0x07, 0x16, 0x17, 0x16, 0x17, 0x16, 0x15, 0x14, 0x07, 0x06, 0x23, 0x22, 0x27,
  0x37, 0x16, 0x33, 0x32, 0x37, 0x36, 0x3d, 0x01, 0x26, 0x27, 0x26, 0x27, 0x01, 0xd0, 0x09, 0xfe,
  0x6b, 0x03, 0x84, 0xfe, 0x6b, 0x11, 0x03, 0x01, 0x01, 0x03, 0x0e, 0x0e, 0x3c, 0x08, 0x01, 0x2b,
  0x33, 0x4f, 0x22, 0x1e, 0x0b, 0x15, 0x19, 0x2d, 0x1d, 0x19, 0x05, 0x23, 0x23, 0x2a, 0x05, 0xe6,
  0x5a, 0x5a, 0xfa, 0x1a, 0x1d, 0x06, 0x28, 0x07, 0x08, 0x27, 0x37, 0x07, 0x07, 0x2d, 0x21, 0x27,
  0x07, 0x37, 0x07, 0x17, 0x13, 0x1b, 0x07, 0x20, 0x17, 0x15, 0x01, 0x00, 0x00, 0x01, 0x00, 0x5a,
  0xfe, 0xc5, 0x02, 0x44, 0x05, 0x78, 0x00, 0x29, 0x00, 0x00, 0x21, 0x23, 0x11, 0x23, 0x35, 0x33,
  0x11, 0x33, 0x11, 0x33, 0x15, 0x23, 0x11, 0x23, 0x0f, 0x01, 0x33, 0x07, 0x16, 0x17, 0x16, 0x17,
  0x16, 0x15, 0x14, 0x07, 0x06, 0x23, 0x22, 0x27, 0x37, 0x16, 0x33, 0x32, 0x37, 0x36, 0x3d, 0x01,
  0x26, 0x27, 0x26, 0x27, 0x01, 0x2b, 0x09, 0xc8, 0xc8, 0x5a, 0xc8, 0xc8, 0x11, 0x03, 0x01, 0x01,
  0x03, 0x0e, 0x0e, 0x3c, 0x08, 0x01, 0x2b, 0x33, 0x4f, 0x22, 0x1e, 0x0b, 0x15, 0x19, 0x2d, 0x1d,
  0x19, 0x05, 0x23, 0x23, 0x2a, 0x03, 0x7c, 0x5a, 0x01, 0xa2, 0xfe, 0x5e, 0x5a, 0xfc, 0x84, 0x1d,
  0x06, 0x28, 0x07, 0x08, 0x27, 0x37, 0x07, 0x07, 0x2d, 0x21, 0x27, 0x07, 0x37, 0x07, 0x17, 0x13,
  0x1b, 0x07, 0x20, 0x17, 0x15, 0x01, 0x00, 0x00, 0xff, 0xff, 0x00, 0x32, 0x00, 0x00, 0x03, 0xb6,
  0x07, 0x96, 0x02, 0x22, 0x00, 0x37, 0x00, 0x00, 0x00, 0x03, 0x01, 0x43, 0x00, 0x5e, 0x02, 0x6a,
  0x00, 0x02, 0x00, 0x24, 0x00, 0x00, 0x02, 0x7e, 0x06, 0x29, 0x00, 0x0b, 0x00, 0x1a, 0x00, 0x00,
  0x13, 0x11, 0x33, 0x11, 0x33, 0x15, 0x23, 0x11, 0x23, 0x11, 0x23, 0x35, 0x01, 0x26, 0x27, 0x26,
  0x35, 0x34, 0x36, 0x33, 0x32, 0x16, 0x15, 0x14, 0x0f, 0x01, 0x23, 0xec, 0x5a, 0xc8, 0xc8, 0x5a,
  0xc8, 0x01, 0xe9, 0x17, 0x11, 0x1b, 0x35, 0x26, 0x24, 0x35, 0x07, 0x62, 0x41, 0x03, 0xd6, 0x01,
  0xa1, 0xfe, 0x5f, 0x5b, 0xfc, 0x85, 0x03, 0x7b, 0x5b, 0x01, 0xa4, 0x04, 0x12, 0x1a, 0x27, 0x25,
  0x33, 0x33, 0x25, 0x16, 0x12, 0xc6, 0x00, 0x00, 0x00, 0x01, 0x00, 0x32, 0x00, 0x00, 0x03, 0xb6,
  0x06, 0x40, 0x00, 0x0f, 0x00, 0x00, 0x01, 0x11, 0x21, 0x35, 0x21, 0x15, 0x21, 0x11, 0x33, 0x15,
  0x23, 0x11, 0x23, 0x11, 0x23, 0x35, 0x01, 0xc7, 0xfe, 0x6b, 0x03, 0x84, 0xfe, 0x6b, 0xff, 0xff,
  0x5a, 0xff, 0x03, 0x4d, 0x02, 0x99, 0x5a, 0x5a, 0xfd, 0x67, 0x5a, 0xfd, 0x0d, 0x02, 0xf3, 0x5a,
  0x00, 0x01, 0x00, 0x5a, 0x00, 0x00, 0x02, 0x44, 0x05, 0x78, 0x00, 0x13, 0x00, 0x00, 0x13, 0x33,
  0x11, 0x23, 0x35, 0x33, 0x11, 0x33, 0x11, 0x33, 0x15, 0x23, 0x11, 0x33, 0x15, 0x23, 0x11, 0x23,
  0x11, 0x23, 0x5a, 0xc8, 0xc8, 0xc8, 0x5a, 0xc8, 0xc8, 0xc8, 0xc8, 0x5a, 0xc8, 0x02, 0x5d, 0x01,
  0x1f, 0x5a, 0x01, 0xa2, 0xfe, 0x5e, 0x5a, 0xfe, 0xe1, 0x5a, 0xfd, 0xfd, 0x02, 0x03, 0x00, 0x00,
  0xff, 0xff, 0x00, 0x96, 0xff, 0xf2, 0x04, 0xab, 0x07, 0x7e, 0x02, 0x22, 0x00, 0x38, 0x00, 0x00,
  0x00, 0x03, 0x01, 0x49, 0x01, 0x04, 0x02, 0x6a, 0xff, 0xff, 0x00, 0x96, 0xff, 0xf2, 0x03, 0xb5,
  0x05, 0x14, 0x02, 0x22, 0x00, 0x58, 0x00, 0x00, 0x00, 0x03, 0x01, 0x49, 0x00, 0x89, 0x00, 0x00,
  0xff, 0xff, 0x00, 0x96, 0xff, 0xf2, 0x04, 0xab, 0x07, 0x35, 0x02, 0x22, 0x00, 0x38, 0x00, 0x00,
  0x00, 0x03, 0x01, 0x44, 0x00, 0xe4, 0x02, 0x6a, 0xff, 0xff, 0x00, 0x96, 0xff, 0xf2, 0x03, 0xb5,
  0x04, 0xcb, 0x02, 0x22, 0x00, 0x58, 0x00, 0x00, 0x00, 0x02, 0x01, 0x44, 0x69, 0x00, 0x00, 0x00,
  0xff, 0xff, 0x00, 0x96, 0xff, 0xf2, 0x04, 0xab, 0x07, 0xa4, 0x02, 0x22, 0x00, 0x38, 0x00, 0x00,
  0x00, 0x03, 0x01, 0x45, 0x00, 0xe9, 0x02, 0x6a, 0xff, 0xff, 0x00, 0x96, 0xff, 0xf2, 0x03, 0xb5,
  0x05, 0x3a, 0x02, 0x22, 0x00, 0x58, 0x00, 0x00, 0x00, 0x02, 0x01, 0x45, 0x6e, 0x00, 0x00, 0x00,
  0xff, 0xff, 0x00, 0x96, 0xff, 0xf2, 0x04, 0xab, 0x07, 0xbc, 0x02, 0x22, 0x00, 0x38, 0x00, 0x00,
  0x00, 0x03, 0x01, 0x47, 0x01, 0x23, 0x02, 0x6a, 0xff, 0xff, 0x00, 0x96, 0xff, 0xf2, 0x03, 0xb5,
  0x05, 0x52, 0x02, 0x22, 0x00, 0x58, 0x00, 0x00, 0x00, 0x03, 0x01, 0x47, 0x00, 0xa8, 0x00, 0x00,
  0xff, 0xff, 0x00, 0x96, 0xff, 0xf2, 0x04, 0xab, 0x07, 0xae, 0x02, 0x22, 0x00, 0x38, 0x00, 0x00,
  0x00, 0x03, 0x01, 0x4a, 0x00, 0xf4, 0x02, 0x6a, 0xff, 0xff, 0x00, 0x96, 0xff, 0xf2, 0x03, 0xb5,
  0x05, 0x44, 0x02, 0x22, 0x00, 0x58, 0x00, 0x00, 0x00, 0x02, 0x01, 0x4a, 0x79, 0x00, 0x00, 0x00,
  0x00, 0x01, 0x00, 0x96, 0xfe, 0xce, 0x04, 0xab, 0x06, 0x40, 0x00, 0x29, 0x00, 0x00, 0x25, 0x06,
  0x23, 0x22, 0x00, 0x35, 0x11, 0x33, 0x11, 0x14, 0x16, 0x33, 0x32, 0x36, 0x35, 0x11, 0x33, 0x11,
  0x06, 0x07, 0x06, 0x07, 0x06, 0x07, 0x06, 0x15, 0x14, 0x17, 0x16, 0x33, 0x32, 0x37, 0x17, 0x06,
  0x23, 0x22, 0x27, 0x26, 0x35, 0x34, 0x37, 0x36, 0x03, 0x56, 0x54, 0x61, 0xd9, 0xfe, 0xce, 0x5b,
  0xfd, 0xb3, 0xb3, 0xfc, 0x5b, 0x19, 0x80, 0x29, 0x2d, 0x59, 0x0a, 0x02, 0x16, 0x1e, 0x32, 0x1e,
  0x1c, 0x16, 0x38, 0x37, 0x49, 0x2c, 0x23, 0x02, 0x09, 0x11, 0x1f, 0x01, 0x32, 0xd8, 0x04, 0x44,
  0xfb, 0xbc, 0xb2, 0xfd, 0xfd, 0xb2, 0x04, 0x44, 0xfb, 0x82, 0xb7, 0x80, 0x29, 0x1d, 0x6b, 0x41,
  0x12, 0x10, 0x30, 0x1a, 0x24, 0x0e, 0x32, 0x17, 0x31, 0x27, 0x39, 0x0e, 0x0f, 0x41, 0x00, 0x00,
  0x00, 0x01, 0x00, 0x96, 0xfe, 0xcf, 0x03, 0xb5, 0x03, 0xd6, 0x00, 0x2a, 0x00, 0x00, 0x25, 0x06,
  0x23, 0x22, 0x26, 0x27, 0x11, 0x33, 0x11, 0x14, 0x17, 0x16, 0x33, 0x32, 0x36, 0x35, 0x11, 0x33,
  0x11, 0x06, 0x07, 0x06, 0x07, 0x06, 0x07, 0x06, 0x15, 0x14, 0x17, 0x16, 0x33, 0x32, 0x37, 0x17,
  0x06, 0x23, 0x22, 0x27, 0x26, 0x35, 0x34, 0x37, 0x36, 0x02, 0xdd, 0x4f, 0x63, 0xb8, 0xda, 0x03,
  0x5a, 0x5b, 0x5a, 0x85, 0x7c, 0xb5, 0x5a, 0x03, 0x6d, 0x07, 0x07, 0x40, 0x0a, 0x02, 0x16, 0x1e,
  0x32, 0x1e, 0x1c, 0x16, 0x38, 0x37, 0x49, 0x2c, 0x23, 0x02, 0x09, 0x16, 0x24, 0xda, 0xa6, 0x02,
  0x64, 0xfd, 0xa4, 0x7d, 0x58, 0x59, 0xb1, 0x7d, 0x02, 0x5c, 0xfd, 0x9c, 0xa6, 0x6d, 0x07, 0x06,
  0x78, 0x40, 0x12, 0x10, 0x30, 0x1a, 0x24, 0x0e, 0x32, 0x17, 0x31, 0x27, 0x39, 0x0e, 0x0f, 0x3f,
  0xff, 0xff, 0x00, 0x7d, 0xff, 0xf2, 0x06, 0x0b, 0x07, 0x96, 0x02, 0x22, 0x00, 0x3a, 0x00, 0x00,
  0x00, 0x03, 0x01, 0x42, 0x01, 0xae, 0x02, 0x6a, 0xff, 0xff, 0x00, 0x96, 0xff, 0xf2, 0x04, 0xc9,
  0x05, 0x2c, 0x02, 0x22, 0x00, 0x5a, 0x00, 0x00, 0x00, 0x03, 0x01, 0x42, 0x01, 0x19, 0x00, 0x00,
  0xff, 0xff, 0x00, 0x32, 0x00, 0x00, 0x04, 0xd9, 0x07, 0x96, 0x02, 0x22, 0x00, 0x3c, 0x00, 0x00,
  0x00, 0x03, 0x01, 0x42, 0x00, 0xef, 0x02, 0x6a, 0xff, 0xff, 0x00, 0x4b, 0xfe, 0x89, 0x03, 0xa2,
  0x05, 0x2c, 0x02, 0x22, 0x00, 0x5c, 0x00, 0x00, 0x00, 0x02, 0x01, 0x42, 0x60, 0x00, 0x00, 0x00,
  0xff, 0xff, 0x00, 0x32, 0x00, 0x00, 0x04, 0xd9, 0x07, 0x9c, 0x02, 0x22, 0x00, 0x3c, 0x00, 0x00,
  0x00, 0x03, 0x00, 0x69, 0x01, 0x19, 0x02, 0x6a, 0xff, 0xff, 0x00, 0x96, 0x00, 0x00, 0x04, 0x99,
  0x07, 0xd5, 0x02, 0x22, 0x00, 0x3d, 0x00, 0x00, 0x00, 0x03, 0x00, 0x73, 0x01, 0x94, 0x02, 0x6a,
  0xff, 0xff, 0x00, 0x96, 0x00, 0x00, 0x03, 0x52, 0x05, 0x6b, 0x02, 0x22, 0x00, 0x5d, 0x00, 0x00,
  0x00, 0x03, 0x00, 0x73, 0x00, 0xf0, 0x00, 0x00, 0xff, 0xff, 0x00, 0x96, 0x00, 0x00, 0x04, 0x99,
  0x07, 0x81, 0x02, 0x22, 0x00, 0x3d, 0x00, 0x00, 0x00, 0x03, 0x01, 0x46, 0x01, 0xce, 0x02, 0x6a,
  0xff, 0xff, 0x00, 0x96, 0x00, 0x00, 0x03, 0x52, 0x05, 0x17, 0x02, 0x22, 0x00, 0x5d, 0x00, 0x00,
  0x00, 0x03, 0x01, 0x46, 0x01, 0x2b, 0x00, 0x00, 0xff, 0xff, 0x00, 0x96, 0x00, 0x00, 0x04, 0x99,
  0x07, 0x96, 0x02, 0x22, 0x00, 0x3d, 0x00, 0x00, 0x00, 0x03, 0x01, 0x43, 0x01, 0x01, 0x02, 0x6a,
  0xff, 0xff, 0x00, 0x96, 0x00, 0x00, 0x03, 0x52, 0x05, 0x2c, 0x02, 0x22, 0x00, 0x5d, 0x00, 0x00,
  0x00, 0x02, 0x01, 0x43, 0x5e, 0x00, 0x00, 0x00, 0x00, 0x01, 0x00, 0x7c, 0x00, 0x00, 0x02, 0x05,
  0x05, 0xeb, 0x00, 0x0f, 0x00, 0x00, 0x33, 0x23, 0x11, 0x36, 0x37, 0x36, 0x33, 0x32, 0x17, 0x07,
  0x26, 0x23, 0x22, 0x07, 0x06, 0x07, 0xd7, 0x5b, 0x07, 0x4e, 0x52, 0x6b, 0x38, 0x3f, 0x1d, 0x2a,
  0x27, 0x46, 0x40, 0x37, 0x03, 0x04, 0xe0, 0x6f, 0x50, 0x4c, 0x16, 0x50, 0x12, 0x38, 0x38, 0x4e,
  0x00, 0x01, 0xff, 0xc2, 0xfe, 0x95, 0x02, 0x13, 0x05, 0xeb, 0x00, 0x1d, 0x00, 0x00, 0x33, 0x23,
  0x15, 0x02, 0x21, 0x35, 0x32, 0x37, 0x11, 0x23, 0x35, 0x33, 0x11, 0x36, 0x37, 0x36, 0x33, 0x32,
  0x17, 0x07, 0x26, 0x23, 0x22, 0x07, 0x06, 0x07, 0x11, 0x33, 0x15, 0x23, 0xe5, 0x01, 0x0c, 0xfe,
  0xea, 0xbd, 0x0b, 0x63, 0x63, 0x07, 0x4e, 0x53, 0x6a, 0x39, 0x3e, 0x1c, 0x2a, 0x28, 0x46, 0x3f,
  0x38, 0x03, 0xc8, 0xc8, 0x4f, 0xfe, 0xe4, 0x53, 0xc6, 0x03, 0xcd, 0x5b, 0x01, 0x0a, 0x6f, 0x50,
  0x4c, 0x16, 0x50, 0x12, 0x38, 0x38, 0x4e, 0xfe, 0xfd, 0x5b, 0x00, 0x00, 0x00, 0x03, 0xff, 0xff,
  0x00, 0x00, 0x04, 0xeb, 0x07, 0x70, 0x00, 0x02, 0x00, 0x0e, 0x00, 0x28, 0x00, 0x00, 0x01, 0x03,
  0x01, 0x13, 0x22, 0x06, 0x15, 0x14, 0x16, 0x33, 0x32, 0x36, 0x35, 0x34, 0x26, 0x27, 0x37, 0x33,
  0x07, 0x16, 0x17, 0x16, 0x15, 0x14, 0x07, 0x06, 0x07, 0x01, 0x23, 0x03, 0x21, 0x03, 0x23, 0x01,
  0x26, 0x27, 0x26, 0x35, 0x34, 0x37, 0x36, 0x03, 0x77, 0xfe, 0xff, 0x00, 0xfd, 0x19, 0x21, 0x21,
  0x19, 0x17, 0x22, 0x22, 0x32, 0x6c, 0xa6, 0xc4, 0x14, 0x11, 0x23, 0x23, 0x13, 0x14, 0x02, 0x44,
  0x5f, 0xf4, 0xfd, 0xc0, 0xf9, 0x60, 0x02, 0x4a, 0x17, 0x13, 0x24, 0x24, 0x1a, 0x02, 0xca, 0x02,
  0x9f, 0xfd, 0x61, 0x03, 0xd0, 0x22, 0x19, 0x16, 0x22, 0x22, 0x16, 0x19, 0x22, 0x3f, 0x97, 0xa1,
  0x09, 0x0f, 0x25, 0x33, 0x31, 0x23, 0x13, 0x07, 0xfa, 0x0f, 0x02, 0x70, 0xfd, 0x90, 0x05, 0xee,
  0x09, 0x14, 0x23, 0x31, 0x33, 0x25, 0x1a, 0x00, 0x00, 0x03, 0x00, 0x54, 0xff, 0xe4, 0x04, 0x91,
  0x05, 0x7d, 0x00, 0x0e, 0x00, 0x1a, 0x00, 0x40, 0x00, 0x00, 0x01, 0x35, 0x26, 0x27, 0x26, 0x23,
  0x22, 0x04, 0x15, 0x14, 0x04, 0x33, 0x32, 0x37, 0x36, 0x01, 0x22, 0x06, 0x15, 0x14, 0x16, 0x33,
  0x32, 0x36, 0x35, 0x34, 0x26, 0x37, 0x16, 0x17, 0x16, 0x15, 0x14, 0x07, 0x06, 0x07, 0x16, 0x17,
  0x16, 0x17, 0x35, 0x33, 0x11, 0x23, 0x35, 0x06, 0x07, 0x06, 0x23, 0x22, 0x00, 0x35, 0x34, 0x00,
  0x37, 0x26, 0x27, 0x26, 0x35, 0x34, 0x37, 0x36, 0x3f, 0x01, 0x33, 0x04, 0x37, 0x19, 0x64, 0x85,
  0xbc, 0xbc, 0xfe, 0xf6, 0x01, 0x0a, 0xbc, 0xbc, 0x85, 0x64, 0xfe, 0x55, 0x19, 0x22, 0x22, 0x19,
  0x17, 0x22, 0x22, 0x1a, 0x14, 0x12, 0x23, 0x23, 0x14, 0x19, 0xcd, 0x94, 0x1f, 0x1a, 0x5a, 0x5a,
  0x1a, 0x1f, 0xa1, 0xe4, 0xe3, 0xfe, 0xbe, 0x01, 0x32, 0xc6, 0x1b, 0x15, 0x24, 0x24, 0x18, 0x1f,
  0x99, 0xa7, 0x01, 0xb0, 0x6e, 0x84, 0x64, 0x85, 0xf4, 0xb1, 0xb0, 0xf2, 0x85, 0x64, 0x03, 0x69,
  0x22, 0x19, 0x16, 0x22, 0x22, 0x16, 0x19, 0x22, 0x37, 0x09, 0x11, 0x25, 0x33, 0x31, 0x23, 0x15,
  0x09, 0x0b, 0x94, 0x20, 0x23, 0x8b, 0xfc, 0x6e, 0xc8, 0x23, 0x20, 0xa1, 0x01, 0x2b, 0xd7, 0xda,
  0x01, 0x19, 0x10, 0x08, 0x16, 0x23, 0x31, 0x33, 0x25, 0x17, 0x08, 0xab, 0xff, 0xff, 0x00, 0x28,
  0x00, 0x00, 0x06, 0x0f, 0x07, 0xd5, 0x02, 0x22, 0x00, 0x82, 0x00, 0x00, 0x00, 0x03, 0x00, 0x73,
  0x02, 0x18, 0x02, 0x6a, 0xff, 0xff, 0x00, 0x5a, 0xff, 0xe4, 0x08, 0x21, 0x05, 0x6b, 0x02, 0x22,
  0x00, 0xa2, 0x00, 0x00, 0x00, 0x03, 0x00, 0x73, 0x03, 0x3a, 0x00, 0x00, 0xff, 0xff, 0x00, 0x7d,
  0xff, 0x6e, 0x06, 0xe7, 0x07, 0xd5, 0x02, 0x22, 0x00, 0x94, 0x00, 0x00, 0x00, 0x03, 0x00, 0x73,
  0x02, 0xae, 0x02, 0x6a, 0xff, 0xff, 0x00, 0x5a, 0xff, 0x44, 0x04, 0xa4, 0x05, 0x6b, 0x02, 0x22,
  0x00, 0xb4, 0x00, 0x00, 0x00, 0x03, 0x00, 0x73, 0x01, 0x7b, 0x00, 0x00, 0x00, 0x01, 0x00, 0x79,
  0x04, 0x42, 0x02, 0xb4, 0x05, 0x2c, 0x00, 0x06, 0x00, 0x00, 0x01, 0x17, 0x23, 0x27, 0x07, 0x23,
  0x37, 0x01, 0xc6, 0xee, 0x68, 0xba, 0xb0, 0x69, 0xe5, 0x05, 0x2c, 0xea, 0x8f, 0x8f, 0xea, 0x00,
  0x00, 0x01, 0x00, 0x79, 0x04, 0x42, 0x02, 0xb4, 0x05, 0x2c, 0x00, 0x06, 0x00, 0x00, 0x01, 0x27,
  0x33, 0x17, 0x37, 0x33, 0x07, 0x01, 0x5e, 0xe5, 0x69, 0xb0, 0xba, 0x68, 0xee, 0x04, 0x42, 0xea,
  0x8f, 0x8f, 0xea, 0x00, 0x00, 0x01, 0x00, 0x96, 0x04, 0x85, 0x02, 0xe4, 0x04, 0xcb, 0x00, 0x03,
  0x00, 0x00, 0x13, 0x21, 0x15, 0x21, 0x96, 0x02, 0x4e, 0xfd, 0xb2, 0x04, 0xcb, 0x46, 0x00, 0x00,
  0x00, 0x01, 0x00, 0xcd, 0x04, 0x66, 0x02, 0xa3, 0x05, 0x3a, 0x00, 0x11, 0x00, 0x00, 0x01, 0x16,
  0x17, 0x16, 0x33, 0x32, 0x37, 0x36, 0x37, 0x33, 0x06, 0x07, 0x06, 0x23, 0x22, 0x27, 0x26, 0x27,
  0x01, 0x17, 0x08, 0x26, 0x30, 0x44, 0x43, 0x30, 0x27, 0x07, 0x49, 0x08, 0x3c, 0x44, 0x62, 0x63,
  0x44, 0x41, 0x04, 0x05, 0x3a, 0x35, 0x26, 0x30, 0x30, 0x26, 0x35, 0x53, 0x3c, 0x45, 0x45, 0x42,
  0x4d, 0x00, 0x00, 0x00, 0x00, 0x01, 0x00, 0x7d, 0x04, 0x7f, 0x01, 0x16, 0x05, 0x17, 0x00, 0x0b,
  0x00, 0x00, 0x12, 0x16, 0x15, 0x14, 0x06, 0x23, 0x22, 0x26, 0x35, 0x34, 0x36, 0x33, 0xe9, 0x2d,
  0x2d, 0x1f, 0x20, 0x2d, 0x2d, 0x20, 0x05, 0x17, 0x2c, 0x20, 0x20, 0x2c, 0x2c, 0x20, 0x20, 0x2c,
  0x00, 0x02, 0x01, 0x03, 0x04, 0x5d, 0x01, 0xf9, 0x05, 0x52, 0x00, 0x0b, 0x00, 0x17, 0x00, 0x00,
  0x00, 0x16, 0x15, 0x14, 0x06, 0x23, 0x22, 0x26, 0x35, 0x34, 0x36, 0x33, 0x15, 0x22, 0x06, 0x15,
  0x14, 0x16, 0x33, 0x32, 0x36, 0x35, 0x34, 0x26, 0x01, 0xb1, 0x48, 0x48, 0x33, 0x33, 0x48, 0x48,
  0x33, 0x18, 0x22, 0x22, 0x18, 0x17, 0x22, 0x22, 0x05, 0x52, 0x48, 0x33, 0x32, 0x48, 0x48, 0x32,
  0x33, 0x48, 0x41, 0x22, 0x18, 0x17, 0x22, 0x22, 0x17, 0x18, 0x22, 0x00, 0x00, 0x01, 0x00, 0x0a,
  0xfe, 0xcf, 0x01, 0x11, 0x00, 0x30, 0x00, 0x15, 0x00, 0x00, 0x16, 0x07, 0x06, 0x15, 0x14, 0x17,
  0x16, 0x33, 0x32, 0x37, 0x17, 0x06, 0x23, 0x22, 0x27, 0x26, 0x35, 0x34, 0x37, 0x36, 0x37, 0x17,
  0x68, 0x0b, 0x02, 0x16, 0x1e, 0x32, 0x1e, 0x1c, 0x16, 0x38, 0x37, 0x49, 0x2c, 0x23, 0x02, 0x0f,
  0x96, 0x14, 0x1d, 0x49, 0x12, 0x10, 0x30, 0x1a, 0x24, 0x0e, 0x32, 0x17, 0x31, 0x27, 0x39, 0x0e,
  0x0f, 0x68, 0x4b, 0x1e, 0x00, 0x01, 0x00, 0x96, 0x04, 0x61, 0x02, 0xa3, 0x05, 0x14, 0x00, 0x17,
  0x00, 0x00, 0x01, 0x16, 0x3b, 0x01, 0x36, 0x37, 0x33, 0x06, 0x07, 0x06, 0x23, 0x22, 0x27, 0x26,
  0x2b, 0x01, 0x06, 0x07, 0x23, 0x36, 0x37, 0x36, 0x33, 0x32, 0x01, 0x97, 0x4b, 0x31, 0x05, 0x32,
  0x14, 0x45, 0x15, 0x4e, 0x15, 0x15, 0x39, 0x3a, 0x4b, 0x31, 0x05, 0x32, 0x14, 0x46, 0x16, 0x4e,
  0x15, 0x15, 0x39, 0x04, 0xe7, 0x3c, 0x03, 0x51, 0x81, 0x17, 0x06, 0x2e, 0x3b, 0x03, 0x51, 0x81,
  0x17, 0x06, 0x00, 0x00, 0x00, 0x02, 0x00, 0x96, 0x04, 0x89, 0x02, 0xc4, 0x05, 0x44, 0x00, 0x03,
  0x00, 0x07, 0x00, 0x00, 0x01, 0x07, 0x23, 0x37, 0x21, 0x07, 0x23, 0x37, 0x01, 0xdf, 0xf5, 0x54,
  0xa3, 0x01, 0x8b, 0xf5, 0x54, 0xa3, 0x05, 0x44, 0xbb, 0xbb, 0xbb, 0xbb, 0x00, 0x01, 0x00, 0x55,
  0x05, 0x85, 0x01, 0x9e, 0x06, 0x40, 0x00, 0x03, 0x00, 0x00, 0x01, 0x07, 0x23, 0x37, 0x01, 0x9e,
  0xf5, 0x54, 0xa3, 0x06, 0x40, 0xbb, 0xbb, 0x00, 0x00, 0x03, 0x00, 0x7c, 0x05, 0x84, 0x02, 0xa8,
  0x06, 0x40, 0x00, 0x03, 0x00, 0x0f, 0x00, 0x1b, 0x00, 0x00, 0x01, 0x07, 0x23, 0x37, 0x1e, 0x01,
  0x15, 0x14, 0x06, 0x23, 0x22, 0x26, 0x35, 0x34, 0x36, 0x33, 0x20, 0x16, 0x15, 0x14, 0x06, 0x23,
  0x22, 0x26, 0x35, 0x34, 0x36, 0x33, 0x02, 0x42, 0xc9, 0x53, 0x75, 0xe7, 0x26, 0x26, 0x19, 0x1a,
  0x25, 0x25, 0x1a, 0xfe, 0x6b, 0x26, 0x26, 0x19, 0x1a, 0x25, 0x25, 0x1a, 0x06, 0x40, 0xbb, 0xbb,
  0x40, 0x24, 0x19, 0x1b, 0x24, 0x24, 0x1b, 0x19, 0x24, 0x24, 0x19, 0x1b, 0x24, 0x24, 0x1b, 0x19,
  0x24, 0x00, 0x00, 0x00, 0xff, 0xff, 0x00, 0x87, 0x00, 0x00, 0x05, 0x2e, 0x06, 0x65, 0x00, 0x22,
  0x01, 0x4b, 0x55, 0x00, 0x02, 0x02, 0x01, 0x56, 0x55, 0x00, 0x00, 0x00, 0x00, 0x01, 0x00, 0x3e,
  0x03, 0xd6, 0x00, 0xd7, 0x04, 0x6e, 0x00, 0x0b, 0x00, 0x00, 0x12, 0x16, 0x15, 0x14, 0x06, 0x23,
  0x22, 0x26, 0x35, 0x34, 0x36, 0x33, 0xa9, 0x2e, 0x2e, 0x1e, 0x20, 0x2d, 0x2d, 0x20, 0x04, 0x6e,
  0x2d, 0x1f, 0x20, 0x2c, 0x2c, 0x20, 0x1f, 0x2d, 0xff, 0xff, 0x00, 0x55, 0x00, 0x00, 0x05, 0xf9,
  0x06, 0x40, 0x00, 0x22, 0x01, 0x4b, 0x00, 0x00, 0x00, 0x03, 0x01, 0x5a, 0x02, 0x43, 0x00, 0x00,
  0xff, 0xff, 0x00, 0x55, 0x00, 0x00, 0x06, 0x2b, 0x06, 0x40, 0x00, 0x22, 0x01, 0x4b, 0x00, 0x00,
  0x00, 0x03, 0x01, 0x5c, 0x02, 0x43, 0x00, 0x00, 0xff, 0xff, 0x00, 0x55, 0x00, 0x00, 0x02, 0x9d,
  0x06, 0x40, 0x00, 0x22, 0x01, 0x4b, 0x00, 0x00, 0x00, 0x03, 0x01, 0x5e, 0x01, 0xb9, 0x00, 0x00,
  0xff, 0xff, 0x00, 0x55, 0xff, 0xed, 0x07, 0xe1, 0x06, 0x57, 0x00, 0x22, 0x01, 0x4b, 0x00, 0x00,
  0x00, 0x03, 0x01, 0x64, 0x00, 0xfa, 0x00, 0x00, 0xff, 0xff, 0x00, 0x55, 0x00, 0x00, 0x07, 0x1c,
  0x06, 0x40, 0x00, 0x22, 0x01, 0x4b, 0x00, 0x00, 0x00, 0x03, 0x01, 0x69, 0x02, 0x43, 0x00, 0x00,
  0xff, 0xff, 0x00, 0x55, 0x00, 0x00, 0x06, 0xd9, 0x06, 0x40, 0x00, 0x22, 0x01, 0x4b, 0x00, 0x00,
  0x00, 0x03, 0x01, 0x6d, 0x00, 0xfa, 0x00, 0x00, 0x00, 0x04, 0xff, 0xbb, 0x00, 0x00, 0x01, 0xe7,
  0x05, 0x61, 0x00, 0x03, 0x00, 0x07, 0x00, 0x13, 0x00, 0x1f, 0x00, 0x00, 0x13, 0x11, 0x23, 0x11,
  0x13, 0x07, 0x23, 0x37, 0x1e, 0x01, 0x15, 0x14, 0x06, 0x23, 0x22, 0x26, 0x35, 0x34, 0x36, 0x33,
  0x20, 0x16, 0x15, 0x14, 0x06, 0x23, 0x22, 0x26, 0x35, 0x34, 0x36, 0x33, 0xfd, 0x59, 0xdd, 0xc9,
  0x53, 0x75, 0xe7, 0x26, 0x26, 0x19, 0x1a, 0x25, 0x25, 0x1a, 0xfe, 0x6b, 0x26, 0x26, 0x19, 0x1a,
  0x25, 0x25, 0x1a, 0x03, 0xd6, 0xfc, 0x2a, 0x03, 0xd6, 0x01, 0x8b, 0xbb, 0xbb, 0x40, 0x24, 0x19,
  0x1b, 0x24, 0x24, 0x1b, 0x19, 0x24, 0x24, 0x19, 0x1b, 0x24, 0x24, 0x1b, 0x19, 0x24, 0x00, 0x00,
  0xff, 0xff, 0x00, 0x32, 0x00, 0x00, 0x04, 0xd9, 0x06, 0x65, 0x02, 0x02, 0x00, 0x24, 0x00, 0x00,
  0xff, 0xff, 0x00, 0x96, 0x00, 0x00, 0x03, 0xd0, 0x06, 0x40, 0x02, 0x02, 0x00, 0x25, 0x00, 0x00,
  0x00, 0x01, 0x00, 0x7f, 0x00, 0x00, 0x03, 0x3b, 0x06, 0x40, 0x00, 0x05, 0x00, 0x00, 0x01, 0x15,
  0x21, 0x11, 0x23, 0x11, 0x03, 0x3b, 0xfd, 0x9f, 0x5b, 0x06, 0x40, 0x5b, 0xfa, 0x1b, 0x06, 0x40,
  0x00, 0x02, 0xff, 0xde, 0x00, 0x00, 0x04, 0xe0, 0x06, 0x40, 0x00, 0x05, 0x00, 0x08, 0x00, 0x00,
  0x37, 0x23, 0x01, 0x33, 0x01, 0x21, 0x25, 0x09, 0x01, 0x22, 0x44, 0x02, 0x47, 0x6d, 0x02, 0x4e,
  0xfb, 0x42, 0x04, 0x3d, 0xfd, 0xfc, 0xfe, 0x03, 0x01, 0x06, 0x3f, 0xf9, 0xc0, 0x5a, 0x05, 0x75,
  0xfa, 0x8b, 0x00, 0x00, 0xff, 0xff, 0x00, 0x96, 0x00, 0x00, 0x03, 0xb6, 0x06, 0x40, 0x02, 0x02,
  0x00, 0x28, 0x00, 0x00, 0xff, 0xff, 0x00, 0x96, 0x00, 0x00, 0x04, 0x99, 0x06, 0x40, 0x02, 0x02,
  0x00, 0x3d, 0x00, 0x00, 0xff, 0xff, 0x00, 0x96, 0x00, 0x00, 0x03, 0xe8, 0x06, 0x40, 0x02, 0x02,
  0x00, 0x2b, 0x00, 0x00, 0x00, 0x03, 0x00, 0x46, 0xff, 0xed, 0x06, 0xb0, 0x06, 0x56, 0x00, 0x0b,
  0x00, 0x17, 0x00, 0x1b, 0x00, 0x00, 0x08, 0x01, 0x11, 0x10, 0x00, 0x21, 0x20, 0x00, 0x11, 0x10,
  0x00, 0x21, 0x15, 0x20, 0x00, 0x11, 0x10, 0x00, 0x21, 0x20, 0x00, 0x11, 0x10, 0x00, 0x01, 0x21,
  0x15, 0x21, 0x04, 0xcf, 0x01, 0xe1, 0xfe, 0x1f, 0xfe, 0xab, 0xfe, 0xad, 0xfe, 0x1f, 0x01, 0xe1,
  0x01, 0x53, 0xfe, 0xd3, 0xfe, 0x55, 0x01, 0xab, 0x01, 0x2d, 0x01, 0x2e, 0x01, 0xac, 0xfe, 0x54,
  0xfd, 0x0f, 0x03, 0x89, 0xfc, 0x77, 0x06, 0x56, 0xfe, 0x20, 0xfe, 0xac, 0xfe, 0xab, 0xfe, 0x20,
  0x01, 0xe0, 0x01, 0x55, 0x01, 0x54, 0x01, 0xe0, 0x5b, 0xfe, 0x54, 0xfe, 0xd3, 0xfe, 0xd2, 0xfe,
  0x54, 0x01, 0xac, 0x01, 0x2e, 0x01, 0x2d, 0x01, 0xac, 0xfd, 0x54, 0x5a, 0x00, 0x01, 0x00, 0x8a,
  0x00, 0x00, 0x00, 0xe5, 0x06, 0x40, 0x00, 0x03, 0x00, 0x00, 0x13, 0x11, 0x23, 0x11, 0xe5, 0x5b,
  0x06, 0x40, 0xf9, 0xc0, 0x06, 0x40, 0x00, 0x00, 0xff, 0xff, 0x00, 0x96, 0x00, 0x00, 0x03, 0xef,
  0x06, 0x40, 0x02, 0x02, 0x00, 0x2e, 0x00, 0x00, 0x00, 0x01, 0x00, 0x00, 0x00, 0x00, 0x05, 0x02,
  0x06, 0x40, 0x00, 0x06, 0x00, 0x00, 0x09, 0x01, 0x23, 0x09, 0x01, 0x23, 0x01, 0x02, 0xb4, 0x02,
  0x4e, 0x5f, 0xfd, 0xda, 0xfd, 0xe2, 0x5f, 0x02, 0x47, 0x06, 0x40, 0xf9, 0xc0, 0x05, 0xcf, 0xfa,
  0x32, 0x06, 0x3f, 0x00, 0xff, 0xff, 0x00, 0x96, 0x00, 0x00, 0x06, 0x15, 0x06, 0x40, 0x02, 0x02,
  0x00, 0x30, 0x00, 0x00, 0xff, 0xff, 0x00, 0x96, 0x00, 0x00, 0x04, 0x89, 0x06, 0x40, 0x02, 0x02,
  0x00, 0x31, 0x00, 0x00, 0x00, 0x03, 0x00, 0x39, 0x00, 0x01, 0x04, 0xa5, 0x06, 0x41, 0x00, 0x03,
  0x00, 0x07, 0x00, 0x0b, 0x00, 0x00, 0x13, 0x21, 0x15, 0x21, 0x03, 0x21, 0x15, 0x21, 0x11, 0x21,
  0x15, 0x21, 0xa9, 0x03, 0x89, 0xfc, 0x77, 0x70, 0x04, 0x6c, 0xfb, 0x94, 0x04, 0x6c, 0xfb, 0x94,
  0x03, 0x4f, 0x5a, 0x03, 0x4c, 0x5b, 0xfa, 0x75, 0x5a, 0x00, 0x00, 0x00, 0xff, 0xff, 0x00, 0x7d,
  0xff, 0xed, 0x06, 0xe7, 0x06, 0x57, 0x02, 0x02, 0x00, 0x32, 0x00, 0x00, 0x00, 0x01, 0x00, 0x6a,
  0x00, 0x00, 0x04, 0x52, 0x06, 0x40, 0x00, 0x07, 0x00, 0x00, 0x13, 0x11, 0x23, 0x11, 0x21, 0x11,
  0x23, 0x11, 0xc5, 0x5b, 0x03, 0xe8, 0x5a, 0x05, 0xe5, 0xfa, 0x1b, 0x06, 0x40, 0xf9, 0xc0, 0x05,
  0xe5, 0x00, 0x00, 0x00, 0xff, 0xff, 0x00, 0x96, 0x00, 0x00, 0x04, 0x0a, 0x06, 0x40, 0x02, 0x02,
  0x00, 0x33, 0x00, 0x00, 0x00, 0x01, 0x00, 0x1b, 0x00, 0x00, 0x04, 0x96, 0x06, 0x3f, 0x00, 0x0b,
  0x00, 0x00, 0x13, 0x21, 0x15, 0x21, 0x09, 0x01, 0x21, 0x15, 0x21, 0x35, 0x09, 0x01, 0x1b, 0x04,
  0x7b, 0xfb, 0xe6, 0x02, 0x49, 0xfd, 0xb7, 0x04, 0x1a, 0xfb, 0x85, 0x02, 0x36, 0xfd, 0xca, 0x06,
  0x3f, 0x5b, 0xfd, 0x3b, 0xfd, 0x3b, 0x5a, 0x83, 0x02, 0x9c, 0x02, 0x9c, 0xff, 0xff, 0x00, 0x32,
  0x00, 0x00, 0x03, 0xb6, 0x06, 0x40, 0x02, 0x02, 0x00, 0x37, 0x00, 0x00, 0xff, 0xff, 0x00, 0x32,
  0x00, 0x00, 0x04, 0xd9, 0x06, 0x40, 0x02, 0x02, 0x00, 0x3c, 0x00, 0x00, 0x00, 0x03, 0x00, 0x4f,
  0x00, 0x04, 0x06, 0xab, 0x06, 0x3e, 0x00, 0x08, 0x00, 0x1e, 0x00, 0x27, 0x00, 0x00, 0x01, 0x11,
  0x04, 0x07, 0x06, 0x15, 0x14, 0x17, 0x16, 0x05, 0x15, 0x23, 0x35, 0x24, 0x27, 0x26, 0x35, 0x34,
  0x37, 0x36, 0x25, 0x11, 0x33, 0x11, 0x04, 0x17, 0x16, 0x15, 0x14, 0x07, 0x06, 0x01, 0x11, 0x24,
  0x37, 0x36, 0x35, 0x34, 0x27, 0x26, 0x03, 0x4f, 0xfe, 0xce, 0xb1, 0xbd, 0xbd, 0xb1, 0x01, 0x8d,
  0x5b, 0xfe, 0xa6, 0xcc, 0xda, 0xda, 0xcc, 0x01, 0x5a, 0x5b, 0x01, 0x5b, 0xcd, 0xd9, 0xd9, 0xcd,
  0xfe, 0xa5, 0x01, 0x34, 0xb0, 0xbd, 0xbd, 0xb0, 0x01, 0x4e, 0x03, 0x89, 0x08, 0x7b, 0x86, 0xbc,
  0xbc, 0x84, 0x7c, 0x67, 0xeb, 0xeb, 0x09, 0x97, 0xa1, 0xe3, 0xe4, 0xa0, 0x96, 0x09, 0x01, 0x08,
  0xfe, 0xf8, 0x09, 0x96, 0xa0, 0xe4, 0xe3, 0xa1, 0x97, 0x03, 0xdf, 0xfc, 0x77, 0x08, 0x7c, 0x84,
  0xbc, 0xbc, 0x86, 0x7b, 0xff, 0xff, 0x00, 0x32, 0x00, 0x00, 0x04, 0x90, 0x06, 0x40, 0x02, 0x02,
  0x00, 0x3b, 0x00, 0x00, 0x00, 0x01, 0x00, 0x66, 0x00, 0x04, 0x06, 0xbd, 0x06, 0x3e, 0x00, 0x1c,
  0x00, 0x00, 0x01, 0x11, 0x23, 0x11, 0x24, 0x27, 0x26, 0x27, 0x11, 0x33, 0x11, 0x14, 0x17, 0x16,
  0x05, 0x11, 0x33, 0x11, 0x24, 0x37, 0x36, 0x35, 0x33, 0x11, 0x33, 0x11, 0x06, 0x07, 0x06, 0x03,
  0xbb, 0x5a, 0xfe, 0xa5, 0xcb, 0xcf, 0x06, 0x5b, 0xbc, 0xb1, 0x01, 0x33, 0x5a, 0x01, 0x34, 0xb0,
  0xbd, 0x06, 0x5b, 0x02, 0xd8, 0xcc, 0x01, 0x60, 0xfe, 0xa4, 0x01, 0x5c, 0x09, 0x97, 0xa1, 0xe7,
  0x02, 0xb6, 0xfd, 0x45, 0xbb, 0x85, 0x7c, 0x08, 0x04, 0x7f, 0xfb, 0x81, 0x08, 0x7c, 0x85, 0xc0,
  0x02, 0xb6, 0xfd, 0x44, 0xe2, 0xa0, 0x97, 0x00, 0xff, 0xff, 0x00, 0x5a, 0x00, 0x00, 0x05, 0xdf,
  0x06, 0x40, 0x02, 0x02, 0x02, 0x18, 0x00, 0x00, 0xff, 0xff, 0xff, 0xc7, 0x00, 0x00, 0x01, 0xa7,
  0x07, 0x9c, 0x02, 0x22, 0x01, 0x5e, 0x00, 0x00, 0x00, 0x03, 0x00, 0x69, 0xff, 0x4a, 0x02, 0x6a,
  0xff, 0xff, 0x00, 0x32, 0x00, 0x00, 0x04, 0xd9, 0x07, 0x9c, 0x02, 0x22, 0x01, 0x69, 0x00, 0x00,
  0x00, 0x03, 0x00, 0x69, 0x01, 0x19, 0x02, 0x6a, 0xff, 0xff, 0x00, 0x5b, 0xff, 0xe4, 0x04, 0xf6,
  0x06, 0x40, 0x02, 0x22, 0x01, 0x75, 0x00, 0x00, 0x00, 0x03, 0x01, 0x4b, 0x01, 0xe6, 0x00, 0x00,
  0xff, 0xff, 0x00, 0x66, 0xff, 0xeb, 0x02, 0xef, 0x06, 0x40, 0x02, 0x22, 0x01, 0x79, 0x00, 0x00,
  0x00, 0x03, 0x01, 0x4b, 0x00, 0xe8, 0x00, 0x00, 0xff, 0xff, 0x00, 0x66, 0xfe, 0x89, 0x03, 0x69,
  0x06, 0x40, 0x02, 0x22, 0x01, 0x7b, 0x00, 0x00, 0x00, 0x03, 0x01, 0x4b, 0x01, 0x25, 0x00, 0x00,
  0xff, 0xff, 0x00, 0x63, 0x00, 0x00, 0x01, 0xac, 0x06, 0x40, 0x02, 0x22, 0x01, 0x7d, 0x00, 0x00,
  0x00, 0x02, 0x01, 0x4b, 0x0e, 0x00, 0x00, 0x00, 0xff, 0xff, 0x00, 0x96, 0xff, 0xf2, 0x03, 0xb5,
  0x06, 0x40, 0x02, 0x22, 0x01, 0x89, 0x00, 0x00, 0x00, 0x03, 0x01, 0x4c, 0x00, 0x94, 0x00, 0x00,
  0x00, 0x02, 0x00, 0x5b, 0xff, 0xe4, 0x04, 0xf6, 0x04, 0x2e, 0x00, 0x13, 0x00, 0x21, 0x00, 0x00,
  0x25, 0x06, 0x07, 0x06, 0x23, 0x22, 0x00, 0x35, 0x34, 0x00, 0x33, 0x32, 0x17, 0x16, 0x17, 0x37,
  0x33, 0x03, 0x13, 0x23, 0x02, 0x27, 0x26, 0x23, 0x22, 0x00, 0x15, 0x14, 0x00, 0x33, 0x32, 0x37,
  0x36, 0x37, 0x04, 0x55, 0x22, 0x2e, 0xa1, 0xe4, 0xe3, 0xfe, 0xbe, 0x01, 0x42, 0xe3, 0xe4, 0xa1,
  0x32, 0x1e, 0x48, 0x59, 0x71, 0x71, 0x59, 0x73, 0x69, 0x85, 0xbc, 0xbc, 0xfe, 0xf6, 0x01, 0x0a,
  0xbc, 0xbc, 0x85, 0x66, 0x03, 0xea, 0x35, 0x30, 0xa1, 0x01, 0x42, 0xe2, 0xe5, 0x01, 0x41, 0xa0,
  0x33, 0x67, 0xe2, 0xfe, 0x15, 0xfe, 0x15, 0x02, 0xdd, 0x6d, 0x85, 0xfe, 0xf5, 0xbc, 0xbc, 0xfe,
  0xf8, 0x84, 0x66, 0xc1, 0x00, 0x01, 0x00, 0x88, 0xfe, 0x8d, 0x03, 0xc3, 0x06, 0x55, 0x00, 0x29,
  0x00, 0x00, 0x00, 0x33, 0x32, 0x16, 0x15, 0x14, 0x06, 0x07, 0x16, 0x17, 0x16, 0x15, 0x14, 0x00,
  0x23, 0x22, 0x27, 0x37, 0x16, 0x33, 0x32, 0x36, 0x35, 0x34, 0x26, 0x2f, 0x01, 0x35, 0x3e, 0x02,
  0x35, 0x34, 0x26, 0x23, 0x22, 0x06, 0x15, 0x11, 0x23, 0x11, 0x34, 0x01, 0x42, 0x8d, 0x8f, 0xc7,
  0x98, 0x43, 0x91, 0x5f, 0x89, 0xfe, 0xe9, 0xc6, 0x65, 0x56, 0x1d, 0x49, 0x55, 0x9f, 0xe0, 0xda,
  0xdb, 0x4a, 0x5d, 0x76, 0x8c, 0x90, 0x66, 0x65, 0x87, 0x5b, 0x06, 0x55, 0xc8, 0x8b, 0x8f, 0xa3,
  0x1b, 0x2f, 0x66, 0x93, 0xc5, 0xc6, 0xfe, 0xe8, 0x25, 0x5b, 0x21, 0xdf, 0xa0, 0x9e, 0xee, 0x29,
  0x02, 0x59, 0x01, 0x2f, 0x94, 0x66, 0x67, 0x8e, 0x96, 0x80, 0xf9, 0xac, 0x06, 0x5f, 0xa2, 0x00,
  0x00, 0x01, 0x00, 0x2d, 0xfe, 0x89, 0x03, 0xc6, 0x03, 0xd6, 0x00, 0x08, 0x00, 0x00, 0x21, 0x01,
  0x33, 0x09, 0x01, 0x33, 0x01, 0x11, 0x23, 0x01, 0xc9, 0xfe, 0x64, 0x69, 0x01, 0x61, 0x01, 0x66,
  0x69, 0xfe, 0x62, 0x5f, 0x03, 0xd6, 0xfc, 0xb7, 0x03, 0x49, 0xfc, 0x2f, 0xfe, 0x84, 0x00, 0x00,
  0x00, 0x02, 0x00, 0x51, 0xff, 0xe4, 0x04, 0x9b, 0x06, 0x3a, 0x00, 0x0b, 0x00, 0x1d, 0x00, 0x00,
  0x12, 0x15, 0x14, 0x00, 0x33, 0x32, 0x00, 0x35, 0x34, 0x00, 0x23, 0x22, 0x24, 0x00, 0x15, 0x14,
  0x00, 0x23, 0x22, 0x00, 0x35, 0x34, 0x37, 0x36, 0x25, 0x01, 0x21, 0x15, 0x21, 0x00, 0xb0, 0x01,
  0x0a, 0xbc, 0xbc, 0x01, 0x0a, 0xfe, 0xf6, 0xbc, 0xbc, 0x01, 0xd0, 0x01, 0x11, 0xfe, 0xbf, 0xe4,
  0xe3, 0xfe, 0xbe, 0xa2, 0x8d, 0x01, 0x04, 0xfe, 0x56, 0x02, 0xc8, 0xfe, 0x0d, 0x01, 0x1b, 0x02,
  0xc4, 0xbc, 0xbc, 0xfe, 0xf8, 0x01, 0x08, 0xbc, 0xbc, 0x01, 0x0b, 0x30, 0xfe, 0xee, 0xe5, 0xe2,
  0xfe, 0xbe, 0x01, 0x42, 0xe2, 0xe5, 0xa1, 0x8d, 0x1c, 0x02, 0x03, 0x5a, 0xfe, 0x7d, 0x00, 0x00,
  0x00, 0x01, 0x00, 0x66, 0xff, 0xeb, 0x02, 0xef, 0x03, 0xe6, 0x00, 0x22, 0x00, 0x00, 0x00, 0x06,
  0x15, 0x14, 0x16, 0x33, 0x36, 0x37, 0x07, 0x06, 0x23, 0x22, 0x26, 0x35, 0x34, 0x37, 0x26, 0x35,
  0x34, 0x36, 0x33, 0x32, 0x17, 0x15, 0x26, 0x23, 0x22, 0x06, 0x15, 0x14, 0x16, 0x17, 0x33, 0x15,
  0x23, 0x01, 0x3c, 0x82, 0x93, 0x78, 0xaf, 0x7b, 0x01, 0x85, 0xa4, 0x94, 0xcb, 0xa0, 0xa0, 0xcb,
  0x94, 0xa0, 0x89, 0x79, 0xb0, 0x78, 0x93, 0x82, 0x25, 0xf7, 0xf7, 0x01, 0xc0, 0x5e, 0x61, 0x4b,
  0x6b, 0x0b, 0xaf, 0x93, 0x87, 0x99, 0x89, 0x87, 0x61, 0x61, 0x92, 0x89, 0x75, 0x7f, 0x7a, 0x9a,
  0x4a, 0x4a, 0x6d, 0x5d, 0x09, 0x59, 0x00, 0x00, 0x00, 0x01, 0x00, 0x71, 0xfe, 0xb3, 0x03, 0x94,
  0x06, 0x40, 0x00, 0x19, 0x00, 0x00, 0x01, 0x00, 0x03, 0x06, 0x15, 0x10, 0x05, 0x04, 0x15, 0x06,
  0x07, 0x35, 0x32, 0x37, 0x35, 0x34, 0x23, 0x24, 0x11, 0x34, 0x37, 0x12, 0x01, 0x21, 0x35, 0x21,
  0x03, 0x94, 0xfd, 0x99, 0x56, 0x0e, 0x01, 0x82, 0x01, 0x18, 0x22, 0xaa, 0x6a, 0x07, 0xb6, 0xfe,
  0x1f, 0x08, 0x3f, 0x02, 0x41, 0xfd, 0xa2, 0x02, 0xf9, 0x06, 0x22, 0xfd, 0x97, 0xfe, 0x4e, 0x45,
  0x3a, 0xfe, 0xca, 0x0c, 0x09, 0xcf, 0xb5, 0x06, 0x5e, 0x69, 0x06, 0x6a, 0x0b, 0x01, 0x84, 0x2e,
  0x34, 0x01, 0xe4, 0x02, 0x26, 0x5b, 0x00, 0x00, 0x00, 0x01, 0x00, 0x66, 0xfe, 0x89, 0x03, 0x69,
  0x04, 0x11, 0x00, 0x13, 0x00, 0x00, 0x13, 0x11, 0x23, 0x11, 0x33, 0x15, 0x36, 0x33, 0x32, 0x16,
  0x17, 0x11, 0x23, 0x11, 0x34, 0x26, 0x23, 0x22, 0x07, 0x06, 0xc1, 0x5b, 0x5b, 0x7a, 0xa3, 0xae,
  0xda, 0x03, 0x5a, 0xb5, 0x7c, 0x7c, 0x5a, 0x31, 0x02, 0xfa, 0xfd, 0x06, 0x03, 0xd6, 0x3f, 0x7a,
  0xdb, 0xa5, 0xfb, 0xf8, 0x03, 0xff, 0x7e, 0xb0, 0x57, 0x30, 0x00, 0x00, 0x00, 0x03, 0x00, 0x5b,
  0xff, 0xe4, 0x04, 0xa5, 0x06, 0x40, 0x00, 0x0b, 0x00, 0x17, 0x00, 0x1b, 0x00, 0x00, 0x01, 0x10,
  0x00, 0x23, 0x22, 0x00, 0x11, 0x10, 0x00, 0x33, 0x32, 0x00, 0x13, 0x10, 0x00, 0x23, 0x22, 0x00,
  0x11, 0x10, 0x00, 0x33, 0x32, 0x00, 0x01, 0x21, 0x15, 0x21, 0x04, 0x46, 0xfe, 0xf6, 0xbc, 0xbc,
  0xfe, 0xf6, 0x01, 0x0a, 0xbc, 0xbc, 0x01, 0x0a, 0x5f, 0xfe, 0xbf, 0xe3, 0xe4, 0xfe, 0xbe, 0x01,
  0x42, 0xe4, 0xe3, 0x01, 0x41, 0xfc, 0xa8, 0x02, 0x67, 0xfd, 0x99, 0x03, 0x12, 0x01, 0x54, 0x01,
  0x7a, 0xfe, 0x86, 0xfe, 0xac, 0xfe, 0xac, 0xfe, 0x86, 0x01, 0x7a, 0x01, 0x54, 0xfe, 0x85, 0xfe,
  0x4d, 0x01, 0xb3, 0x01, 0x7b, 0x01, 0x7a, 0x01, 0xb4, 0xfe, 0x4c, 0xfe, 0xb3, 0x5a, 0x00, 0x00,
  0x00, 0x01, 0x00, 0xa4, 0x00, 0x00, 0x00, 0xfd, 0x03, 0xd6, 0x00, 0x03, 0x00, 0x00, 0x13, 0x11,
  0x23, 0x11, 0xfd, 0x59, 0x03, 0xd6, 0xfc, 0x2a, 0x03, 0xd6, 0x00, 0x00, 0x00, 0x01, 0x00, 0x71,
  0x00, 0x00, 0x03, 0x50, 0x03, 0xd6, 0x00, 0x0b, 0x00, 0x00, 0x01, 0x03, 0x01, 0x23, 0x01, 0x07,
  0x11, 0x23, 0x11, 0x33, 0x11, 0x01, 0x02, 0xc1, 0xf2, 0x01, 0x81, 0x6e, 0xfe, 0xb2, 0xc8, 0x5b,
  0x5b, 0x01, 0x81, 0x03, 0xd6, 0xfe, 0xd4, 0xfd, 0x56, 0x02, 0x62, 0xde, 0xfe, 0x7c, 0x03, 0xd6,
  0xfe, 0x3e, 0x01, 0xc2, 0x00, 0x01, 0x00, 0x39, 0x00, 0x00, 0x03, 0x88, 0x05, 0x79, 0x00, 0x09,
  0x00, 0x00, 0x09, 0x01, 0x23, 0x09, 0x01, 0x23, 0x09, 0x01, 0x33, 0x01, 0x02, 0x14, 0x01, 0x74,
  0x64, 0xfe, 0xbc, 0xfe, 0xbe, 0x65, 0x01, 0x75, 0xfe, 0xe7, 0x64, 0x01, 0x1a, 0x03, 0x1e, 0xfc,
  0xe2, 0x02, 0xae, 0xfd, 0x52, 0x03, 0x20, 0x02, 0x59, 0xfd, 0xa5, 0x00, 0x00, 0x01, 0x00, 0x7c,
  0xfe, 0x89, 0x03, 0x66, 0x03, 0xd6, 0x00, 0x17, 0x00, 0x00, 0x25, 0x06, 0x07, 0x06, 0x23, 0x22,
  0x27, 0x11, 0x23, 0x11, 0x33, 0x11, 0x16, 0x17, 0x16, 0x33, 0x32, 0x37, 0x36, 0x37, 0x11, 0x33,
  0x11, 0x23, 0x03, 0x0d, 0x04, 0x06, 0x6e, 0xad, 0xa0, 0x71, 0x5b, 0x5b, 0x13, 0x28, 0x5a, 0x7c,
  0x7c, 0x5b, 0x3a, 0x14, 0x59, 0x59, 0x6f, 0x05, 0x07, 0x6c, 0x6e, 0xfe, 0x24, 0x05, 0x4d, 0xfd,
  0x25, 0x2b, 0x29, 0x56, 0x59, 0x39, 0x49, 0x02, 0xaa, 0xfc, 0x2a, 0x00, 0x00, 0x01, 0x00, 0x31,
  0xff, 0xde, 0x03, 0x7e, 0x03, 0xd6, 0x00, 0x05, 0x00, 0x00, 0x13, 0x09, 0x01, 0x33, 0x09, 0x01,
  0x9a, 0x01, 0x3c, 0x01, 0x3f, 0x69, 0xfe, 0x58, 0xfe, 0x5b, 0x03, 0xd6, 0xfd, 0x12, 0x02, 0xee,
  0xfc, 0x08, 0x03, 0xf8, 0x00, 0x01, 0x00, 0x5b, 0xfe, 0x9d, 0x03, 0xfe, 0x06, 0x40, 0x00, 0x26,
  0x00, 0x00, 0x2c, 0x01, 0x35, 0x34, 0x37, 0x36, 0x37, 0x2e, 0x01, 0x35, 0x12, 0x25, 0x37, 0x15,
  0x23, 0x20, 0x1d, 0x01, 0x14, 0x16, 0x17, 0x05, 0x15, 0x25, 0x0e, 0x01, 0x15, 0x14, 0x16, 0x04,
  0x1d, 0x01, 0x06, 0x07, 0x35, 0x32, 0x37, 0x35, 0x34, 0x01, 0x72, 0xfe, 0xe9, 0x89, 0x5f, 0x91,
  0x43, 0x98, 0x13, 0x01, 0xa1, 0xf6, 0xd5, 0xfe, 0x97, 0x80, 0x77, 0x01, 0x3f, 0xfe, 0xd3, 0xdb,
  0xda, 0xe0, 0x02, 0x65, 0x22, 0xb2, 0x73, 0x07, 0x0c, 0xf6, 0xc6, 0xc5, 0x93, 0x66, 0x2f, 0x1b,
  0x8d, 0x8e, 0x01, 0x53, 0x01, 0x01, 0x53, 0xfa, 0x08, 0x66, 0x7d, 0x2f, 0x01, 0x59, 0x02, 0x2d,
  0xee, 0x9e, 0xa0, 0xbd, 0x45, 0xda, 0x17, 0x87, 0x11, 0x69, 0x52, 0x06, 0x81, 0x00, 0x00, 0x00,
  0xff, 0xff, 0x00, 0x5a, 0xff, 0xe4, 0x04, 0xa4, 0x04, 0x2f, 0x02, 0x02, 0x00, 0x52, 0x00, 0x00,
  0x00, 0x01, 0x00, 0x44, 0x00, 0x00, 0x04, 0xaa, 0x03, 0xd6, 0x00, 0x0b, 0x00, 0x00, 0x01, 0x11,
  0x23, 0x11, 0x21, 0x35, 0x21, 0x15, 0x21, 0x11, 0x23, 0x11, 0x01, 0xc1, 0x59, 0xfe, 0xdc, 0x04,
  0x66, 0xfe, 0xdc, 0x59, 0x03, 0x7b, 0xfc, 0x85, 0x03, 0x7b, 0x5b, 0x5b, 0xfc, 0x85, 0x03, 0x7b,
  0x00, 0x02, 0x00, 0x68, 0xfe, 0x89, 0x04, 0xa4, 0x04, 0x2d, 0x00, 0x0f, 0x00, 0x1e, 0x00, 0x00,
  0x13, 0x36, 0x24, 0x33, 0x32, 0x00, 0x15, 0x14, 0x00, 0x23, 0x22, 0x27, 0x26, 0x27, 0x11, 0x23,
  0x13, 0x15, 0x16, 0x17, 0x16, 0x33, 0x32, 0x00, 0x35, 0x34, 0x00, 0x23, 0x22, 0x07, 0x06, 0x68,
  0x2b, 0x01, 0x09, 0xe3, 0xe4, 0x01, 0x41, 0xfe, 0xbf, 0xe4, 0xe3, 0xa1, 0x20, 0x18, 0x5b, 0x5b,
  0x18, 0x63, 0x85, 0xbc, 0xbc, 0x01, 0x0a, 0xfe, 0xf6, 0xbc, 0xbc, 0x85, 0x63, 0x02, 0x8e, 0xa3,
  0xfc, 0xfe, 0xc0, 0xe5, 0xe2, 0xfe, 0xbe, 0xa1, 0x20, 0x22, 0xfd, 0xc2, 0x03, 0xdd, 0xbc, 0x81,
  0x61, 0x85, 0x01, 0x09, 0xbc, 0xbc, 0x01, 0x0b, 0x85, 0x63, 0x00, 0x00, 0x00, 0x01, 0x00, 0x71,
  0xfe, 0xa8, 0x03, 0xb1, 0x03, 0xd9, 0x00, 0x18, 0x00, 0x00, 0x2c, 0x01, 0x35, 0x34, 0x37, 0x36,
  0x25, 0x17, 0x15, 0x23, 0x04, 0x00, 0x15, 0x14, 0x0c, 0x01, 0x1d, 0x01, 0x06, 0x07, 0x35, 0x32,
  0x37, 0x35, 0x34, 0x01, 0xb6, 0xfe, 0xbb, 0x89, 0x95, 0x01, 0x4a, 0xd8, 0xa6, 0xfe, 0xcc, 0xfe,
  0xf8, 0x01, 0x0d, 0x01, 0xc7, 0x22, 0xb3, 0x74, 0x07, 0x18, 0xea, 0xc6, 0xc5, 0x93, 0xa5, 0x14,
  0x01, 0x59, 0x09, 0xfe, 0xf0, 0x9e, 0xa0, 0xb1, 0x67, 0xa2, 0x17, 0x9e, 0x11, 0x69, 0x69, 0x06,
  0x48, 0x00, 0x00, 0x00, 0x00, 0x02, 0x00, 0x5d, 0xff, 0xe4, 0x04, 0xfb, 0x04, 0x2e, 0x00, 0x0b,
  0x00, 0x1b, 0x00, 0x00, 0x12, 0x15, 0x14, 0x00, 0x33, 0x32, 0x00, 0x35, 0x34, 0x00, 0x23, 0x22,
  0x05, 0x16, 0x15, 0x14, 0x00, 0x23, 0x22, 0x00, 0x35, 0x34, 0x00, 0x33, 0x32, 0x17, 0x21, 0x15,
  0xbc, 0x01, 0x0a, 0xbc, 0xbc, 0x01, 0x0a, 0xfe, 0xf6, 0xbc, 0xbc, 0x02, 0x52, 0x8f, 0xfe, 0xbf,
  0xe4, 0xe3, 0xfe, 0xbe, 0x01, 0x42, 0xe3, 0xaa, 0x83, 0x01, 0x4c, 0x02, 0xc4, 0xbc, 0xbc, 0xfe,
  0xf8, 0x01, 0x08, 0xbc, 0xbc, 0x01, 0x0b, 0x54, 0x9b, 0xd8, 0xe2, 0xfe, 0xbe, 0x01, 0x42, 0xe2,
  0xe5, 0x01, 0x41, 0x58, 0x5b, 0x00, 0x00, 0x00, 0x00, 0x01, 0x00, 0x46, 0x00, 0x00, 0x03, 0xca,
  0x03, 0xd6, 0x00, 0x07, 0x00, 0x00, 0x01, 0x11, 0x23, 0x11, 0x21, 0x35, 0x21, 0x15, 0x02, 0x34,
  0x59, 0xfe, 0x6b, 0x03, 0x84, 0x03, 0x7b, 0xfc, 0x85, 0x03, 0x7b, 0x5b, 0x5b, 0x00, 0x00, 0x00,
  0x00, 0x01, 0x00, 0x96, 0xff, 0xf2, 0x03, 0xb5, 0x03, 0xd6, 0x00, 0x13, 0x00, 0x00, 0x05, 0x22,
  0x26, 0x27, 0x11, 0x33, 0x11, 0x14, 0x17, 0x16, 0x33, 0x32, 0x36, 0x35, 0x11, 0x33, 0x11, 0x06,
  0x07, 0x06, 0x02, 0x2b, 0xb8, 0xda, 0x03, 0x5a, 0x5b, 0x5a, 0x85, 0x7c, 0xb5, 0x5a, 0x03, 0x6d,
  0x6d, 0x0e, 0xda, 0xa6, 0x02, 0x64, 0xfd, 0xa4, 0x7d, 0x58, 0x59, 0xb1, 0x7d, 0x02, 0x5c, 0xfd,
  0x9c, 0xa6, 0x6d, 0x6d, 0x00, 0x02, 0x00, 0x5b, 0xfe, 0x8f, 0x04, 0xa6, 0x04, 0x03, 0x00, 0x1f,
  0x00, 0x2a, 0x00, 0x00, 0x05, 0x26, 0x27, 0x26, 0x35, 0x34, 0x37, 0x36, 0x37, 0x17, 0x06, 0x07,
  0x06, 0x15, 0x14, 0x17, 0x16, 0x3b, 0x01, 0x11, 0x36, 0x33, 0x32, 0x17, 0x04, 0x11, 0x14, 0x07,
  0x06, 0x07, 0x11, 0x23, 0x13, 0x36, 0x37, 0x36, 0x35, 0x34, 0x27, 0x26, 0x23, 0x22, 0x07, 0x02,
  0x5f, 0xce, 0x94, 0xa2, 0xa2, 0x35, 0x1c, 0x22, 0x19, 0x16, 0x86, 0x85, 0x81, 0x8f, 0x08, 0x11,
  0x68, 0x49, 0x73, 0x01, 0x19, 0xa1, 0x8c, 0xc0, 0x5a, 0x54, 0xbf, 0x4f, 0x86, 0xc5, 0x65, 0x33,
  0x33, 0x03, 0x11, 0x0b, 0x96, 0xa0, 0xe3, 0xe4, 0xa1, 0x36, 0x11, 0x60, 0x15, 0x16, 0x86, 0xbb,
  0xbc, 0x85, 0x82, 0x03, 0x49, 0x6a, 0x33, 0x7e, 0xfe, 0xc1, 0xe3, 0xa0, 0x8e, 0x12, 0xfe, 0x9f,
  0x01, 0xd3, 0x21, 0x4e, 0x86, 0xbc, 0xe9, 0x71, 0x39, 0x37, 0x00, 0x00, 0x00, 0x01, 0x00, 0x39,
  0xfe, 0x8f, 0x04, 0x0e, 0x03, 0xd6, 0x00, 0x0b, 0x00, 0x00, 0x09, 0x01, 0x23, 0x09, 0x01, 0x33,
  0x09, 0x01, 0x33, 0x09, 0x01, 0x23, 0x02, 0x24, 0xfe, 0x7b, 0x66, 0x01, 0xb7, 0xfe, 0x82, 0x67,
  0x01, 0x4b, 0x01, 0x4a, 0x67, 0xfe, 0x82, 0x01, 0xb7, 0x66, 0x01, 0x0d, 0xfd, 0x82, 0x02, 0xd2,
  0x02, 0x75, 0xfd, 0xe0, 0x02, 0x20, 0xfd, 0x8b, 0xfd, 0x2e, 0x00, 0x00, 0x00, 0x01, 0x00, 0x66,
  0xfe, 0x9a, 0x04, 0xc2, 0x03, 0xd7, 0x00, 0x1d, 0x00, 0x00, 0x05, 0x11, 0x23, 0x11, 0x26, 0x27,
  0x26, 0x35, 0x11, 0x33, 0x11, 0x14, 0x17, 0x16, 0x3b, 0x01, 0x11, 0x33, 0x11, 0x33, 0x32, 0x37,
  0x36, 0x35, 0x11, 0x33, 0x11, 0x14, 0x07, 0x06, 0x02, 0xc4, 0x61, 0xc9, 0x92, 0xa2, 0x60, 0x85,
  0x81, 0x8f, 0x08, 0x61, 0x08, 0x90, 0x81, 0x84, 0x61, 0xa2, 0x92, 0x11, 0xfe, 0xab, 0x01, 0x55,
  0x0d, 0x94, 0xa0, 0xe3, 0x01, 0xc4, 0xfe, 0x3c, 0xbc, 0x85, 0x82, 0x03, 0x87, 0xfc, 0x79, 0x82,
  0x85, 0xbc, 0x01, 0xc4, 0xfe, 0x3c, 0xe3, 0xa0, 0x94, 0x00, 0x00, 0x00, 0x00, 0x01, 0x00, 0x4f,
  0xff, 0xe4, 0x05, 0xb3, 0x03, 0xd6, 0x00, 0x2c, 0x00, 0x00, 0x25, 0x23, 0x11, 0x33, 0x11, 0x23,
  0x16, 0x17, 0x16, 0x17, 0x16, 0x33, 0x32, 0x36, 0x11, 0x34, 0x27, 0x35, 0x33, 0x16, 0x15, 0x10,
  0x02, 0x23, 0x22, 0x27, 0x06, 0x23, 0x22, 0x02, 0x11, 0x34, 0x37, 0x33, 0x15, 0x06, 0x15, 0x10,
  0x16, 0x33, 0x32, 0x37, 0x36, 0x37, 0x36, 0x02, 0xdc, 0x07, 0x59, 0x09, 0x08, 0x08, 0x06, 0x07,
  0x3b, 0x99, 0x9a, 0xa4, 0x78, 0x59, 0x7e, 0xcf, 0xc1, 0xbf, 0x62, 0x61, 0xbf, 0xc2, 0xd1, 0x87,
  0x5a, 0x82, 0xa4, 0x9a, 0x9a, 0x3c, 0x06, 0x05, 0x08, 0xdf, 0x02, 0x11, 0xfd, 0xef, 0x0c, 0x0b,
  0x08, 0x07, 0x82, 0xee, 0x01, 0x00, 0xe9, 0xb8, 0x10, 0xd8, 0xd9, 0xfe, 0xe4, 0xfe, 0xdb, 0x9f,
  0x9f, 0x01, 0x25, 0x01, 0x1c, 0xdc, 0xd5, 0x09, 0xaa, 0xfe, 0xff, 0x00, 0xee, 0x82, 0x08, 0x08,
  0x0a, 0x00, 0x00, 0x00, 0xff, 0xff, 0xff, 0xe1, 0x00, 0x00, 0x01, 0xc1, 0x05, 0x32, 0x02, 0x22,
  0x01, 0x7d, 0x00, 0x00, 0x00, 0x03, 0x00, 0x69, 0xff, 0x64, 0x00, 0x00, 0xff, 0xff, 0x00, 0x96,
  0xff, 0xf2, 0x03, 0xb5, 0x05, 0x32, 0x02, 0x22, 0x01, 0x89, 0x00, 0x00, 0x00, 0x03, 0x00, 0x69,
  0x00, 0xb9, 0x00, 0x00, 0xff, 0xff, 0x00, 0x5a, 0xff, 0xe4, 0x04, 0xa4, 0x06, 0x40, 0x02, 0x22,
  0x01, 0x83, 0x00, 0x00, 0x00, 0x03, 0x01, 0x4b, 0x01, 0xbc, 0x00, 0x00, 0xff, 0xff, 0x00, 0x96,
  0xff, 0xf2, 0x03, 0xb5, 0x06, 0x40, 0x02, 0x22, 0x01, 0x89, 0x00, 0x00, 0x00, 0x03, 0x01, 0x4b,
  0x01, 0x63, 0x00, 0x00, 0xff, 0xff, 0x00, 0x4f, 0xff, 0xe4, 0x05, 0xb3, 0x06, 0x40, 0x02, 0x22,
  0x01, 0x8d, 0x00, 0x00, 0x00, 0x03, 0x01, 0x4b, 0x02, 0x3e, 0x00, 0x00, 0xff, 0xff, 0x00, 0x96,
  0x00, 0x00, 0x03, 0xb6, 0x07, 0x9c, 0x02, 0x22, 0x00, 0x28, 0x00, 0x00, 0x00, 0x03, 0x00, 0x69,
  0x00, 0xb9, 0x02, 0x6a, 0x00, 0x01, 0x00, 0x44, 0xff, 0xf6, 0x06, 0x0b, 0x06, 0x40, 0x00, 0x21,
  0x00, 0x00, 0x01, 0x11, 0x23, 0x11, 0x21, 0x35, 0x21, 0x15, 0x21, 0x11, 0x36, 0x37, 0x36, 0x33,
  0x32, 0x17, 0x16, 0x11, 0x10, 0x07, 0x06, 0x07, 0x27, 0x36, 0x37, 0x36, 0x37, 0x26, 0x27, 0x26,
  0x23, 0x22, 0x07, 0x06, 0x02, 0x32, 0x59, 0xfe, 0x6b, 0x03, 0x84, 0xfe, 0x6a, 0x1c, 0x23, 0x96,
  0xe9, 0xe9, 0x9e, 0x94, 0x94, 0x2b, 0x30, 0x3c, 0x25, 0x24, 0x85, 0x02, 0x02, 0x85, 0x88, 0xbb,
  0xbc, 0x7c, 0x71, 0x02, 0x31, 0xfd, 0xcf, 0x05, 0xe5, 0x5b, 0x5b, 0xfd, 0x40, 0x25, 0x20, 0x8b,
  0x8b, 0x70, 0xfe, 0xdd, 0xfe, 0xda, 0x7a, 0x25, 0x1c, 0x41, 0x17, 0x1e, 0x75, 0xea, 0xe9, 0x75,
  0x77, 0x77, 0x6c, 0x00, 0xff, 0xff, 0x00, 0x7f, 0x00, 0x00, 0x03, 0x3b, 0x07, 0xd5, 0x02, 0x22,
  0x01, 0xa4, 0x00, 0x00, 0x00, 0x03, 0x00, 0x73, 0x00, 0xda, 0x02, 0x6a, 0x00, 0x01, 0x00, 0x6e,
  0xff, 0xed, 0x06, 0xb0, 0x06, 0x56, 0x00, 0x22, 0x00, 0x00, 0x01, 0x15, 0x21, 0x12, 0x17, 0x16,
  0x21, 0x20, 0x37, 0x36, 0x37, 0x33, 0x06, 0x07, 0x06, 0x21, 0x20, 0x00, 0x11, 0x10, 0x00, 0x21,
  0x20, 0x17, 0x16, 0x17, 0x23, 0x26, 0x27, 0x26, 0x21, 0x20, 0x07, 0x06, 0x03, 0x04, 0xa4, 0xfc,
  0x27, 0x0e, 0xc7, 0xd5, 0x01, 0x2d, 0x01, 0x2e, 0xd6, 0x73, 0x35, 0x62, 0x3b, 0x8d, 0xf1, 0xfe,
  0xab, 0xfe, 0xad, 0xfe, 0x1f, 0x01, 0xe1, 0x01, 0x53, 0x01, 0x55, 0xf1, 0x46, 0x31, 0x6f, 0x21,
  0x29, 0xd6, 0xfe, 0xd2, 0xfe, 0xd3, 0xd5, 0xc7, 0x0e, 0x03, 0x4f, 0x5a, 0xfe, 0xef, 0xc6, 0xd6,
  0xd6, 0x72, 0x8d, 0xb2, 0x8d, 0xf1, 0x01, 0xe0, 0x01, 0x55, 0x01, 0x54, 0x01, 0xe0, 0xef, 0x48,
  0x4e, 0x2b, 0x29, 0xd6, 0xd6, 0xc6, 0xfe, 0xf0, 0xff, 0xff, 0x00, 0x32, 0xff, 0xed, 0x03, 0xe0,
  0x06, 0x53, 0x02, 0x02, 0x00, 0x36, 0x00, 0x00, 0xff, 0xff, 0x00, 0xaa, 0x00, 0x00, 0x01, 0x04,
  0x06, 0x40, 0x02, 0x02, 0x00, 0x2c, 0x00, 0x00, 0xff, 0xff, 0xff, 0xe7, 0x00, 0x00, 0x01, 0xc7,
  0x07, 0x9c, 0x02, 0x22, 0x00, 0x2c, 0x00, 0x00, 0x00, 0x03, 0x00, 0x69, 0xff, 0x6a, 0x02, 0x6a,
  0xff, 0xff, 0x00, 0x7d, 0xff, 0xf2, 0x02, 0xbe, 0x06, 0x40, 0x02, 0x02, 0x00, 0x2d, 0x00, 0x00,
  0x00, 0x02, 0x00, 0x39, 0xff, 0xfa, 0x08, 0x70, 0x06, 0x40, 0x00, 0x15, 0x00, 0x1e, 0x00, 0x00,
  0x21, 0x11, 0x21, 0x11, 0x14, 0x06, 0x23, 0x35, 0x32, 0x37, 0x36, 0x35, 0x11, 0x21, 0x11, 0x21,
  0x1e, 0x01, 0x15, 0x14, 0x06, 0x07, 0x01, 0x11, 0x21, 0x32, 0x36, 0x35, 0x34, 0x26, 0x23, 0x04,
  0x8a, 0xfc, 0xcd, 0xa5, 0x79, 0x53, 0x39, 0x38, 0x03, 0xe8, 0x02, 0x0c, 0xa6, 0xd9, 0xd9, 0xa6,
  0xfd, 0xf4, 0x02, 0x04, 0x7c, 0xb2, 0xb2, 0x7c, 0x05, 0xe5, 0xfb, 0x36, 0x7a, 0xa7, 0x5b, 0x38,
  0x38, 0x61, 0x05, 0x1a, 0xfd, 0x0b, 0x04, 0xee, 0xad, 0xb9, 0xf0, 0x03, 0x02, 0xf0, 0xfd, 0x6a,
  0xcb, 0x85, 0x7d, 0xc9, 0x00, 0x02, 0x00, 0x71, 0x00, 0x00, 0x07, 0xef, 0x06, 0x40, 0x00, 0x12,
  0x00, 0x1b, 0x00, 0x00, 0x21, 0x11, 0x21, 0x11, 0x23, 0x11, 0x33, 0x11, 0x21, 0x11, 0x33, 0x11,
  0x21, 0x1e, 0x01, 0x15, 0x14, 0x06, 0x07, 0x01, 0x11, 0x21, 0x32, 0x36, 0x35, 0x34, 0x26, 0x23,
  0x03, 0xff, 0xfc, 0xcd, 0x5b, 0x5b, 0x03, 0x33, 0x5a, 0x02, 0x16, 0xa7, 0xd9, 0xd9, 0xa7, 0xfd,
  0xea, 0x02, 0x0e, 0x7d, 0xb2, 0xb2, 0x7d, 0x02, 0xf3, 0xfd, 0x0d, 0x06, 0x40, 0xfd, 0x0d, 0x02,
  0xf3, 0xfd, 0x0b, 0x04, 0xee, 0xad, 0xb9, 0xf0, 0x03, 0x02, 0xf0, 0xfd, 0x6a, 0xcb, 0x85, 0x7d,
  0xc9, 0x00, 0x00, 0x00, 0x00, 0x01, 0x00, 0x3b, 0x00, 0x00, 0x05, 0xf2, 0x06, 0x40, 0x00, 0x1c,
  0x00, 0x00, 0x01, 0x11, 0x23, 0x11, 0x21, 0x35, 0x21, 0x15, 0x21, 0x11, 0x36, 0x37, 0x36, 0x33,
  0x32, 0x17, 0x16, 0x19, 0x01, 0x23, 0x13, 0x34, 0x27, 0x26, 0x2b, 0x01, 0x06, 0x07, 0x06, 0x02,
  0x29, 0x59, 0xfe, 0x6b, 0x03, 0x84, 0xfe, 0x6a, 0x1c, 0x23, 0x96, 0xe9, 0xe9, 0x92, 0x90, 0x62,
  0x01, 0x7d, 0x77, 0xb0, 0x10, 0xbc, 0x7c, 0x70, 0x02, 0x31, 0xfd, 0xcf, 0x05, 0xe5, 0x5b, 0x5b,
  0xfd, 0x40, 0x25, 0x20, 0x8b, 0x8b, 0x8a, 0xfe, 0xda, 0xfe, 0x46, 0x01, 0xc3, 0xef, 0x7d, 0x76,
  0x05, 0x77, 0x6c, 0x00, 0xff, 0xff, 0x00, 0x28, 0x00, 0x00, 0x04, 0x85, 0x07, 0xd5, 0x02, 0x23,
  0x01, 0xab, 0x00, 0x96, 0x00, 0x00, 0x00, 0x03, 0x00, 0x73, 0xff, 0x92, 0x02, 0x6a, 0x00, 0x00,
  0xff, 0xff, 0xff, 0xd3, 0xff, 0xf3, 0x05, 0x29, 0x07, 0xa4, 0x02, 0x22, 0x01, 0xb4, 0x00, 0x00,
  0x00, 0x03, 0x01, 0x45, 0x00, 0xc6, 0x02, 0x6a, 0x00, 0x01, 0x00, 0x66, 0xfe, 0x89, 0x04, 0x96,
  0x06, 0x40, 0x00, 0x0b, 0x00, 0x00, 0x25, 0x21, 0x11, 0x33, 0x11, 0x21, 0x11, 0x33, 0x11, 0x21,
  0x11, 0x23, 0x02, 0x4d, 0xfe, 0x19, 0x5b, 0x03, 0x7a, 0x5b, 0xfe, 0x10, 0x59, 0x01, 0x06, 0x3f,
  0xfa, 0x1b, 0x05, 0xe5, 0xf9, 0xc0, 0xfe, 0x89, 0xff, 0xff, 0x00, 0x32, 0x00, 0x00, 0x04, 0xd9,
  0x06, 0x65, 0x02, 0x02, 0x00, 0x24, 0x00, 0x00, 0x00, 0x02, 0x00, 0x71, 0x00, 0x00, 0x04, 0x56,
  0x06, 0x40, 0x00, 0x16, 0x00, 0x1f, 0x00, 0x00, 0x13, 0x11, 0x21, 0x15, 0x21, 0x11, 0x21, 0x1e,
  0x01, 0x15, 0x14, 0x06, 0x07, 0x21, 0x15, 0x23, 0x35, 0x23, 0x35, 0x33, 0x11, 0x23, 0x35, 0x17,
  0x11, 0x21, 0x32, 0x36, 0x35, 0x34, 0x26, 0x23, 0x77, 0x02, 0xbc, 0xfd, 0x9e, 0x02, 0x05, 0xa7,
  0xd9, 0xd9, 0xa7, 0xfd, 0xfb, 0x5a, 0x06, 0x06, 0x06, 0x60, 0x01, 0xfd, 0x7d, 0xb1, 0xb1, 0x7d,
  0x03, 0x4d, 0x02, 0xf3, 0x5b, 0xfd, 0x68, 0x03, 0xef, 0xad, 0xb9, 0xf0, 0x03, 0x02, 0x02, 0x5b,
  0x02, 0x96, 0x5a, 0x5a, 0xfd, 0x6a, 0xca, 0x86, 0x7c, 0xca, 0x00, 0x00, 0xff, 0xff, 0x00, 0x96,
  0x00, 0x00, 0x03, 0xd0, 0x06, 0x40, 0x02, 0x02, 0x00, 0x25, 0x00, 0x00, 0x00, 0x01, 0x00, 0x7f,
  0x00, 0x00, 0x03, 0x3b, 0x06, 0x40, 0x00, 0x05, 0x00, 0x00, 0x01, 0x15, 0x21, 0x11, 0x23, 0x11,
  0x03, 0x3b, 0xfd, 0x9f, 0x5b, 0x06, 0x40, 0x5b, 0xfa, 0x1b, 0x06, 0x40, 0x00, 0x02, 0x00, 0x17,
  0xfe, 0x89, 0x04, 0xc5, 0x06, 0x40, 0x00, 0x06, 0x00, 0x15, 0x00, 0x00, 0x25, 0x11, 0x21, 0x16,
  0x15, 0x10, 0x01, 0x21, 0x33, 0x11, 0x23, 0x11, 0x21, 0x11, 0x23, 0x11, 0x33, 0x00, 0x11, 0x34,
  0x27, 0x21, 0x04, 0x11, 0xfd, 0xbe, 0x21, 0xfe, 0x9c, 0x03, 0xe1, 0x58, 0x59, 0xfc, 0x04, 0x59,
  0x0a, 0x01, 0x74, 0x39, 0x03, 0x10, 0x62, 0x05, 0x83, 0xa2, 0xba, 0xfd, 0x57, 0xfe, 0x82, 0xfe,
  0x27, 0x01, 0x77, 0xfe, 0x89, 0x01, 0xd9, 0x01, 0xac, 0x02, 0x7b, 0xbc, 0xfb, 0x00, 0x00, 0x00,
  0xff, 0xff, 0x00, 0x96, 0x00, 0x00, 0x03, 0xb6, 0x06, 0x40, 0x02, 0x02, 0x00, 0x28, 0x00, 0x00,
  0x00, 0x01, 0xff, 0xf0, 0x00, 0x00, 0x07, 0x8b, 0x06, 0x40, 0x00, 0x13, 0x00, 0x00, 0x09, 0x01,
  0x33, 0x09, 0x01, 0x23, 0x01, 0x07, 0x11, 0x23, 0x11, 0x27, 0x01, 0x23, 0x09, 0x01, 0x33, 0x01,
  0x11, 0x33, 0x03, 0xeb, 0x02, 0x17, 0x6d, 0xfe, 0x61, 0x02, 0xbb, 0x6d, 0xfd, 0x78, 0xab, 0x5b,
  0xab, 0xfd, 0x79, 0x6e, 0x02, 0xbb, 0xfe, 0x61, 0x6e, 0x02, 0x16, 0x5b, 0x03, 0x43, 0x02, 0xfd,
  0xfd, 0xa7, 0xfc, 0x19, 0x03, 0x9c, 0xf5, 0xfd, 0x59, 0x02, 0xa7, 0xf5, 0xfc, 0x64, 0x03, 0xe7,
  0x02, 0x59, 0xfd, 0x03, 0x02, 0xfd, 0x00, 0x00, 0x00, 0x01, 0x00, 0x66, 0x00, 0x01, 0x03, 0xc5,
  0x06, 0x48, 0x00, 0x22, 0x00, 0x00, 0x00, 0x23, 0x21, 0x35, 0x21, 0x32, 0x36, 0x35, 0x34, 0x26,
  0x23, 0x22, 0x07, 0x35, 0x36, 0x33, 0x32, 0x04, 0x15, 0x10, 0x07, 0x16, 0x11, 0x14, 0x04, 0x23,
  0x22, 0x27, 0x35, 0x16, 0x33, 0x32, 0x36, 0x35, 0x34, 0x02, 0xbf, 0x98, 0xfe, 0x86, 0x01, 0x7a,
  0x98, 0xa7, 0xd7, 0x8e, 0xe9, 0xb2, 0xab, 0xd9, 0xcd, 0x01, 0x0e, 0xc1, 0xc1, 0xfe, 0xf2, 0xcd,
  0xdd, 0xa7, 0x86, 0xfe, 0x8f, 0xed, 0x02, 0xf8, 0x5a, 0xbf, 0x9a, 0x9a, 0xaf, 0x83, 0x58, 0x7f,
  0xdb, 0xb6, 0xfe, 0xe6, 0x78, 0x61, 0xfe, 0xd0, 0xb6, 0xdd, 0x87, 0x71, 0x99, 0xa4, 0x9a, 0x9a,
  0x00, 0x01, 0x00, 0x7b, 0x00, 0x00, 0x05, 0x6f, 0x06, 0x40, 0x00, 0x09, 0x00, 0x00, 0x01, 0x11,
  0x23, 0x11, 0x01, 0x23, 0x11, 0x33, 0x11, 0x01, 0x05, 0x6f, 0x5a, 0xfb, 0xf1, 0x8b, 0x5b, 0x04,
  0x27, 0x06, 0x40, 0xf9, 0xc0, 0x05, 0xaf, 0xfa, 0x51, 0x06, 0x40, 0xfa, 0x2e, 0x05, 0xd2, 0x00,
  0xff, 0xff, 0x00, 0x7b, 0x00, 0x00, 0x05, 0x6f, 0x07, 0xa4, 0x02, 0x22, 0x01, 0xa9, 0x00, 0x00,
  0x00, 0x03, 0x01, 0x45, 0x01, 0x3d, 0x02, 0x6a, 0xff, 0xff, 0x00, 0x96, 0x00, 0x00, 0x03, 0xef,
  0x06, 0x40, 0x02, 0x02, 0x00, 0x2e, 0x00, 0x00, 0x00, 0x01, 0x00, 0x39, 0xff, 0xfa, 0x04, 0xe5,
  0x06, 0x40, 0x00, 0x0e, 0x00, 0x00, 0x01, 0x14, 0x06, 0x23, 0x35, 0x32, 0x37, 0x36, 0x35, 0x11,
  0x21, 0x11, 0x23, 0x11, 0x21, 0x01, 0x57, 0xa5, 0x79, 0x53, 0x39, 0x38, 0x03, 0xe8, 0x5b, 0xfc,
  0xcd, 0x01, 0x1b, 0x7a, 0xa7, 0x5b, 0x38, 0x38, 0x61, 0x05, 0x1a, 0xf9, 0xc0, 0x05, 0xe5, 0x00,
  0xff, 0xff, 0x00, 0x96, 0x00, 0x00, 0x06, 0x15, 0x06, 0x40, 0x02, 0x02, 0x00, 0x30, 0x00, 0x00,
  0xff, 0xff, 0x00, 0x96, 0x00, 0x00, 0x03, 0xe8, 0x06, 0x40, 0x02, 0x02, 0x00, 0x2b, 0x00, 0x00,
  0xff, 0xff, 0x00, 0x7d, 0xff, 0xed, 0x06, 0xe7, 0x06, 0x57, 0x02, 0x02, 0x00, 0x32, 0x00, 0x00,
  0x00, 0x01, 0x00, 0x6a, 0x00, 0x00, 0x04, 0x52, 0x06, 0x40, 0x00, 0x07, 0x00, 0x00, 0x13, 0x11,
  0x23, 0x11, 0x21, 0x11, 0x23, 0x11, 0xc5, 0x5b, 0x03, 0xe8, 0x5a, 0x05, 0xe5, 0xfa, 0x1b, 0x06,
  0x40, 0xf9, 0xc0, 0x05, 0xe5, 0x00, 0x00, 0x00, 0xff, 0xff, 0x00, 0x96, 0x00, 0x00, 0x04, 0x0a,
  0x06, 0x40, 0x02, 0x02, 0x00, 0x33, 0x00, 0x00, 0xff, 0xff, 0x00, 0x7d, 0xff, 0xed, 0x05, 0xd7,
  0x06, 0x53, 0x02, 0x02, 0x00, 0x26, 0x00, 0x00, 0xff, 0xff, 0x00, 0x32, 0x00, 0x00, 0x03, 0xb6,
  0x06, 0x40, 0x02, 0x02, 0x00, 0x37, 0x00, 0x00, 0x00, 0x01, 0xff, 0xd3, 0xff, 0xf3, 0x05, 0x29,
  0x06, 0x40, 0x00, 0x12, 0x00, 0x00, 0x24, 0x07, 0x06, 0x23, 0x22, 0x27, 0x37, 0x16, 0x33, 0x32,
  0x37, 0x36, 0x3f, 0x01, 0x01, 0x33, 0x09, 0x01, 0x33, 0x02, 0x13, 0xa3, 0x64, 0x56, 0x37, 0x33,
  0x2c, 0x32, 0x2d, 0x15, 0x13, 0x3d, 0xa5, 0x8e, 0xfd, 0x64, 0x67, 0x02, 0x65, 0x02, 0x23, 0x67,
  0xbf, 0x7f, 0x4d, 0x20, 0x4f, 0x1b, 0x06, 0x11, 0xfd, 0xe7, 0x03, 0xfe, 0xfc, 0x57, 0x03, 0xa9,
  0x00, 0x03, 0x00, 0x44, 0x00, 0x04, 0x05, 0xfd, 0x06, 0x3e, 0x00, 0x08, 0x00, 0x1e, 0x00, 0x27,
  0x00, 0x00, 0x01, 0x11, 0x04, 0x07, 0x06, 0x15, 0x14, 0x17, 0x16, 0x05, 0x11, 0x23, 0x11, 0x24,
  0x27, 0x26, 0x35, 0x34, 0x37, 0x36, 0x25, 0x11, 0x33, 0x11, 0x04, 0x17, 0x16, 0x15, 0x14, 0x07,
  0x06, 0x01, 0x11, 0x24, 0x37, 0x36, 0x35, 0x34, 0x27, 0x26, 0x02, 0xf3, 0xfe, 0xf5, 0x9b, 0xa8,
  0xa8, 0x9b, 0x01, 0x65, 0x5a, 0xfe, 0xcc, 0xb6, 0xc5, 0xc5, 0xb6, 0x01, 0x34, 0x5a, 0x01, 0x36,
  0xb7, 0xc3, 0xc3, 0xb7, 0xfe, 0xca, 0x01, 0x0d, 0x9b, 0xa7, 0xa7, 0x9b, 0x01, 0x88, 0x03, 0x13,
  0x08, 0x6a, 0x74, 0xa3, 0xa4, 0x73, 0x6b, 0x6b, 0xfe, 0xdf, 0x01, 0x21, 0x09, 0x88, 0x91, 0xcb,
  0xcd, 0x91, 0x85, 0x09, 0x01, 0x40, 0xfe, 0xc0, 0x09, 0x85, 0x91, 0xcd, 0xcb, 0x91, 0x88, 0x03,
  0x6d, 0xfc, 0xed, 0x08, 0x6b, 0x73, 0xa4, 0xa3, 0x74, 0x6a, 0x00, 0x00, 0xff, 0xff, 0x00, 0x32,
  0x00, 0x00, 0x04, 0x90, 0x06, 0x40, 0x02, 0x02, 0x00, 0x3b, 0x00, 0x00, 0x00, 0x01, 0x00, 0x71,
  0xfe, 0x89, 0x04, 0xf5, 0x06, 0x40, 0x00, 0x0b, 0x00, 0x00, 0x29, 0x01, 0x11, 0x33, 0x11, 0x21,
  0x11, 0x33, 0x11, 0x33, 0x11, 0x23, 0x04, 0x9c, 0xfb, 0xd5, 0x5b, 0x03, 0x7a, 0x5b, 0x54, 0x59,
  0x06, 0x40, 0xfa, 0x1a, 0x05, 0xe6, 0xfa, 0x21, 0xfe, 0x28, 0x00, 0x00, 0x00, 0x01, 0x00, 0x5c,
  0x00, 0x00, 0x04, 0x7e, 0x06, 0x40, 0x00, 0x18, 0x00, 0x00, 0x01, 0x11, 0x33, 0x11, 0x23, 0x11,
  0x06, 0x07, 0x06, 0x23, 0x22, 0x27, 0x26, 0x19, 0x01, 0x33, 0x03, 0x14, 0x17, 0x16, 0x3b, 0x01,
  0x36, 0x37, 0x36, 0x04, 0x25, 0x59, 0x59, 0x1c, 0x23, 0x96, 0xe9, 0xe9, 0x91, 0x91, 0x62, 0x01,
  0x7d, 0x77, 0xb0, 0x11, 0xbb, 0x7c, 0x70, 0x04, 0x10, 0x02, 0x30, 0xf9, 0xc0, 0x03, 0x1b, 0x24,
  0x20, 0x8b, 0x8b, 0x89, 0x01, 0x26, 0x01, 0xba, 0xfe, 0x3d, 0xee, 0x7d, 0x77, 0x06, 0x77, 0x6b,
  0x00, 0x01, 0x00, 0x71, 0x00, 0x01, 0x06, 0xb1, 0x06, 0x40, 0x00, 0x0b, 0x00, 0x00, 0x13, 0x33,
  0x11, 0x21, 0x11, 0x33, 0x11, 0x21, 0x11, 0x33, 0x11, 0x21, 0x71, 0x5b, 0x02, 0x98, 0x5a, 0x02,
  0x98, 0x5b, 0xf9, 0xc0, 0x06, 0x40, 0xfa, 0x1b, 0x05, 0xe5, 0xfa, 0x1b, 0x05, 0xe5, 0xf9, 0xc1,
  0x00, 0x01, 0x00, 0x71, 0xfe, 0x89, 0x07, 0x06, 0x06, 0x40, 0x00, 0x0f, 0x00, 0x00, 0x25, 0x21,
  0x11, 0x33, 0x11, 0x21, 0x11, 0x33, 0x11, 0x21, 0x11, 0x33, 0x11, 0x33, 0x11, 0x23, 0x06, 0xac,
  0xf9, 0xc5, 0x5b, 0x02, 0x98, 0x5a, 0x02, 0x98, 0x5b, 0x55, 0x5a, 0x01, 0x06, 0x3f, 0xfa, 0x1b,
  0x05, 0xe5, 0xfa, 0x1b, 0x05, 0xe5, 0xfa, 0x22, 0xfe, 0x27, 0x00, 0x00, 0x00, 0x02, 0x00, 0x17,
  0x00, 0x00, 0x05, 0x7a, 0x06, 0x40, 0x00, 0x12, 0x00, 0x1b, 0x00, 0x00, 0x01, 0x11, 0x21, 0x35,
  0x21, 0x11, 0x21, 0x1e, 0x01, 0x15, 0x14, 0x06, 0x07, 0x21, 0x35, 0x33, 0x11, 0x23, 0x35, 0x17,
  0x11, 0x21, 0x32, 0x36, 0x35, 0x34, 0x26, 0x23, 0x01, 0x97, 0xfe, 0x80, 0x01, 0xda, 0x02, 0x0a,
  0xa6, 0xd9, 0xd9, 0xa6, 0xfd, 0x9a, 0x02, 0x02, 0x5c, 0x02, 0x02, 0x7c, 0xb2, 0xb2, 0x7c, 0x03,
  0x4b, 0x02, 0x9a, 0x5b, 0xfd, 0x0b, 0x04, 0xee, 0xad, 0xb9, 0xf0, 0x03, 0x5a, 0x02, 0x96, 0x5b,
  0x5b, 0xfd, 0x6a, 0xcb, 0x85, 0x7d, 0xc9, 0x00, 0x00, 0x03, 0x00, 0x69, 0x00, 0x00, 0x05, 0xc4,
  0x06, 0x40, 0x00, 0x03, 0x00, 0x0e, 0x00, 0x17, 0x00, 0x00, 0x01, 0x11, 0x23, 0x11, 0x01, 0x11,
  0x33, 0x11, 0x21, 0x1e, 0x01, 0x15, 0x14, 0x06, 0x07, 0x01, 0x11, 0x21, 0x32, 0x36, 0x35, 0x34,
  0x26, 0x23, 0x05, 0xc4, 0x5a, 0xfa, 0xff, 0x5b, 0x02, 0x13, 0xa7, 0xd9, 0xd9, 0xa7, 0xfd, 0xed,
  0x02, 0x0b, 0x7d, 0xb2, 0xb2, 0x7d, 0x06, 0x40, 0xf9, 0xc0, 0x06, 0x40, 0xf9, 0xc0, 0x06, 0x40,
  0xfd, 0x0b, 0x04, 0xee, 0xad, 0xb9, 0xf0, 0x03, 0x02, 0xf0, 0xfd, 0x6a, 0xcb, 0x85, 0x7d, 0xc9,
  0x00, 0x02, 0x00, 0x69, 0x00, 0x00, 0x04, 0x57, 0x06, 0x40, 0x00, 0x0a, 0x00, 0x13, 0x00, 0x00,
  0x33, 0x11, 0x33, 0x11, 0x21, 0x1e, 0x01, 0x15, 0x14, 0x06, 0x07, 0x01, 0x11, 0x21, 0x32, 0x36,
  0x35, 0x34, 0x26, 0x23, 0x69, 0x5b, 0x02, 0x13, 0xa7, 0xd9, 0xd9, 0xa7, 0xfd, 0xed, 0x02, 0x0b,
  0x7d, 0xb2, 0xb2, 0x7d, 0x06, 0x40, 0xfd, 0x0b, 0x04, 0xee, 0xad, 0xb9, 0xf0, 0x03, 0x02, 0xf0,
  0xfd, 0x6a, 0xcb, 0x85, 0x7d, 0xc9, 0x00, 0x00, 0x00, 0x01, 0x00, 0x46, 0xff, 0xed, 0x06, 0x88,
  0x06, 0x56, 0x00, 0x22, 0x00, 0x00, 0x01, 0x02, 0x27, 0x26, 0x21, 0x20, 0x07, 0x06, 0x07, 0x23,
  0x36, 0x37, 0x36, 0x21, 0x20, 0x00, 0x11, 0x10, 0x00, 0x21, 0x20, 0x27, 0x26, 0x27, 0x33, 0x16,
  0x17, 0x16, 0x21, 0x20, 0x37, 0x36, 0x13, 0x21, 0x35, 0x06, 0x2b, 0x0e, 0xc6, 0xd6, 0xfe, 0xd3,
  0xfe, 0xd2, 0xd6, 0x29, 0x21, 0x70, 0x32, 0x46, 0xf1, 0x01, 0x55, 0x01, 0x53, 0x01, 0xe1, 0xfe,
  0x1f, 0xfe, 0xad, 0xfe, 0xab, 0xf1, 0x8e, 0x3a, 0x61, 0x35, 0x74, 0xd6, 0x01, 0x2e, 0x01, 0x2d,
  0xd6, 0xc6, 0x0e, 0xfc, 0x27, 0x03, 0x4f, 0x01, 0x10, 0xc6, 0xd6, 0xd6, 0x29, 0x2b, 0x4e, 0x48,
  0xef, 0xfe, 0x20, 0xfe, 0xac, 0xfe, 0xab, 0xfe, 0x20, 0xf1, 0x8d, 0xb2, 0x8d, 0x72, 0xd6, 0xd6,
  0xc6, 0x01, 0x11, 0x5a, 0x00, 0x02, 0x00, 0x71, 0xff, 0xed, 0x08, 0xbf, 0x06, 0x56, 0x00, 0x0b,
  0x00, 0x20, 0x00, 0x00, 0x01, 0x20, 0x00, 0x11, 0x10, 0x00, 0x21, 0x20, 0x00, 0x11, 0x10, 0x00,
  0x01, 0x21, 0x11, 0x23, 0x11, 0x33, 0x11, 0x21, 0x12, 0x37, 0x36, 0x21, 0x20, 0x00, 0x11, 0x10,
  0x00, 0x21, 0x20, 0x27, 0x26, 0x05, 0x8a, 0xfe, 0xd3, 0xfe, 0x54, 0x01, 0xac, 0x01, 0x2d, 0x01,
  0x2e, 0x01, 0xab, 0xfe, 0x55, 0xfb, 0x9e, 0xfe, 0x76, 0x5b, 0x5b, 0x01, 0x8a, 0x0f, 0xe1, 0xf0,
  0x01, 0x54, 0x01, 0x54, 0x01, 0xe1, 0xfe, 0x1f, 0xfe, 0xac, 0xfe, 0xac, 0xf0, 0xe0, 0x05, 0xfb,
  0xfe, 0x54, 0xfe, 0xd3, 0xfe, 0xd2, 0xfe, 0x54, 0x01, 0xac, 0x01, 0x2e, 0x01, 0x2d, 0x01, 0xac,
  0xfc, 0xf8, 0xfd, 0x0d, 0x06, 0x40, 0xfd, 0x0d, 0x01, 0x38, 0xe2, 0xef, 0xfe, 0x20, 0xfe, 0xac,
  0xfe, 0xab, 0xfe, 0x20, 0xf1, 0xdf, 0x00, 0x00, 0x00, 0x02, 0x00, 0x5b, 0x00, 0x00, 0x03, 0xcf,
  0x06, 0x40, 0x00, 0x08, 0x00, 0x1a, 0x00, 0x00, 0x01, 0x22, 0x06, 0x15, 0x14, 0x16, 0x33, 0x21,
  0x11, 0x01, 0x23, 0x01, 0x26, 0x27, 0x26, 0x35, 0x34, 0x37, 0x36, 0x37, 0x21, 0x11, 0x23, 0x11,
  0x21, 0x22, 0x27, 0x02, 0x65, 0xb2, 0xfd, 0xfd, 0xb2, 0x01, 0x0f, 0xfd, 0x71, 0x6f, 0x01, 0x71,
  0x89, 0x6a, 0x99, 0x99, 0x80, 0xb7, 0x01, 0xa4, 0x5b, 0xfe, 0xf1, 0x0e, 0x0e, 0x05, 0xe4, 0xfb,
  0xb3, 0xb4, 0xfc, 0x03, 0x5e, 0xfa, 0x1c, 0x02, 0x39, 0x21, 0x6a, 0x99, 0xd9, 0xd7, 0x9a, 0x80,
  0x19, 0xf9, 0xc0, 0x02, 0x2a, 0x01, 0x00, 0x00, 0xff, 0xff, 0x00, 0x7d, 0xff, 0xe4, 0x04, 0xba,
  0x04, 0x2f, 0x02, 0x02, 0x00, 0x44, 0x00, 0x00, 0x00, 0x02, 0x00, 0x6e, 0xff, 0xe4, 0x04, 0xe4,
  0x06, 0x3b, 0x00, 0x0b, 0x00, 0x33, 0x00, 0x00, 0x12, 0x15, 0x14, 0x00, 0x33, 0x32, 0x00, 0x35,
  0x34, 0x00, 0x23, 0x22, 0x05, 0x36, 0x37, 0x36, 0x33, 0x32, 0x00, 0x15, 0x14, 0x00, 0x23, 0x22,
  0x27, 0x26, 0x27, 0x23, 0x26, 0x35, 0x10, 0x37, 0x36, 0x33, 0x32, 0x17, 0x16, 0x33, 0x32, 0x37,
  0x15, 0x06, 0x23, 0x22, 0x27, 0x26, 0x23, 0x22, 0x07, 0x06, 0x11, 0x14, 0xf9, 0x01, 0x0a, 0xbc,
  0xbc, 0x01, 0x0a, 0xfe, 0xf6, 0xbc, 0xbc, 0xfe, 0xca, 0x28, 0x47, 0xa1, 0xe2, 0xe4, 0x01, 0x41,
  0xfe, 0xbf, 0xe4, 0xe2, 0xa1, 0x90, 0x10, 0x08, 0x26, 0x96, 0xba, 0xf4, 0x33, 0x34, 0x8c, 0x57,
  0x69, 0x1b, 0x1b, 0x62, 0x53, 0x87, 0x35, 0x31, 0xe2, 0x9d, 0x79, 0x02, 0xc4, 0xbc, 0xbc, 0xfe,
  0xf8, 0x01, 0x08, 0xbc, 0xbc, 0x01, 0x0b, 0xdc, 0x53, 0x48, 0xa0, 0xfe, 0xbf, 0xe5, 0xe2, 0xfe,
  0xbe, 0xa1, 0x8f, 0xc3, 0xbe, 0x9f, 0x01, 0x3e, 0xcb, 0xfb, 0x0a, 0x1d, 0x2a, 0x59, 0x28, 0x1d,
  0x0b, 0xe8, 0xb2, 0xfe, 0xf0, 0x22, 0x00, 0x00, 0x00, 0x03, 0x00, 0x71, 0x00, 0x00, 0x03, 0x07,
  0x03, 0xd8, 0x00, 0x0a, 0x00, 0x15, 0x00, 0x2a, 0x00, 0x00, 0x13, 0x21, 0x35, 0x3e, 0x01, 0x35,
  0x34, 0x26, 0x27, 0x35, 0x21, 0x19, 0x01, 0x21, 0x35, 0x3e, 0x01, 0x35, 0x34, 0x26, 0x27, 0x35,
  0x01, 0x21, 0x15, 0x1e, 0x01, 0x1d, 0x01, 0x14, 0x07, 0x06, 0x07, 0x16, 0x17, 0x16, 0x1d, 0x01,
  0x14, 0x06, 0x07, 0x15, 0x21, 0xca, 0x01, 0x18, 0x61, 0x69, 0x69, 0x61, 0xfe, 0xe8, 0x01, 0x18,
  0x61, 0x69, 0x69, 0x61, 0xfe, 0x8f, 0x01, 0x74, 0x82, 0xa0, 0x4f, 0x1d, 0x20, 0x20, 0x1d, 0x4f,
  0xa0, 0x82, 0xfe, 0x8c, 0x02, 0x1e, 0x01, 0x04, 0x6a, 0x41, 0x41, 0x69, 0x05, 0x01, 0xfe, 0x3c,
  0xfe, 0xa0, 0x01, 0x05, 0x69, 0x41, 0x41, 0x6a, 0x04, 0x01, 0x02, 0x1e, 0x01, 0x06, 0x9f, 0x64,
  0x01, 0x63, 0x50, 0x1c, 0x12, 0x12, 0x1b, 0x51, 0x63, 0x01, 0x64, 0x9f, 0x06, 0x01, 0x00, 0x00,
  0x00, 0x01, 0x00, 0x71, 0x00, 0x00, 0x02, 0x5f, 0x03, 0xd6, 0x00, 0x05, 0x00, 0x00, 0x13, 0x11,
  0x23, 0x11, 0x21, 0x15, 0xca, 0x59, 0x01, 0xee, 0x03, 0x7b, 0xfc, 0x85, 0x03, 0xd6, 0x5b, 0x00,
  0x00, 0x02, 0x00, 0x39, 0xfe, 0x89, 0x03, 0xfa, 0x03, 0xd6, 0x00, 0x12, 0x00, 0x19, 0x00, 0x00,
  0x25, 0x33, 0x11, 0x23, 0x11, 0x21, 0x11, 0x23, 0x11, 0x33, 0x36, 0x37, 0x36, 0x11, 0x34, 0x27,
  0x26, 0x27, 0x21, 0x01, 0x21, 0x11, 0x21, 0x16, 0x15, 0x10, 0x03, 0xaa, 0x50, 0x5a, 0xfc, 0xf2,
  0x59, 0x50, 0x03, 0x02, 0xd5, 0x09, 0x06, 0x09, 0x02, 0x5f, 0xfd, 0x55, 0x02, 0x52, 0xfe, 0x65,
  0x08, 0x62, 0xfe, 0x27, 0x01, 0x77, 0xfe, 0x89, 0x01, 0xd9, 0x03, 0x01, 0xd4, 0x01, 0xa0, 0x55,
  0x4c, 0x2f, 0x2c, 0xfc, 0x84, 0x03, 0x21, 0x4c, 0x55, 0xfe, 0x6b, 0x00, 0xff, 0xff, 0x00, 0x5a,
  0xff, 0xe4, 0x04, 0x3f, 0x04, 0x2f, 0x02, 0x02, 0x00, 0x48, 0x00, 0x00, 0x00, 0x01, 0xff, 0xf2,
  0x00, 0x00, 0x05, 0x55, 0x03, 0xd6, 0x00, 0x13, 0x00, 0x00, 0x09, 0x01, 0x33, 0x03, 0x01, 0x23,
  0x01, 0x07, 0x11, 0x23, 0x11, 0x27, 0x01, 0x23, 0x01, 0x03, 0x33, 0x01, 0x11, 0x33, 0x02, 0xd1,
  0x01, 0x81, 0x74, 0xf3, 0x01, 0x82, 0x6f, 0xfe, 0xb3, 0xc8, 0x5b, 0xc7, 0xfe, 0xb2, 0x6f, 0x01,
  0x82, 0xf2, 0x73, 0x01, 0x81, 0x5b, 0x02, 0x15, 0x01, 0xc1, 0xfe, 0xd4, 0xfd, 0x56, 0x02, 0x62,
  0xdd, 0xfe, 0x7b, 0x01, 0x85, 0xdd, 0xfd, 0x9e, 0x02, 0xaa, 0x01, 0x2c, 0xfe, 0x3f, 0x01, 0xc1,
  0x00, 0x01, 0x00, 0x42, 0xff, 0xff, 0x03, 0x09, 0x03, 0xde, 0x00, 0x30, 0x00, 0x00, 0x01, 0x16,
  0x17, 0x16, 0x15, 0x14, 0x06, 0x23, 0x22, 0x26, 0x3d, 0x01, 0x33, 0x15, 0x14, 0x16, 0x33, 0x32,
  0x36, 0x35, 0x34, 0x27, 0x26, 0x27, 0x23, 0x35, 0x21, 0x36, 0x37, 0x36, 0x35, 0x34, 0x26, 0x23,
  0x22, 0x07, 0x06, 0x07, 0x23, 0x36, 0x37, 0x36, 0x33, 0x32, 0x16, 0x15, 0x14, 0x07, 0x06, 0x02,
  0x67, 0x1e, 0x1b, 0x69, 0xd1, 0x93, 0x93, 0xd0, 0x60, 0x98, 0x6b, 0x6c, 0x97, 0x4b, 0x2e, 0x37,
  0xe2, 0x01, 0x02, 0x25, 0x20, 0x4b, 0x97, 0x6c, 0x6b, 0x4c, 0x42, 0x09, 0x60, 0x09, 0x5e, 0x68,
  0x93, 0x93, 0xd1, 0x69, 0x1b, 0x01, 0xee, 0x10, 0x14, 0x4f, 0x6f, 0x6f, 0x9e, 0x9e, 0x6f, 0x0a,
  0x0a, 0x51, 0x73, 0x73, 0x51, 0x51, 0x3a, 0x21, 0x0f, 0x59, 0x0f, 0x18, 0x38, 0x52, 0x51, 0x72,
  0x38, 0x33, 0x44, 0x62, 0x48, 0x4f, 0x9f, 0x6e, 0x6f, 0x4f, 0x15, 0x00, 0x00, 0x01, 0x00, 0x66,
  0x00, 0x00, 0x03, 0x94, 0x03, 0xd6, 0x00, 0x0a, 0x00, 0x00, 0x13, 0x33, 0x11, 0x01, 0x33, 0x11,
  0x23, 0x11, 0x01, 0x15, 0x23, 0x66, 0x59, 0x02, 0x74, 0x61, 0x5a, 0xfd, 0x85, 0x59, 0x03, 0xd6,
  0xfc, 0xc0, 0x03, 0x40, 0xfc, 0x2a, 0x03, 0x47, 0xfc, 0xba, 0x01, 0x00, 0xff, 0xff, 0x00, 0x66,
  0x00, 0x00, 0x03, 0x94, 0x05, 0x3a, 0x02, 0x22, 0x01, 0xc9, 0x00, 0x00, 0x00, 0x02, 0x01, 0x45,
  0x45, 0x00, 0x00, 0x00, 0x00, 0x01, 0x00, 0x71, 0x00, 0x00, 0x03, 0x50, 0x03, 0xd6, 0x00, 0x0b,
  0x00, 0x00, 0x01, 0x03, 0x01, 0x23, 0x01, 0x07, 0x11, 0x23, 0x11, 0x33, 0x11, 0x01, 0x02, 0xc1,
  0xf2, 0x01, 0x81, 0x6e, 0xfe, 0xb2, 0xc8, 0x5b, 0x5b, 0x01, 0x81, 0x03, 0xd6, 0xfe, 0xd4, 0xfd,
  0x56, 0x02, 0x62, 0xde, 0xfe, 0x7c, 0x03, 0xd6, 0xfe, 0x3e, 0x01, 0xc2, 0x00, 0x01, 0x00, 0x39,
  0xff, 0xff, 0x03, 0xf4, 0x03, 0xd6, 0x00, 0x0b, 0x00, 0x00, 0x01, 0x11, 0x23, 0x11, 0x21, 0x11,
  0x14, 0x07, 0x35, 0x36, 0x35, 0x11, 0x03, 0xf4, 0x59, 0xfd, 0x70, 0xd2, 0x79, 0x03, 0xd6, 0xfc,
  0x2a, 0x03, 0x7b, 0xfd, 0x67, 0xd2, 0x11, 0x59, 0x0e, 0x7a, 0x02, 0xf6, 0x00, 0x01, 0x00, 0x5b,
  0x00, 0x00, 0x03, 0xfa, 0x03, 0xd6, 0x00, 0x0c, 0x00, 0x00, 0x25, 0x01, 0x33, 0x11, 0x23, 0x11,
  0x01, 0x23, 0x01, 0x11, 0x23, 0x11, 0x33, 0x02, 0x2b, 0x01, 0x6f, 0x60, 0x5a, 0xfe, 0xb7, 0x59,
  0xfe, 0xb6, 0x59, 0x60, 0x86, 0x03, 0x50, 0xfc, 0x2a, 0x02, 0xf8, 0xfd, 0x08, 0x02, 0xf8, 0xfd,
  0x08, 0x03, 0xd6, 0x00, 0x00, 0x01, 0x00, 0x5b, 0x00, 0x00, 0x03, 0x9d, 0x03, 0xd6, 0x00, 0x0b,
  0x00, 0x00, 0x21, 0x23, 0x11, 0x21, 0x11, 0x23, 0x11, 0x33, 0x11, 0x21, 0x11, 0x33, 0x03, 0x9d,
  0x59, 0xfd, 0x70, 0x59, 0x59, 0x02, 0x90, 0x59, 0x01, 0xe6, 0xfe, 0x1a, 0x03, 0xd6, 0xfe, 0x6b,
  0x01, 0x95, 0x00, 0x00, 0xff, 0xff, 0x00, 0x5a, 0xff, 0xe4, 0x04, 0xa4, 0x04, 0x2f, 0x02, 0x02,
  0x00, 0x52, 0x00, 0x00, 0x00, 0x01, 0x00, 0x66, 0x00, 0x00, 0x03, 0xa8, 0x03, 0xd6, 0x00, 0x07,
  0x00, 0x00, 0x13, 0x11, 0x23, 0x11, 0x21, 0x11, 0x23, 0x11, 0xbf, 0x59, 0x03, 0x42, 0x59, 0x03,
  0x7b, 0xfc, 0x85, 0x03, 0xd6, 0xfc, 0x2a, 0x03, 0x7b, 0x00, 0x00, 0x00, 0xff, 0xff, 0x00, 0x96,
  0xfe, 0x89, 0x04, 0xd2, 0x04, 0x2e, 0x02, 0x02, 0x00, 0x53, 0x00, 0x00, 0xff, 0xff, 0x00, 0x5a,
  0xff, 0xe4, 0x04, 0x3f, 0x04, 0x2f, 0x02, 0x02, 0x00, 0x46, 0x00, 0x00, 0x00, 0x01, 0x00, 0x5b,
  0x00, 0x00, 0x03, 0xdf, 0x03, 0xd6, 0x00, 0x07, 0x00, 0x00, 0x01, 0x11, 0x23, 0x11, 0x21, 0x35,
  0x21, 0x15, 0x02, 0x49, 0x59, 0xfe, 0x6b, 0x03, 0x84, 0x03, 0x7b, 0xfc, 0x85, 0x03, 0x7b, 0x5b,
  0x5b, 0x00, 0x00, 0x00, 0x00, 0x01, 0x00, 0x11, 0xfe, 0x8a, 0x03, 0x60, 0x03, 0xd6, 0x00, 0x07,
  0x00, 0x00, 0x13, 0x23, 0x09, 0x01, 0x33, 0x09, 0x01, 0x33, 0xe8, 0x65, 0x01, 0x03, 0xfe, 0x8b,
  0x65, 0x01, 0x42, 0x01, 0x44, 0x64, 0xfe, 0x8a, 0x02, 0x2c, 0x03, 0x20, 0xfd, 0x52, 0x02, 0xae,
  0x00, 0x03, 0x00, 0x4f, 0xfe, 0x9a, 0x08, 0x63, 0x05, 0x77, 0x00, 0x0e, 0x00, 0x1d, 0x00, 0x3f,
  0x00, 0x00, 0x01, 0x15, 0x16, 0x17, 0x16, 0x33, 0x32, 0x00, 0x35, 0x34, 0x00, 0x23, 0x22, 0x07,
  0x06, 0x03, 0x35, 0x26, 0x27, 0x26, 0x23, 0x22, 0x00, 0x15, 0x14, 0x00, 0x33, 0x32, 0x37, 0x36,
  0x13, 0x36, 0x37, 0x36, 0x33, 0x32, 0x00, 0x15, 0x14, 0x00, 0x23, 0x22, 0x27, 0x26, 0x27, 0x11,
  0x23, 0x11, 0x06, 0x07, 0x06, 0x23, 0x22, 0x00, 0x35, 0x34, 0x00, 0x33, 0x32, 0x17, 0x16, 0x17,
  0x11, 0x33, 0x04, 0x86, 0x1d, 0x5b, 0x85, 0xbc, 0xbb, 0x01, 0x0a, 0xfe, 0xf6, 0xbb, 0xbc, 0x85,
  0x5b, 0x77, 0x1c, 0x5c, 0x84, 0xbc, 0xbc, 0xfe, 0xf6, 0x01, 0x0a, 0xbc, 0xbc, 0x84, 0x5c, 0x76,
  0x18, 0x1d, 0xa1, 0xe3, 0xe4, 0x01, 0x40, 0xfe, 0xc0, 0xe4, 0xe3, 0xa1, 0x1d, 0x18, 0x5a, 0x18,
  0x1c, 0xa2, 0xe2, 0xe5, 0xfe, 0xc0, 0x01, 0x40, 0xe5, 0xe2, 0xa2, 0x1c, 0x18, 0x5a, 0x02, 0x78,
  0xe0, 0x75, 0x5b, 0x85, 0x01, 0x09, 0xbc, 0xbc, 0x01, 0x0b, 0x85, 0x5b, 0xfe, 0xa9, 0xe0, 0x77,
  0x5b, 0x85, 0xfe, 0xf5, 0xbc, 0xbc, 0xfe, 0xf7, 0x85, 0x5b, 0x02, 0x2d, 0x20, 0x1e, 0x9f, 0xfe,
  0xc0, 0xe5, 0xe2, 0xfe, 0xbe, 0xa1, 0x1d, 0x1f, 0xfd, 0xd9, 0x02, 0x27, 0x1f, 0x1d, 0xa1, 0x01,
  0x42, 0xe2, 0xe5, 0x01, 0x40, 0x9f, 0x1e, 0x20, 0x02, 0x27, 0x00, 0x00, 0x00, 0x01, 0x00, 0x00,
  0x00, 0x00, 0x02, 0xed, 0x03, 0xd6, 0x00, 0x0b, 0x00, 0x00, 0x09, 0x01, 0x33, 0x1b, 0x01, 0x33,
  0x09, 0x01, 0x23, 0x09, 0x01, 0x23, 0x01, 0x42, 0xfe, 0xe0, 0x69, 0xec, 0xeb, 0x69, 0xfe, 0xe0,
  0x01, 0x42, 0x68, 0xfe, 0xf2, 0xfe, 0xf1, 0x68, 0x02, 0x07, 0x01, 0xcf, 0xfe, 0x85, 0x01, 0x7b,
  0xfe, 0x31, 0xfd, 0xf9, 0x01, 0xb2, 0xfe, 0x4e, 0x00, 0x01, 0x00, 0x71, 0xfe, 0x89, 0x04, 0x02,
  0x03, 0xd6, 0x00, 0x0b, 0x00, 0x00, 0x29, 0x01, 0x11, 0x33, 0x11, 0x21, 0x11, 0x33, 0x11, 0x33,
  0x11, 0x23, 0x03, 0xa9, 0xfc, 0xc8, 0x59, 0x02, 0x90, 0x59, 0x4f, 0x59, 0x03, 0xd6, 0xfc, 0x84,
  0x03, 0x7c, 0xfc, 0x8c, 0xfe, 0x27, 0x00, 0x00, 0x00, 0x01, 0x00, 0x50, 0x00, 0x00, 0x04, 0x45,
  0x03, 0xdd, 0x00, 0x18, 0x00, 0x00, 0x01, 0x35, 0x33, 0x11, 0x23, 0x11, 0x06, 0x07, 0x06, 0x23,
  0x22, 0x27, 0x26, 0x11, 0x35, 0x33, 0x07, 0x14, 0x17, 0x16, 0x3b, 0x01, 0x36, 0x37, 0x36, 0x03,
  0xeb, 0x5a, 0x5a, 0x16, 0x1d, 0x8b, 0xe9, 0xe9, 0x85, 0x86, 0x62, 0x01, 0x71, 0x6d, 0xaf, 0x11,
  0xbb, 0x71, 0x66, 0x03, 0x2c, 0xb1, 0xfc, 0x23, 0x02, 0x30, 0x20, 0x1b, 0x8b, 0x8b, 0x89, 0x01,
  0x26, 0x39, 0x42, 0xef, 0x7c, 0x77, 0x06, 0x77, 0x6a, 0x00, 0x00, 0x00, 0x00, 0x01, 0x00, 0x66,
  0x00, 0x01, 0x04, 0xe1, 0x03, 0xd6, 0x00, 0x0b, 0x00, 0x00, 0x13, 0x33, 0x11, 0x21, 0x11, 0x33,
  0x11, 0x21, 0x11, 0x33, 0x11, 0x21, 0x66, 0x5b, 0x01, 0xb5, 0x5b, 0x01, 0xb6, 0x5a, 0xfb, 0x85,
  0x03, 0xd6, 0xfc, 0x85, 0x03, 0x7b, 0xfc, 0x85, 0x03, 0x7b, 0xfc, 0x2b, 0x00, 0x01, 0x00, 0x7c,
  0xfe, 0x89, 0x05, 0x4c, 0x03, 0xd6, 0x00, 0x0f, 0x00, 0x00, 0x25, 0x21, 0x11, 0x33, 0x11, 0x21,
  0x11, 0x33, 0x11, 0x21, 0x11, 0x33, 0x11, 0x33, 0x11, 0x23, 0x04, 0xf3, 0xfb, 0x89, 0x5b, 0x01,
  0xb5, 0x5b, 0x01, 0xb6, 0x5a, 0x55, 0x59, 0x01, 0x03, 0xd5, 0xfc, 0x85, 0x03, 0x7b, 0xfc, 0x85,
  0x03, 0x7b, 0xfc, 0x8c, 0xfe, 0x27, 0x00, 0x00, 0x00, 0x02, 0x00, 0x22, 0x00, 0x00, 0x04, 0x56,
  0x03, 0xd6, 0x00, 0x11, 0x00, 0x1e, 0x00, 0x00, 0x21, 0x11, 0x23, 0x35, 0x21, 0x11, 0x21, 0x15,
  0x16, 0x17, 0x16, 0x1d, 0x01, 0x14, 0x07, 0x06, 0x07, 0x15, 0x25, 0x21, 0x35, 0x36, 0x37, 0x36,
  0x35, 0x34, 0x27, 0x26, 0x27, 0x35, 0x21, 0x01, 0x1f, 0xfd, 0x01, 0x57, 0x01, 0xa5, 0x82, 0x5a,
  0x5c, 0x5c, 0x5a, 0x82, 0xfe, 0x5b, 0x01, 0xa1, 0x62, 0x40, 0x40, 0x40, 0x40, 0x62, 0xfe, 0x5f,
  0x03, 0x7b, 0x5b, 0xfe, 0x6c, 0x01, 0x06, 0x4f, 0x50, 0x7b, 0x01, 0x7a, 0x50, 0x4f, 0x06, 0x01,
  0x5a, 0x01, 0x05, 0x35, 0x34, 0x57, 0x59, 0x35, 0x34, 0x04, 0x02, 0x00, 0x00, 0x03, 0x00, 0x71,
  0x00, 0x00, 0x05, 0x36, 0x03, 0xd6, 0x00, 0x0c, 0x00, 0x10, 0x00, 0x20, 0x00, 0x00, 0x37, 0x21,
  0x35, 0x36, 0x37, 0x36, 0x35, 0x34, 0x27, 0x26, 0x27, 0x35, 0x21, 0x01, 0x23, 0x11, 0x33, 0x01,
  0x11, 0x33, 0x11, 0x21, 0x15, 0x16, 0x17, 0x16, 0x1d, 0x01, 0x14, 0x07, 0x06, 0x07, 0x15, 0xca,
  0x02, 0x13, 0x61, 0x41, 0x3f, 0x3f, 0x41, 0x61, 0xfd, 0xed, 0x04, 0x6c, 0x59, 0x59, 0xfb, 0x3b,
  0x59, 0x02, 0x16, 0x83, 0x5a, 0x5c, 0x5c, 0x5a, 0x83, 0x5a, 0x01, 0x05, 0x35, 0x34, 0x57, 0x59,
  0x35, 0x34, 0x04, 0x02, 0xfe, 0x18, 0x03, 0xd6, 0xfc, 0x2a, 0x03, 0xd6, 0xfe, 0x6c, 0x01, 0x06,
  0x4f, 0x50, 0x7b, 0x01, 0x7a, 0x50, 0x4f, 0x06, 0x01, 0x00, 0x00, 0x00, 0x00, 0x02, 0x00, 0x71,
  0x00, 0x00, 0x03, 0xa8, 0x03, 0xd6, 0x00, 0x0c, 0x00, 0x1c, 0x00, 0x00, 0x37, 0x21, 0x35, 0x36,
  0x37, 0x36, 0x35, 0x34, 0x27, 0x26, 0x27, 0x35, 0x21, 0x03, 0x11, 0x33, 0x11, 0x21, 0x15, 0x16,
  0x17, 0x16, 0x1d, 0x01, 0x14, 0x07, 0x06, 0x07, 0x15, 0xca, 0x01, 0xa2, 0x61, 0x41, 0x3f, 0x3f,
  0x41, 0x61, 0xfe, 0x5e, 0x59, 0x59, 0x01, 0xa5, 0x82, 0x5b, 0x5c, 0x5c, 0x5b, 0x82, 0x5a, 0x01,
  0x05, 0x35, 0x34, 0x57, 0x59, 0x35, 0x34, 0x04, 0x02, 0xfe, 0x18, 0x03, 0xd6, 0xfe, 0x6c, 0x01,
  0x06, 0x4f, 0x50, 0x7b, 0x01, 0x7a, 0x50, 0x4f, 0x06, 0x01, 0x00, 0x00, 0x00, 0x01, 0x00, 0x51,
  0xff, 0xe4, 0x04, 0x72, 0x04, 0x2e, 0x00, 0x21, 0x00, 0x00, 0x01, 0x26, 0x27, 0x26, 0x23, 0x22,
  0x07, 0x06, 0x07, 0x23, 0x36, 0x37, 0x36, 0x33, 0x32, 0x00, 0x15, 0x14, 0x00, 0x23, 0x22, 0x27,
  0x26, 0x27, 0x33, 0x16, 0x33, 0x32, 0x00, 0x35, 0x34, 0x27, 0x21, 0x35, 0x03, 0xfe, 0x20, 0x50,
  0x85, 0xbc, 0xbc, 0x85, 0x37, 0x1f, 0x65, 0x22, 0x55, 0xa0, 0xe5, 0xe2, 0x01, 0x43, 0xfe, 0xbd,
  0xe2, 0xe5, 0xa0, 0x20, 0x13, 0x85, 0x81, 0xb2, 0xbc, 0x01, 0x0a, 0x04, 0xfd, 0x9a, 0x02, 0x97,
  0x62, 0x51, 0x85, 0x85, 0x37, 0x44, 0x69, 0x56, 0xa0, 0xfe, 0xbf, 0xe5, 0xe2, 0xfe, 0xbe, 0xa1,
  0x1f, 0x17, 0x77, 0x01, 0x08, 0xbc, 0x1b, 0x18, 0x5c, 0x00, 0x00, 0x00, 0x00, 0x02, 0x00, 0x71,
  0xff, 0xe4, 0x06, 0x67, 0x04, 0x2e, 0x00, 0x0b, 0x00, 0x20, 0x00, 0x00, 0x00, 0x15, 0x14, 0x00,
  0x33, 0x32, 0x00, 0x35, 0x34, 0x00, 0x23, 0x22, 0x01, 0x21, 0x11, 0x23, 0x11, 0x33, 0x11, 0x21,
  0x36, 0x37, 0x36, 0x33, 0x32, 0x00, 0x15, 0x14, 0x00, 0x23, 0x22, 0x27, 0x26, 0x02, 0x7d, 0x01,
  0x0a, 0xbc, 0xbb, 0x01, 0x0a, 0xfe, 0xf6, 0xbb, 0xbc, 0xfe, 0x98, 0xfe, 0xab, 0x59, 0x59, 0x01,
  0x56, 0x12, 0x8e, 0xa0, 0xe3, 0xe4, 0x01, 0x40, 0xfe, 0xc0, 0xe4, 0xe3, 0xa0, 0x96, 0x02, 0xc4,
  0xbc, 0xbc, 0xfe, 0xf8, 0x01, 0x08, 0xbc, 0xbc, 0x01, 0x0b, 0xfe, 0x17, 0xfe, 0x1a, 0x03, 0xd6,
  0xfe, 0x6b, 0xc0, 0x8d, 0xa0, 0xfe, 0xbf, 0xe5, 0xe2, 0xfe, 0xbe, 0xa1, 0x95, 0x00, 0x00, 0x00,
  0x00, 0x02, 0x00, 0x4f, 0x00, 0x00, 0x03, 0x14, 0x03, 0xd6, 0x00, 0x0c, 0x00, 0x20, 0x00, 0x00,
  0x01, 0x21, 0x15, 0x06, 0x07, 0x06, 0x15, 0x14, 0x17, 0x16, 0x17, 0x15, 0x21, 0x13, 0x11, 0x23,
  0x11, 0x23, 0x0f, 0x02, 0x23, 0x13, 0x26, 0x27, 0x26, 0x3d, 0x01, 0x34, 0x37, 0x36, 0x37, 0x35,
  0x02, 0xbb, 0xfe, 0xd0, 0x62, 0x3f, 0x40, 0x40, 0x3f, 0x62, 0x01, 0x30, 0x59, 0x59, 0xf1, 0x15,
  0x3a, 0x6d, 0x63, 0xbe, 0x6f, 0x4f, 0x5c, 0x5c, 0x5a, 0x82, 0x03, 0x7b, 0x01, 0x04, 0x34, 0x35,
  0x58, 0x58, 0x34, 0x35, 0x05, 0x01, 0x01, 0xe8, 0xfc, 0x2a, 0x01, 0x94, 0x2f, 0x7b, 0xea, 0x01,
  0x97, 0x0d, 0x46, 0x50, 0x7a, 0x01, 0x7b, 0x50, 0x4f, 0x06, 0x01, 0x00, 0xff, 0xff, 0x00, 0x5a,
  0xff, 0xe4, 0x04, 0x3f, 0x05, 0x32, 0x02, 0x22, 0x00, 0x48, 0x00, 0x00, 0x00, 0x03, 0x00, 0x69,
  0x00, 0xe0, 0x00, 0x00, 0x00, 0x01, 0x00, 0x17, 0xfe, 0xa7, 0x03, 0x7f, 0x06, 0x40, 0x00, 0x22,
  0x00, 0x00, 0x01, 0x34, 0x26, 0x23, 0x22, 0x07, 0x06, 0x07, 0x11, 0x23, 0x11, 0x23, 0x35, 0x33,
  0x35, 0x33, 0x15, 0x33, 0x15, 0x23, 0x11, 0x36, 0x33, 0x32, 0x16, 0x17, 0x11, 0x14, 0x06, 0x23,
  0x35, 0x32, 0x37, 0x36, 0x35, 0x03, 0x25, 0xb5, 0x7c, 0x7c, 0x59, 0x29, 0x13, 0x5b, 0x71, 0x71,
  0x5b, 0xdb, 0xdb, 0x71, 0xa0, 0xae, 0xda, 0x03, 0xa5, 0x79, 0x53, 0x39, 0x38, 0x02, 0x88, 0x7e,
  0xb0, 0x57, 0x27, 0x2b, 0xfc, 0xf3, 0x05, 0x03, 0x59, 0xe4, 0xe4, 0x59, 0xfe, 0xa0, 0x6e, 0xdb,
  0xa5, 0xfd, 0x36, 0x7a, 0xa6, 0x5a, 0x39, 0x37, 0x62, 0x00, 0x00, 0x00, 0xff, 0xff, 0x00, 0x71,
  0x00, 0x00, 0x02, 0x5f, 0x05, 0x6b, 0x02, 0x22, 0x01, 0xc4, 0x00, 0x00, 0x00, 0x02, 0x00, 0x73,
  0x65, 0x00, 0x00, 0x00, 0x00, 0x01, 0x00, 0x51, 0xff, 0xe4, 0x04, 0x72, 0x04, 0x2e, 0x00, 0x21,
  0x00, 0x00, 0x01, 0x15, 0x21, 0x06, 0x15, 0x14, 0x00, 0x33, 0x32, 0x37, 0x33, 0x06, 0x07, 0x06,
  0x23, 0x22, 0x00, 0x35, 0x34, 0x00, 0x33, 0x32, 0x17, 0x16, 0x17, 0x23, 0x26, 0x27, 0x26, 0x23,
  0x22, 0x07, 0x06, 0x07, 0x03, 0x1a, 0xfd, 0x99, 0x03, 0x01, 0x0a, 0xbc, 0xb1, 0x81, 0x86, 0x13,
  0x20, 0xa1, 0xe4, 0xe3, 0xfe, 0xbe, 0x01, 0x42, 0xe3, 0xe4, 0xa1, 0x55, 0x22, 0x65, 0x20, 0x36,
  0x85, 0xbc, 0xbc, 0x86, 0x4f, 0x21, 0x02, 0x97, 0x5c, 0x18, 0x1b, 0xbc, 0xfe, 0xf8, 0x77, 0x17,
  0x1f, 0xa1, 0x01, 0x42, 0xe2, 0xe5, 0x01, 0x41, 0xa0, 0x56, 0x69, 0x44, 0x37, 0x85, 0x85, 0x51,
  0x62, 0x00, 0x00, 0x00, 0xff, 0xff, 0x00, 0x73, 0xff, 0xe8, 0x02, 0xb9, 0x03, 0xf6, 0x02, 0x02,
  0x00, 0x56, 0x00, 0x00, 0xff, 0xff, 0x00, 0x7d, 0x00, 0x00, 0x01, 0x31, 0x05, 0x32, 0x02, 0x02,
  0x00, 0x4c, 0x00, 0x00, 0xff, 0xff, 0xff, 0xe7, 0x00, 0x00, 0x01, 0xc7, 0x05, 0x32, 0x02, 0x02,
  0x00, 0xab, 0x00, 0x00, 0xff, 0xff, 0x00, 0x31, 0xff, 0x1c, 0x01, 0x31, 0x05, 0x32, 0x02, 0x02,
  0x00, 0x4d, 0x00, 0x00, 0x00, 0x02, 0x00, 0x3b, 0xff, 0xff, 0x06, 0xd5, 0x03, 0xd6, 0x00, 0x0c,
  0x00, 0x24, 0x00, 0x00, 0x25, 0x21, 0x35, 0x36, 0x37, 0x36, 0x35, 0x34, 0x27, 0x26, 0x27, 0x35,
  0x21, 0x03, 0x21, 0x11, 0x14, 0x07, 0x35, 0x36, 0x35, 0x11, 0x21, 0x11, 0x05, 0x15, 0x16, 0x17,
  0x16, 0x1d, 0x01, 0x14, 0x07, 0x06, 0x07, 0x15, 0x21, 0x03, 0xf8, 0x01, 0xa1, 0x62, 0x40, 0x40,
  0x40, 0x40, 0x62, 0xfe, 0x5f, 0x5b, 0xfd, 0x70, 0xd2, 0x79, 0x03, 0x42, 0x01, 0xa7, 0x82, 0x5a,
  0x5c, 0x5c, 0x5a, 0x82, 0xfe, 0x00, 0x5a, 0x01, 0x05, 0x35, 0x34, 0x57, 0x59, 0x35, 0x34, 0x04,
  0x02, 0x01, 0x93, 0xfd, 0x67, 0xd2, 0x11, 0x59, 0x0e, 0x7a, 0x02, 0xf6, 0xfe, 0x6e, 0x02, 0x01,
  0x06, 0x4f, 0x50, 0x7b, 0x01, 0x7a, 0x50, 0x4f, 0x06, 0x01, 0x00, 0x00, 0x00, 0x02, 0x00, 0x66,
  0x00, 0x00, 0x06, 0x85, 0x03, 0xd6, 0x00, 0x0c, 0x00, 0x24, 0x00, 0x00, 0x25, 0x21, 0x35, 0x36,
  0x37, 0x36, 0x35, 0x34, 0x27, 0x26, 0x27, 0x35, 0x21, 0x03, 0x11, 0x21, 0x11, 0x23, 0x11, 0x33,
  0x11, 0x21, 0x11, 0x33, 0x11, 0x21, 0x15, 0x16, 0x17, 0x16, 0x1d, 0x01, 0x14, 0x07, 0x06, 0x07,
  0x15, 0x03, 0xa8, 0x01, 0xa1, 0x62, 0x40, 0x40, 0x40, 0x40, 0x62, 0xfe, 0x5f, 0x59, 0xfd, 0x70,
  0x59, 0x59, 0x02, 0x90, 0x59, 0x01, 0xa5, 0x82, 0x5a, 0x5c, 0x5c, 0x5a, 0x82, 0x5a, 0x01, 0x05,
  0x35, 0x34, 0x57, 0x59, 0x35, 0x34, 0x04, 0x02, 0xfe, 0x18, 0x01, 0xe6, 0xfe, 0x1a, 0x03, 0xd6,
  0xfe, 0x6b, 0x01, 0x95, 0xfe, 0x6c, 0x01, 0x06, 0x4f, 0x50, 0x7b, 0x01, 0x7a, 0x50, 0x4f, 0x06,
  0x01, 0x00, 0x00, 0x00, 0x00, 0x01, 0x00, 0x17, 0x00, 0x00, 0x03, 0x7f, 0x06, 0x40, 0x00, 0x1b,
  0x00, 0x00, 0x13, 0x35, 0x33, 0x15, 0x33, 0x15, 0x23, 0x11, 0x36, 0x33, 0x32, 0x16, 0x17, 0x11,
  0x23, 0x11, 0x34, 0x26, 0x23, 0x22, 0x07, 0x06, 0x07, 0x11, 0x23, 0x11, 0x23, 0x35, 0x88, 0x5b,
  0xdb, 0xdb, 0x71, 0xa0, 0xae, 0xda, 0x03, 0x5a, 0xb5, 0x7c, 0x7c, 0x59, 0x29, 0x13, 0x5b, 0x71,
  0x05, 0x5c, 0xe4, 0xe4, 0x59, 0xfe, 0xa0, 0x6e, 0xdb, 0xa5, 0xfd, 0x6f, 0x02, 0x88, 0x7e, 0xb0,
  0x57, 0x27, 0x2b, 0xfc, 0xf3, 0x05, 0x03, 0x59, 0x00, 0x02, 0x00, 0x71, 0x00, 0x00, 0x03, 0x50,
  0x05, 0x62, 0x00, 0x0b, 0x00, 0x0f, 0x00, 0x00, 0x01, 0x03, 0x01, 0x23, 0x01, 0x07, 0x11, 0x23,
  0x11, 0x33, 0x11, 0x01, 0x03, 0x07, 0x23, 0x37, 0x02, 0xc1, 0xf2, 0x01, 0x81, 0x6e, 0xfe, 0xb2,
  0xc8, 0x5b, 0x5b, 0x01, 0x81, 0x02, 0xf5, 0x54, 0xa3, 0x03, 0xd6, 0xfe, 0xd4, 0xfd, 0x56, 0x02,
  0x62, 0xde, 0xfe, 0x7c, 0x03, 0xd6, 0xfe, 0x3e, 0x01, 0xc2, 0x01, 0x8c, 0xbb, 0xbb, 0x00, 0x00,
  0xff, 0xff, 0x00, 0x4b, 0xfe, 0x89, 0x03, 0xa2, 0x05, 0x3a, 0x02, 0x22, 0x00, 0x5c, 0x00, 0x00,
  0x00, 0x02, 0x01, 0x45, 0x3f, 0x00, 0x00, 0x00, 0x00, 0x01, 0x00, 0x66, 0xfe, 0x89, 0x03, 0xa8,
  0x03, 0xd6, 0x00, 0x0b, 0x00, 0x00, 0x29, 0x01, 0x11, 0x33, 0x11, 0x21, 0x11, 0x33, 0x11, 0x21,
  0x11, 0x23, 0x01, 0xda, 0xfe, 0x8c, 0x59, 0x02, 0x90, 0x59, 0xfe, 0x8c, 0x5a, 0x03, 0xd6, 0xfc,
  0x84, 0x03, 0x7c, 0xfc, 0x2a, 0xfe, 0x89, 0x00, 0x00, 0x01, 0x00, 0x7f, 0x00, 0x00, 0x03, 0x7b,
  0x07, 0x4f, 0x00, 0x09, 0x00, 0x00, 0x01, 0x15, 0x21, 0x11, 0x23, 0x11, 0x21, 0x11, 0x33, 0x11,
  0x03, 0x3b, 0xfd, 0x9f, 0x5b, 0x02, 0xa2, 0x5a, 0x05, 0xe8, 0x03, 0xfa, 0x1b, 0x06, 0x40, 0x01,
  0x0f, 0xfe, 0x99, 0x00, 0x00, 0x01, 0x00, 0x71, 0x00, 0x00, 0x02, 0x9d, 0x04, 0xe4, 0x00, 0x07,
  0x00, 0x00, 0x13, 0x11, 0x23, 0x11, 0x21, 0x11, 0x33, 0x11, 0xca, 0x59, 0x01, 0xd2, 0x5a, 0x03,
  0x7b, 0xfc, 0x85, 0x03, 0xd6, 0x01, 0x0e, 0xfe, 0x97, 0x00, 0x00, 0x00, 0xff, 0xff, 0x00, 0x7d,
  0xff, 0xf2, 0x06, 0x0b, 0x07, 0xd5, 0x02, 0x22, 0x00, 0x3a, 0x00, 0x00, 0x00, 0x03, 0x00, 0x43,
  0x01, 0xd3, 0x02, 0x6a, 0xff, 0xff, 0x00, 0x96, 0xff, 0xf2, 0x04, 0xc9, 0x05, 0x6b, 0x02, 0x22,
  0x00, 0x5a, 0x00, 0x00, 0x00, 0x03, 0x00, 0x43, 0x01, 0x3e, 0x00, 0x00, 0xff, 0xff, 0x00, 0x7d,
  0xff, 0xf2, 0x06, 0x0b, 0x07, 0xd5, 0x02, 0x22, 0x00, 0x3a, 0x00, 0x00, 0x00, 0x03, 0x00, 0x73,
  0x02, 0x40, 0x02, 0x6a, 0xff, 0xff, 0x00, 0x96, 0xff, 0xf2, 0x04, 0xc9, 0x05, 0x6b, 0x02, 0x22,
  0x00, 0x5a, 0x00, 0x00, 0x00, 0x03, 0x00, 0x73, 0x01, 0xac, 0x00, 0x00, 0xff, 0xff, 0x00, 0x7d,
  0xff, 0xf2, 0x06, 0x0b, 0x07, 0x9c, 0x02, 0x22, 0x00, 0x3a, 0x00, 0x00, 0x00, 0x03, 0x00, 0x69,
  0x01, 0xd7, 0x02, 0x6a, 0xff, 0xff, 0x00, 0x96, 0xff, 0xf2, 0x04, 0xc9, 0x05, 0x32, 0x02, 0x22,
  0x00, 0x5a, 0x00, 0x00, 0x00, 0x03, 0x00, 0x69, 0x01, 0x43, 0x00, 0x00, 0xff, 0xff, 0x00, 0x32,
  0x00, 0x00, 0x04, 0xd9, 0x07, 0xd5, 0x02, 0x22, 0x00, 0x3c, 0x00, 0x00, 0x00, 0x03, 0x00, 0x43,
  0x01, 0x14, 0x02, 0x6a, 0xff, 0xff, 0x00, 0x4b, 0xfe, 0x89, 0x03, 0xa2, 0x05, 0x6b, 0x02, 0x22,
  0x00, 0x5c, 0x00, 0x00, 0x00, 0x03, 0x00, 0x43, 0x00, 0x85, 0x00, 0x00, 0x00, 0x01, 0x00, 0x32,
  0x02, 0x23, 0x03, 0x35, 0x02, 0x7d, 0x00, 0x03, 0x00, 0x00, 0x13, 0x21, 0x15, 0x21, 0x32, 0x03,
  0x03, 0xfc, 0xfd, 0x02, 0x7d, 0x5a, 0x00, 0x00, 0x00, 0x01, 0x00, 0x32, 0x02, 0x23, 0x05, 0xb1,
  0x02, 0x7d, 0x00, 0x03, 0x00, 0x00, 0x13, 0x21, 0x15, 0x21, 0x32, 0x05, 0x7f, 0xfa, 0x81, 0x02,
  0x7d, 0x5a, 0x00, 0x00, 0x00, 0x01, 0xff, 0xb5, 0x02, 0x23, 0x07, 0xf4, 0x02, 0x7d, 0x00, 0x03,
  0x00, 0x00, 0x03, 0x21, 0x15, 0x21, 0x4b, 0x08, 0x3f, 0xf7, 0xc1, 0x02, 0x7d, 0x5a, 0x00, 0x00,
  0x00, 0x02, 0x00, 0x19, 0xfe, 0xa7, 0x04, 0x01, 0xff, 0xe2, 0x00, 0x03, 0x00, 0x07, 0x00, 0x00,
  0x17, 0x21, 0x15, 0x21, 0x11, 0x21, 0x15, 0x21, 0x19, 0x03, 0xe8, 0xfc, 0x18, 0x03, 0xe8, 0xfc,
  0x18, 0xff, 0x5a, 0x01, 0x3b, 0x5a, 0x00, 0x00, 0x00, 0x01, 0x00, 0x32, 0x05, 0x05, 0x00, 0xe6,
  0x06, 0x4b, 0x00, 0x0e, 0x00, 0x00, 0x13, 0x16, 0x17, 0x16, 0x15, 0x14, 0x06, 0x23, 0x22, 0x26,
  0x35, 0x34, 0x3f, 0x01, 0x33, 0xa3, 0x17, 0x12, 0x1a, 0x35, 0x25, 0x25, 0x35, 0x07, 0x62, 0x41,
  0x05, 0xb5, 0x05, 0x12, 0x1a, 0x26, 0x25, 0x34, 0x34, 0x25, 0x15, 0x12, 0xc6, 0x00, 0x00, 0x00,
  0x00, 0x01, 0x00, 0x32, 0x05, 0x05, 0x00, 0xe6, 0x06, 0x4b, 0x00, 0x0e, 0x00, 0x00, 0x13, 0x26,
  0x27, 0x26, 0x35, 0x34, 0x36, 0x33, 0x32, 0x16, 0x15, 0x14, 0x0f, 0x01, 0x23, 0x75, 0x17, 0x11,
  0x1b, 0x35, 0x25, 0x25, 0x35, 0x07, 0x62, 0x41, 0x05, 0x9b, 0x05, 0x12, 0x1a, 0x26, 0x25, 0x34,
  0x34, 0x25, 0x15, 0x12, 0xc6, 0x00, 0x00, 0x00, 0x00, 0x01, 0x00, 0x32, 0xff, 0x5d, 0x00, 0xe6,
  0x00, 0xa3, 0x00, 0x0e, 0x00, 0x00, 0x17, 0x26, 0x27, 0x26, 0x35, 0x34, 0x36, 0x33, 0x32, 0x16,
  0x15, 0x14, 0x0f, 0x01, 0x23, 0x75, 0x17, 0x11, 0x1b, 0x35, 0x25, 0x25, 0x35, 0x07, 0x62, 0x41,
  0x0d, 0x05, 0x12, 0x1a, 0x26, 0x25, 0x34, 0x34, 0x25, 0x15, 0x12, 0xc6, 0x00, 0x01, 0x01, 0x4a,
  0x05, 0x05, 0x01, 0xfe, 0x06, 0x4b, 0x00, 0x0e, 0x00, 0x00, 0x01, 0x23, 0x27, 0x26, 0x35, 0x34,
  0x36, 0x33, 0x32, 0x16, 0x15, 0x14, 0x07, 0x06, 0x07, 0x01, 0xf4, 0x41, 0x62, 0x07, 0x35, 0x25,
  0x25, 0x35, 0x1b, 0x11, 0x17, 0x05, 0x05, 0xc6, 0x12, 0x15, 0x25, 0x34, 0x34, 0x25, 0x26, 0x1a,
  0x12, 0x05, 0x00, 0x00, 0x00, 0x02, 0x00, 0x32, 0x05, 0x05, 0x01, 0xe2, 0x06, 0x4b, 0x00, 0x0e,
  0x00, 0x1d, 0x00, 0x00, 0x13, 0x16, 0x17, 0x16, 0x15, 0x14, 0x06, 0x23, 0x22, 0x26, 0x35, 0x34,
  0x3f, 0x01, 0x33, 0x17, 0x16, 0x17, 0x16, 0x15, 0x14, 0x06, 0x23, 0x22, 0x26, 0x35, 0x34, 0x3f,
  0x01, 0x33, 0xa3, 0x17, 0x12, 0x1a, 0x35, 0x25, 0x25, 0x35, 0x07, 0x62, 0x41, 0xc3, 0x17, 0x12,
  0x1a, 0x35, 0x25, 0x25, 0x35, 0x07, 0x62, 0x41, 0x05, 0xb5, 0x05, 0x12, 0x1a, 0x26, 0x25, 0x34,
  0x34, 0x25, 0x15, 0x12, 0xc6, 0x96, 0x05, 0x12, 0x1a, 0x26, 0x25, 0x34, 0x34, 0x25, 0x15, 0x12,
  0xc6, 0x00, 0x00, 0x00, 0x00, 0x02, 0x00, 0x32, 0x05, 0x05, 0x01, 0xe2, 0x06, 0x4b, 0x00, 0x0e,
  0x00, 0x1d, 0x00, 0x00, 0x13, 0x26, 0x27, 0x26, 0x35, 0x34, 0x36, 0x33, 0x32, 0x16, 0x15, 0x14,
  0x0f, 0x01, 0x23, 0x25, 0x26, 0x27, 0x26, 0x35, 0x34, 0x36, 0x33, 0x32, 0x16, 0x15, 0x14, 0x0f,
  0x01, 0x23, 0x75, 0x17, 0x11, 0x1b, 0x35, 0x25, 0x25, 0x35, 0x07, 0x62, 0x41, 0x01, 0x35, 0x17,
  0x11, 0x1b, 0x35, 0x25, 0x25, 0x35, 0x07, 0x62, 0x41, 0x05, 0x9b, 0x05, 0x12, 0x1a, 0x26, 0x25,
  0x34, 0x34, 0x25, 0x15, 0x12, 0xc6, 0x96, 0x05, 0x12, 0x1a, 0x26, 0x25, 0x34, 0x34, 0x25, 0x15,
  0x12, 0xc6, 0x00, 0x00, 0x00, 0x02, 0x00, 0x32, 0xff, 0x5d, 0x01, 0xe2, 0x00, 0xa3, 0x00, 0x0e,
  0x00, 0x1d, 0x00, 0x00, 0x17, 0x26, 0x27, 0x26, 0x35, 0x34, 0x36, 0x33, 0x32, 0x16, 0x15, 0x14,
  0x0f, 0x01, 0x23, 0x25, 0x26, 0x27, 0x26, 0x35, 0x34, 0x36, 0x33, 0x32, 0x16, 0x15, 0x14, 0x0f,
  0x01, 0x23, 0x75, 0x17, 0x11, 0x1b, 0x35, 0x25, 0x25, 0x35, 0x07, 0x62, 0x41, 0x01, 0x35, 0x17,
  0x11, 0x1b, 0x35, 0x25, 0x25, 0x35, 0x07, 0x62, 0x41, 0x0d, 0x05, 0x12, 0x1a, 0x26, 0x25, 0x34,
  0x34, 0x25, 0x15, 0x12, 0xc6, 0x96, 0x05, 0x12, 0x1a, 0x26, 0x25, 0x34, 0x34, 0x25, 0x15, 0x12,
  0xc6, 0x00, 0x00, 0x00, 0x00, 0x01, 0x00, 0x64, 0x00, 0xad, 0x02, 0x92, 0x07, 0x16, 0x00, 0x0b,
  0x00, 0x00, 0x01, 0x35, 0x33, 0x15, 0x33, 0x15, 0x23, 0x11, 0x23, 0x11, 0x23, 0x35, 0x01, 0x5e,
  0x3a, 0xfa, 0xfa, 0x3a, 0xfa, 0x06, 0x3c, 0xda, 0xda, 0x3a, 0xfa, 0xab, 0x05, 0x55, 0x3a, 0x00,
  0x00, 0x01, 0x00, 0x64, 0x00, 0xad, 0x02, 0x92, 0x07, 0x16, 0x00, 0x13, 0x00, 0x00, 0x01, 0x23,
  0x35, 0x33, 0x35, 0x33, 0x15, 0x33, 0x15, 0x23, 0x11, 0x33, 0x15, 0x23, 0x11, 0x23, 0x11, 0x23,
  0x35, 0x33, 0x01, 0x5e, 0xfa, 0xfa, 0x3a, 0xfa, 0xfa, 0xfa, 0xfa, 0x3a, 0xfa, 0xfa, 0x06, 0x02,
  0x3a, 0xda, 0xda, 0x3a, 0xfe, 0x1b, 0x3a, 0xfc, 0xca, 0x03, 0x36, 0x3a, 0x00, 0x01, 0x00, 0xe2,
  0x02, 0x50, 0x02, 0x14, 0x03, 0x7f, 0x00, 0x0b, 0x00, 0x00, 0x00, 0x16, 0x15, 0x14, 0x06, 0x23,
  0x22, 0x26, 0x35, 0x34, 0x36, 0x33, 0x01, 0xb9, 0x5b, 0x5b, 0x3d, 0x3f, 0x5b, 0x5b, 0x3f, 0x03,
  0x7f, 0x58, 0x40, 0x3f, 0x58, 0x58, 0x3f, 0x40, 0x58, 0x00, 0x00, 0x00, 0x00, 0x03, 0x00, 0x64,
  0xff, 0xf2, 0x06, 0x6e, 0x00, 0xa5, 0x00, 0x0b, 0x00, 0x17, 0x00, 0x23, 0x00, 0x00, 0x36, 0x16,
  0x15, 0x14, 0x06, 0x23, 0x22, 0x26, 0x35, 0x34, 0x36, 0x33, 0x20, 0x16, 0x15, 0x14, 0x06, 0x23,
  0x22, 0x26, 0x35, 0x34, 0x36, 0x33, 0x20, 0x16, 0x15, 0x14, 0x06, 0x23, 0x22, 0x26, 0x35, 0x34,
  0x36, 0x33, 0xe3, 0x35, 0x35, 0x25, 0x25, 0x35, 0x35, 0x25, 0x02, 0xd0, 0x35, 0x35, 0x25, 0x25,
  0x35, 0x35, 0x25, 0x02, 0xd0, 0x35, 0x35, 0x25, 0x25, 0x35, 0x35, 0x25, 0xa5, 0x34, 0x25, 0x26,
  0x34, 0x34, 0x26, 0x25, 0x34, 0x34, 0x25, 0x26, 0x34, 0x34, 0x26, 0x25, 0x34, 0x34, 0x25, 0x26,
  0x34, 0x34, 0x26, 0x25, 0x34, 0x00, 0x00, 0x00, 0x00, 0x07, 0x00, 0x50, 0x00, 0x03, 0x06, 0x9c,
  0x05, 0x55, 0x00, 0x03, 0x00, 0x0f, 0x00, 0x1b, 0x00, 0x27, 0x00, 0x33, 0x00, 0x3f, 0x00, 0x4b,
  0x00, 0x00, 0x09, 0x01, 0x27, 0x01, 0x04, 0x16, 0x15, 0x14, 0x06, 0x23, 0x22, 0x26, 0x35, 0x34,
  0x36, 0x33, 0x15, 0x22, 0x06, 0x15, 0x14, 0x16, 0x33, 0x32, 0x36, 0x35, 0x34, 0x26, 0x00, 0x16,
  0x15, 0x14, 0x06, 0x23, 0x22, 0x26, 0x35, 0x34, 0x36, 0x33, 0x15, 0x22, 0x06, 0x15, 0x14, 0x16,
  0x33, 0x32, 0x36, 0x35, 0x34, 0x26, 0x24, 0x16, 0x15, 0x14, 0x06, 0x23, 0x22, 0x26, 0x35, 0x34,
  0x36, 0x33, 0x15, 0x22, 0x06, 0x15, 0x14, 0x16, 0x33, 0x32, 0x36, 0x35, 0x34, 0x26, 0x04, 0x53,
  0xfc, 0x6a, 0x4a, 0x03, 0x96, 0xfd, 0x8e, 0x87, 0x87, 0x60, 0x60, 0x87, 0x87, 0x60, 0x3c, 0x54,
  0x54, 0x3c, 0x3b, 0x55, 0x55, 0x02, 0x7d, 0x87, 0x87, 0x60, 0x60, 0x87, 0x87, 0x60, 0x3c, 0x54,
  0x54, 0x3c, 0x3b, 0x55, 0x55, 0x02, 0x4b, 0x87, 0x87, 0x60, 0x60, 0x87, 0x87, 0x60, 0x3c, 0x54,
  0x54, 0x3c, 0x3b, 0x55, 0x55, 0x05, 0x22, 0xfa, 0xe1, 0x33, 0x05, 0x1f, 0x96, 0x87, 0x60, 0x60,
  0x87, 0x87, 0x60, 0x60, 0x87, 0x57, 0x54, 0x3c, 0x3c, 0x54, 0x54, 0x3c, 0x3c, 0x54, 0xfd, 0xff,
  0x87, 0x60, 0x60, 0x87, 0x87, 0x60, 0x60, 0x87, 0x57, 0x54, 0x3c, 0x3c, 0x54, 0x54, 0x3c, 0x3c,
  0x54, 0x57, 0x87, 0x60, 0x60, 0x87, 0x87, 0x60, 0x60, 0x87, 0x57, 0x54, 0x3c, 0x3c, 0x54, 0x54,
  0x3c, 0x3c, 0x54, 0x00, 0x00, 0x01, 0x00, 0x7d, 0x03, 0xe5, 0x00, 0xd7, 0x06, 0x3d, 0x00, 0x03,
  0x00, 0x00, 0x13, 0x11, 0x33, 0x11, 0x7d, 0x5a, 0x03, 0xe5, 0x02, 0x58, 0xfd, 0xa8, 0x00, 0x00,
  0x00, 0x02, 0x00, 0x7d, 0x03, 0xe5, 0x01, 0x8b, 0x06, 0x3d, 0x00, 0x03, 0x00, 0x07, 0x00, 0x00,
  0x13, 0x11, 0x33, 0x11, 0x33, 0x11, 0x33, 0x11, 0x7d, 0x5a, 0x5a, 0x5a, 0x03, 0xe5, 0x02, 0x58,
  0xfd, 0xa8, 0x02, 0x58, 0xfd, 0xa8, 0x00, 0x00, 0x00, 0x01, 0x00, 0x64, 0x00, 0x01, 0x02, 0x11,
  0x03, 0x9a, 0x00, 0x05, 0x00, 0x00, 0x13, 0x01, 0x15, 0x09, 0x01, 0x15, 0x64, 0x01, 0xad, 0xfe,
  0xb5, 0x01, 0x4b, 0x01, 0xce, 0x01, 0xcc, 0x68, 0xfe, 0x9c, 0xfe, 0x9c, 0x69, 0x00, 0x00, 0x00,
  0x00, 0x01, 0x00, 0x64, 0x00, 0x01, 0x02, 0x11, 0x03, 0x9a, 0x00, 0x05, 0x00, 0x00, 0x37, 0x35,
  0x09, 0x01, 0x35, 0x01, 0x64, 0x01, 0x4b, 0xfe, 0xb5, 0x01, 0xad, 0x01, 0x69, 0x01, 0x64, 0x01,
  0x64, 0x68, 0xfe, 0x34, 0x00, 0x04, 0x00, 0x7d, 0xff, 0xf2, 0x02, 0xdf, 0x06, 0x40, 0x00, 0x0b,
  0x00, 0x0f, 0x00, 0x1b, 0x00, 0x1f, 0x00, 0x00, 0x36, 0x16, 0x15, 0x14, 0x06, 0x23, 0x22, 0x26,
  0x35, 0x34, 0x36, 0x33, 0x13, 0x11, 0x23, 0x11, 0x00, 0x16, 0x15, 0x14, 0x06, 0x23, 0x22, 0x26,
  0x35, 0x34, 0x36, 0x33, 0x13, 0x11, 0x23, 0x11, 0xfc, 0x35, 0x35, 0x25, 0x25, 0x35, 0x35, 0x25,
  0x2b, 0x5a, 0x02, 0x02, 0x35, 0x35, 0x25, 0x25, 0x35, 0x35, 0x25, 0x2b, 0x5a, 0xa5, 0x34, 0x25,
  0x26, 0x34, 0x34, 0x26, 0x25, 0x34, 0x05, 0x9b, 0xfa, 0xd4, 0x05, 0x2c, 0xfa, 0x65, 0x34, 0x25,
  0x26, 0x34, 0x34, 0x26, 0x25, 0x34, 0x05, 0x9b, 0xfa, 0xd4, 0x05, 0x2c, 0xff, 0xff, 0x00, 0x19,
  0x06, 0xb8, 0x04, 0x01, 0x07, 0x12, 0x02, 0x03, 0x00, 0x42, 0x00, 0x00, 0x07, 0x30, 0x00, 0x00,
  0x00, 0x01, 0xfe, 0x70, 0x00, 0x77, 0x02, 0x4f, 0x05, 0xc9, 0x00, 0x03, 0x00, 0x00, 0x09, 0x01,
  0x27, 0x01, 0x02, 0x4f, 0xfc, 0x6b, 0x4a, 0x03, 0x96, 0x05, 0x96, 0xfa, 0xe1, 0x33, 0x05, 0x1f,
  0xff, 0xff, 0x00, 0x96, 0x02, 0x2f, 0x03, 0x99, 0x06, 0x40, 0x02, 0x03, 0x00, 0x51, 0x00, 0x00,
  0x02, 0x2f, 0x00, 0x00, 0x00, 0x01, 0x00, 0x32, 0x00, 0x00, 0x03, 0x90, 0x06, 0x40, 0x00, 0x11,
  0x00, 0x00, 0x13, 0x11, 0x21, 0x15, 0x21, 0x11, 0x21, 0x15, 0x21, 0x11, 0x21, 0x15, 0x21, 0x11,
  0x23, 0x11, 0x23, 0x35, 0xd4, 0x02, 0xbc, 0xfd, 0x9e, 0x02, 0x62, 0xfd, 0x9e, 0x01, 0x20, 0xfe,
  0xe0, 0x5a, 0xa2, 0x01, 0xd4, 0x04, 0x6c, 0x5a, 0xfd, 0x67, 0x5a, 0xfe, 0xe1, 0x5a, 0xfe, 0x86,
  0x01, 0x7a, 0x5a, 0x00, 0x00, 0x01, 0x00, 0x64, 0xff, 0xad, 0x04, 0x06, 0x06, 0x43, 0x00, 0x52,
  0x00, 0x00, 0x01, 0x26, 0x27, 0x26, 0x27, 0x26, 0x35, 0x34, 0x37, 0x36, 0x37, 0x36, 0x33, 0x32,
  0x17, 0x16, 0x17, 0x16, 0x15, 0x14, 0x07, 0x27, 0x36, 0x35, 0x34, 0x27, 0x26, 0x27, 0x26, 0x23,
  0x22, 0x07, 0x06, 0x07, 0x06, 0x15, 0x14, 0x17, 0x16, 0x17, 0x16, 0x17, 0x33, 0x15, 0x23, 0x16,
  0x17, 0x33, 0x15, 0x23, 0x06, 0x07, 0x36, 0x33, 0x32, 0x17, 0x16, 0x33, 0x32, 0x37, 0x17, 0x06,
  0x23, 0x22, 0x27, 0x26, 0x23, 0x22, 0x07, 0x06, 0x07, 0x27, 0x36, 0x37, 0x36, 0x37, 0x23, 0x35,
  0x33, 0x26, 0x27, 0x23, 0x35, 0x01, 0x2b, 0x11, 0x14, 0x6f, 0x0e, 0x02, 0x5c, 0x67, 0xa3, 0x13,
  0x13, 0x8b, 0x6f, 0x7c, 0x0f, 0x03, 0x16, 0x56, 0x0f, 0x01, 0x0c, 0x5f, 0x54, 0x6a, 0x0e, 0x0e,
  0x7c, 0x50, 0x46, 0x01, 0x0a, 0x44, 0x35, 0x22, 0xe8, 0xca, 0x10, 0x07, 0xb3, 0xad, 0x06, 0xa4,
  0x7d, 0x79, 0x48, 0x47, 0x63, 0x59, 0x50, 0x47, 0x11, 0x51, 0x57, 0x59, 0x5e, 0x62, 0x4b, 0x44,
  0x31, 0x68, 0x62, 0x57, 0x7c, 0x20, 0x6a, 0x02, 0xec, 0xe5, 0x08, 0x12, 0xcb, 0x02, 0xf3, 0x28,
  0x27, 0xb4, 0xa3, 0x13, 0x13, 0x8b, 0x6e, 0x7b, 0x0f, 0x01, 0x5c, 0x69, 0xa2, 0x17, 0x15, 0x3f,
  0x33, 0x1d, 0x2b, 0x34, 0x0e, 0x0e, 0x7b, 0x50, 0x46, 0x01, 0x0b, 0x5f, 0x54, 0x69, 0x0f, 0x0f,
  0x71, 0x8f, 0x55, 0x59, 0x5a, 0x3b, 0x3d, 0x5a, 0xc6, 0xc2, 0x2d, 0x10, 0x17, 0x12, 0x59, 0x14,
  0x16, 0x15, 0x11, 0x26, 0x31, 0x67, 0x6e, 0x27, 0x7e, 0xa0, 0x5a, 0x3c, 0x3c, 0x5a, 0x00, 0x00,
  0x00, 0x02, 0x00, 0x96, 0xff, 0xe8, 0x06, 0xd6, 0x06, 0x40, 0x00, 0x08, 0x00, 0x4e, 0x00, 0x00,
  0x13, 0x11, 0x33, 0x32, 0x36, 0x35, 0x34, 0x26, 0x23, 0x01, 0x06, 0x07, 0x06, 0x2b, 0x01, 0x11,
  0x23, 0x11, 0x21, 0x16, 0x17, 0x16, 0x15, 0x14, 0x07, 0x33, 0x11, 0x33, 0x11, 0x33, 0x36, 0x33,
  0x32, 0x17, 0x16, 0x1d, 0x01, 0x07, 0x2e, 0x01, 0x23, 0x22, 0x06, 0x15, 0x14, 0x17, 0x16, 0x17,
  0x16, 0x17, 0x16, 0x15, 0x14, 0x06, 0x23, 0x22, 0x26, 0x35, 0x37, 0x14, 0x16, 0x33, 0x32, 0x36,
  0x35, 0x34, 0x27, 0x26, 0x27, 0x26, 0x27, 0x26, 0x35, 0x34, 0x37, 0x23, 0x11, 0x23, 0x11, 0xe7,
  0xf5, 0xa0, 0xe4, 0xe4, 0xa0, 0x01, 0xb9, 0x22, 0x4b, 0x8a, 0xc2, 0xf5, 0x51, 0x01, 0x7a, 0xa4,
  0x74, 0x8a, 0x07, 0x54, 0x5a, 0xf8, 0x35, 0x42, 0x62, 0x40, 0x3e, 0x4e, 0x0a, 0x4b, 0x3d, 0x3c,
  0x56, 0x2b, 0x19, 0x51, 0x80, 0x36, 0x55, 0xaa, 0x79, 0x79, 0xaa, 0x59, 0x77, 0x53, 0x53, 0x77,
  0x3b, 0x20, 0x61, 0x73, 0x2c, 0x45, 0x1d, 0xa1, 0x5a, 0x05, 0xe5, 0xfc, 0xa1, 0xfd, 0xb3, 0xb3,
  0xfc, 0xfd, 0x97, 0x65, 0x53, 0x99, 0xfd, 0xd5, 0x06, 0x40, 0x19, 0x80, 0x99, 0xd8, 0x32, 0x2e,
  0x01, 0xa2, 0xfe, 0x5e, 0x20, 0x40, 0x3f, 0x50, 0x05, 0x1f, 0x4c, 0x4c, 0x55, 0x3d, 0x3c, 0x2b,
  0x19, 0x33, 0x46, 0x36, 0x56, 0x77, 0x7a, 0xab, 0xab, 0x66, 0x17, 0x58, 0x76, 0x76, 0x55, 0x53,
  0x3b, 0x20, 0x3e, 0x3e, 0x2c, 0x45, 0x61, 0x3f, 0x34, 0xfc, 0x84, 0x03, 0x7c, 0x00, 0x00, 0x00,
  0x00, 0x01, 0x00, 0x64, 0xff, 0xe4, 0x05, 0x46, 0x06, 0x40, 0x00, 0x2b, 0x00, 0x00, 0x01, 0x35,
  0x34, 0x00, 0x33, 0x32, 0x17, 0x07, 0x26, 0x23, 0x22, 0x00, 0x1d, 0x01, 0x21, 0x07, 0x21, 0x15,
  0x21, 0x07, 0x21, 0x15, 0x14, 0x00, 0x33, 0x32, 0x37, 0x36, 0x37, 0x33, 0x06, 0x07, 0x06, 0x23,
  0x22, 0x00, 0x3d, 0x01, 0x23, 0x37, 0x33, 0x35, 0x23, 0x37, 0x01, 0x0c, 0x01, 0x42, 0xe3, 0xe4,
  0xa0, 0x43, 0x85, 0xbc, 0xbc, 0xfe, 0xf6, 0x02, 0x91, 0x12, 0xfd, 0x81, 0x02, 0x67, 0x12, 0xfd,
  0xab, 0x01, 0x0a, 0xbc, 0xbc, 0x85, 0x52, 0x20, 0x62, 0x22, 0x6f, 0xa0, 0xe4, 0xe3, 0xfe, 0xbe,
  0xa8, 0x12, 0x96, 0x7e, 0x12, 0x03, 0x75, 0xa6, 0xe3, 0x01, 0x42, 0xa1, 0x43, 0x84, 0xfe, 0xf7,
  0xbc, 0xa6, 0x5a, 0x78, 0x5a, 0x40, 0xbc, 0xfe, 0xf7, 0x85, 0x52, 0x67, 0x8e, 0x6f, 0xa1, 0x01,
  0x42, 0xe3, 0x40, 0x5a, 0x78, 0x5a, 0x00, 0x00, 0xff, 0xff, 0x00, 0x5a, 0xff, 0xeb, 0x07, 0x5f,
  0x06, 0x40, 0x00, 0x2b, 0x00, 0x46, 0x00, 0x17, 0x03, 0x1d, 0x30, 0x00, 0x00, 0x23, 0x02, 0x0f,
  0x03, 0x89, 0x00, 0x00, 0x00, 0x0b, 0x00, 0x52, 0x03, 0xe4, 0x00, 0x00, 0x30, 0x00, 0x00, 0x00,
  0x00, 0x04, 0x00, 0x7d, 0x00, 0x00, 0x07, 0x89, 0x06, 0x44, 0x00, 0x05, 0x00, 0x15, 0x00, 0x23,
  0x00, 0x2d, 0x00, 0x00, 0x01, 0x33, 0x11, 0x21, 0x35, 0x21, 0x25, 0x36, 0x37, 0x36, 0x35, 0x34,
  0x27, 0x26, 0x27, 0x06, 0x07, 0x06, 0x15, 0x14, 0x17, 0x16, 0x17, 0x22, 0x26, 0x35, 0x34, 0x36,
  0x3b, 0x01, 0x32, 0x16, 0x15, 0x14, 0x06, 0x23, 0x01, 0x33, 0x01, 0x11, 0x33, 0x11, 0x23, 0x01,
  0x11, 0x23, 0x07, 0x66, 0x23, 0xfd, 0x3a, 0x02, 0xa3, 0xfe, 0x78, 0x65, 0x36, 0x3a, 0x3a, 0x36,
  0x65, 0x65, 0x36, 0x3a, 0x3a, 0x36, 0x56, 0x73, 0xa0, 0xa0, 0x73, 0x1d, 0x73, 0xa0, 0xa0, 0x73,
  0xfa, 0x91, 0x63, 0x03, 0x36, 0x5a, 0x5a, 0xfc, 0xc1, 0x5a, 0x06, 0x07, 0xfd, 0x88, 0x23, 0xb9,
  0x05, 0x35, 0x39, 0x53, 0x52, 0x3a, 0x35, 0x05, 0x05, 0x35, 0x3a, 0x52, 0x53, 0x39, 0x35, 0x52,
  0xa1, 0x72, 0x72, 0xa1, 0xa1, 0x72, 0x72, 0xa1, 0x02, 0x22, 0xfa, 0x71, 0x05, 0x8f, 0xf9, 0xc0,
  0x05, 0x9d, 0xfa, 0x63, 0x00, 0x01, 0x00, 0x64, 0x03, 0xb8, 0x04, 0x7f, 0x06, 0x48, 0x00, 0x12,
  0x00, 0x00, 0x01, 0x23, 0x11, 0x23, 0x11, 0x23, 0x35, 0x21, 0x09, 0x01, 0x33, 0x07, 0x11, 0x23,
  0x11, 0x09, 0x01, 0x11, 0x23, 0x01, 0xf1, 0x9e, 0x39, 0xb6, 0x01, 0xc5, 0x01, 0x0b, 0x01, 0x0a,
  0x41, 0x09, 0x38, 0xfe, 0xf6, 0xfe, 0xf5, 0x38, 0x06, 0x14, 0xfd, 0xa4, 0x02, 0x5c, 0x34, 0xfe,
  0x67, 0x01, 0x99, 0x0d, 0xfd, 0x7d, 0x02, 0x2c, 0xfe, 0x66, 0x01, 0x9a, 0xfd, 0xd4, 0x00, 0x00,
  0x00, 0x01, 0x00, 0x5a, 0x00, 0x00, 0x05, 0xdf, 0x06, 0x40, 0x00, 0x21, 0x00, 0x00, 0x01, 0x20,
  0x00, 0x11, 0x10, 0x00, 0x07, 0x21, 0x15, 0x21, 0x35, 0x36, 0x00, 0x11, 0x10, 0x00, 0x21, 0x23,
  0x20, 0x00, 0x11, 0x10, 0x00, 0x17, 0x15, 0x21, 0x35, 0x21, 0x26, 0x00, 0x11, 0x10, 0x00, 0x21,
  0x03, 0x24, 0x01, 0x3c, 0x01, 0x7f, 0xfe, 0xcf, 0x7a, 0x01, 0x45, 0xfd, 0xe9, 0xd8, 0x01, 0x4b,
  0xfe, 0xb2, 0xfe, 0xe8, 0x05, 0xfe, 0xe8, 0xfe, 0xb2, 0x01, 0x4b, 0xd8, 0xfd, 0xe9, 0x01, 0x45,
  0x7a, 0xfe, 0xcf, 0x01, 0x7f, 0x01, 0x3c, 0x06, 0x40, 0xfe, 0x42, 0xfe, 0x85, 0xfe, 0xea, 0xfe,
  0x86, 0x1e, 0x59, 0x59, 0x32, 0x01, 0x5e, 0x01, 0x1e, 0x01, 0x56, 0x01, 0x97, 0xfe, 0x69, 0xfe,
  0xaa, 0xfe, 0xe2, 0xfe, 0xa2, 0x32, 0x59, 0x59, 0x1e, 0x01, 0x7a, 0x01, 0x16, 0x01, 0x7b, 0x01,
  0xbe, 0x00, 0x00, 0x00, 0x00, 0x01, 0x00, 0x71, 0x02, 0x6a, 0x06, 0x9f, 0x03, 0xc3, 0x00, 0x06,
  0x00, 0x00, 0x01, 0x15, 0x21, 0x15, 0x21, 0x15, 0x27, 0x01, 0x1c, 0x05, 0x83, 0xfa, 0x7d, 0xab,
  0x03, 0xc3, 0x7f, 0x5b, 0x7f, 0xad, 0x00, 0x00, 0x00, 0x01, 0x01, 0x53, 0x00, 0x03, 0x02, 0xac,
  0x06, 0x31, 0x00, 0x06, 0x00, 0x00, 0x01, 0x23, 0x11, 0x23, 0x11, 0x23, 0x37, 0x02, 0xac, 0x80,
  0x5a, 0x7f, 0xac, 0x05, 0x86, 0xfa, 0x7d, 0x05, 0x83, 0xab, 0x00, 0x00, 0x00, 0x01, 0x00, 0x71,
  0x02, 0x6a, 0x06, 0x9f, 0x03, 0xc3, 0x00, 0x06, 0x00, 0x00, 0x01, 0x07, 0x35, 0x21, 0x35, 0x21,
  0x35, 0x06, 0x9f, 0xab, 0xfa, 0x7d, 0x05, 0x83, 0x03, 0x17, 0xad, 0x7f, 0x5b, 0x7f, 0x00, 0x00,
  0x00, 0x01, 0x01, 0x53, 0x00, 0x03, 0x02, 0xac, 0x06, 0x31, 0x00, 0x06, 0x00, 0x00, 0x25, 0x27,
  0x33, 0x11, 0x33, 0x11, 0x33, 0x01, 0xff, 0xac, 0x7f, 0x5a, 0x80, 0x03, 0xab, 0x05, 0x83, 0xfa,
  0x7d, 0x00, 0x00, 0x00, 0x00, 0x01, 0x00, 0x71, 0x02, 0x6a, 0x06, 0x9f, 0x03, 0xc3, 0x00, 0x09,
  0x00, 0x00, 0x01, 0x35, 0x17, 0x07, 0x35, 0x21, 0x15, 0x27, 0x37, 0x15, 0x05, 0xf4, 0xab, 0xab,
  0xfb, 0x28, 0xab, 0xab, 0x03, 0x44, 0x7f, 0xac, 0xad, 0x7f, 0x7f, 0xad, 0xac, 0x7f, 0x00, 0x00,
  0x00, 0x01, 0x02, 0xdc, 0x00, 0x03, 0x04, 0x35, 0x06, 0x31, 0x00, 0x09, 0x00, 0x00, 0x25, 0x33,
  0x07, 0x27, 0x33, 0x11, 0x23, 0x37, 0x17, 0x23, 0x03, 0xb6, 0x7f, 0xac, 0xad, 0x80, 0x80, 0xad,
  0xac, 0x7f, 0xae, 0xab, 0xab, 0x04, 0xd8, 0xab, 0xab, 0x00, 0x00, 0x00, 0x00, 0x03, 0x02, 0xdd,
  0xff, 0xa5, 0x04, 0x36, 0x06, 0x92, 0x00, 0x09, 0x00, 0x0d, 0x00, 0x11, 0x00, 0x00, 0x25, 0x33,
  0x07, 0x27, 0x33, 0x11, 0x23, 0x37, 0x17, 0x23, 0x03, 0x21, 0x15, 0x21, 0x11, 0x21, 0x15, 0x21,
  0x03, 0xb7, 0x7f, 0xac, 0xad, 0x80, 0x80, 0xad, 0xac, 0x7f, 0xda, 0x01, 0x59, 0xfe, 0xa7, 0x01,
  0x59, 0xfe, 0xa7, 0xae, 0xab, 0xab, 0x04, 0xd8, 0xab, 0xab, 0x01, 0x0c, 0x5a, 0xf9, 0xc8, 0x5b,
  0x00, 0x02, 0x00, 0x39, 0x00, 0x0a, 0x03, 0xa6, 0x06, 0x31, 0x00, 0x07, 0x00, 0x20, 0x00, 0x00,
  0x01, 0x04, 0x03, 0x06, 0x15, 0x14, 0x17, 0x24, 0x13, 0x36, 0x35, 0x10, 0x27, 0x26, 0x23, 0x22,
  0x07, 0x27, 0x36, 0x33, 0x32, 0x17, 0x16, 0x11, 0x14, 0x07, 0x02, 0x05, 0x20, 0x35, 0x34, 0x37,
  0x12, 0x03, 0x46, 0xfd, 0xdd, 0x86, 0x0e, 0xf1, 0x01, 0x44, 0x84, 0x08, 0xd5, 0x2a, 0x27, 0xc5,
  0x82, 0x2a, 0x93, 0xd5, 0x46, 0x4e, 0xf1, 0x16, 0x73, 0xfe, 0x60, 0xfe, 0xbc, 0x0e, 0x7f, 0x02,
  0xfe, 0x45, 0xfe, 0xac, 0x34, 0x2a, 0xb0, 0x02, 0x22, 0x02, 0xd9, 0x62, 0x52, 0x01, 0xb6, 0x28,
  0x07, 0xbd, 0x53, 0xb2, 0x13, 0x3d, 0xfe, 0x3d, 0x85, 0xa8, 0xfd, 0x23, 0x0a, 0xf8, 0x32, 0x3d,
  0x01, 0x90, 0x00, 0x00, 0x00, 0x02, 0xff, 0xde, 0x00, 0x00, 0x04, 0xe0, 0x06, 0x40, 0x00, 0x05,
  0x00, 0x08, 0x00, 0x00, 0x37, 0x23, 0x01, 0x33, 0x01, 0x21, 0x25, 0x09, 0x01, 0x22, 0x44, 0x02,
  0x47, 0x6d, 0x02, 0x4e, 0xfb, 0x42, 0x04, 0x3d, 0xfd, 0xfc, 0xfe, 0x03, 0x01, 0x06, 0x3f, 0xf9,
  0xc0, 0x5a, 0x05, 0x75, 0xfa, 0x8b, 0x00, 0x00, 0x00, 0x01, 0x00, 0x6a, 0xfe, 0x8a, 0x04, 0xc3,
  0x06, 0x40, 0x00, 0x07, 0x00, 0x00, 0x13, 0x11, 0x23, 0x11, 0x21, 0x11, 0x23, 0x11, 0xc5, 0x5b,
  0x04, 0x59, 0x5a, 0x05, 0xe5, 0xf8, 0xa5, 0x07, 0xb6, 0xf8, 0x4a, 0x07, 0x5b, 0x00, 0x00, 0x00,
  0x00, 0x01, 0x00, 0x39, 0xfe, 0x8a, 0x04, 0x3b, 0x06, 0x40, 0x00, 0x09, 0x00, 0x00, 0x01, 0x15,
  0x21, 0x09, 0x01, 0x21, 0x15, 0x21, 0x09, 0x01, 0x04, 0x3b, 0xfc, 0x86, 0x01, 0xa2, 0xfe, 0x5e,
  0x03, 0x7a, 0xfb, 0xfe, 0x01, 0xc5, 0xfe, 0x3b, 0x06, 0x40, 0x5b, 0xfc, 0x80, 0xfc, 0x80, 0x5b,
  0x03, 0xdb, 0x03, 0xdb, 0x00, 0x01, 0x00, 0x7d, 0x02, 0x23, 0x03, 0x9d, 0x02, 0x7d, 0x00, 0x03,
  0x00, 0x00, 0x13, 0x21, 0x15, 0x21, 0x7d, 0x03, 0x20, 0xfc, 0xe0, 0x02, 0x7d, 0x5a, 0x00, 0x00,
  0x00, 0x01, 0x00, 0x39, 0xff, 0xb1, 0x05, 0xff, 0x06, 0xcc, 0x00, 0x07, 0x00, 0x00, 0x09, 0x01,
  0x33, 0x09, 0x01, 0x07, 0x27, 0x25, 0x03, 0x63, 0x02, 0x3c, 0x60, 0xfd, 0x41, 0xfd, 0x88, 0x62,
  0x2d, 0x01, 0x28, 0x01, 0x26, 0x05, 0xa6, 0xf8, 0xe5, 0x03, 0x1d, 0x2c, 0x39, 0xa7, 0x00, 0x00,
  0x00, 0x03, 0x00, 0x51, 0x01, 0xc9, 0x04, 0x68, 0x04, 0x60, 0x00, 0x0d, 0x00, 0x27, 0x00, 0x33,
  0x00, 0x00, 0x01, 0x34, 0x26, 0x23, 0x22, 0x07, 0x06, 0x07, 0x16, 0x17, 0x16, 0x33, 0x32, 0x36,
  0x16, 0x06, 0x23, 0x22, 0x27, 0x26, 0x27, 0x0e, 0x01, 0x23, 0x22, 0x26, 0x35, 0x34, 0x36, 0x33,
  0x32, 0x16, 0x17, 0x36, 0x37, 0x36, 0x33, 0x32, 0x16, 0x15, 0x05, 0x14, 0x16, 0x33, 0x32, 0x36,
  0x37, 0x2e, 0x01, 0x23, 0x22, 0x06, 0x04, 0x20, 0x89, 0x62, 0x61, 0x4a, 0x47, 0x1a, 0x1a, 0x47,
  0x4a, 0x61, 0x62, 0x89, 0x48, 0xb4, 0x7f, 0x7f, 0x5e, 0x41, 0x19, 0x0d, 0x69, 0x5b, 0x5b, 0x81,
  0x81, 0x5b, 0x5b, 0x69, 0x0d, 0x19, 0x41, 0x5e, 0x7f, 0x7f, 0xb4, 0xfc, 0x2f, 0x57, 0x3f, 0x3e,
  0x5a, 0x18, 0x18, 0x5a, 0x3e, 0x3f, 0x57, 0x03, 0x2f, 0x61, 0x8a, 0x43, 0x42, 0x81, 0x81, 0x41,
  0x43, 0x8a, 0x1d, 0xb3, 0x57, 0x3d, 0x4e, 0x1d, 0x61, 0x7f, 0x74, 0x5d, 0x81, 0x63, 0x1d, 0x4e,
  0x3d, 0x57, 0xb3, 0x7e, 0x19, 0x4a, 0x58, 0x55, 0x4b, 0x4c, 0x55, 0x57, 0x00, 0x01, 0x00, 0x24,
  0xfe, 0x95, 0x02, 0x10, 0x06, 0xb4, 0x00, 0x0b, 0x00, 0x00, 0x05, 0x02, 0x21, 0x35, 0x32, 0x37,
  0x11, 0x12, 0x21, 0x17, 0x06, 0x07, 0x01, 0x46, 0x0c, 0xfe, 0xea, 0xbd, 0x0b, 0x17, 0x01, 0x0c,
  0x01, 0xb5, 0x15, 0x4f, 0xfe, 0xe4, 0x53, 0xc6, 0x05, 0xea, 0x01, 0x1c, 0x48, 0x06, 0xcb, 0x00,
  0x00, 0x02, 0x00, 0x7d, 0x01, 0xf9, 0x04, 0x80, 0x04, 0x47, 0x00, 0x21, 0x00, 0x43, 0x00, 0x00,
  0x01, 0x16, 0x33, 0x32, 0x37, 0x36, 0x37, 0x36, 0x35, 0x17, 0x06, 0x07, 0x06, 0x07, 0x06, 0x23,
  0x22, 0x27, 0x26, 0x23, 0x22, 0x07, 0x06, 0x07, 0x06, 0x07, 0x27, 0x36, 0x37, 0x36, 0x37, 0x36,
  0x33, 0x32, 0x13, 0x16, 0x33, 0x32, 0x37, 0x36, 0x37, 0x36, 0x35, 0x17, 0x06, 0x07, 0x06, 0x07,
  0x06, 0x23, 0x22, 0x27, 0x26, 0x23, 0x22, 0x07, 0x06, 0x07, 0x06, 0x07, 0x27, 0x36, 0x37, 0x36,
  0x37, 0x36, 0x33, 0x32, 0x02, 0x7e, 0xbc, 0x55, 0x0f, 0x0c, 0x4d, 0x1f, 0x0f, 0x5b, 0x04, 0x13,
  0x2e, 0x6e, 0x19, 0x1f, 0x69, 0xad, 0xbe, 0x54, 0x0e, 0x0c, 0x4d, 0x1f, 0x0f, 0x01, 0x5a, 0x02,
  0x14, 0x2e, 0x6f, 0x19, 0x1e, 0x6a, 0xad, 0xbc, 0x55, 0x0f, 0x0c, 0x4d, 0x1f, 0x0f, 0x5b, 0x04,
  0x13, 0x2e, 0x6e, 0x19, 0x1f, 0x69, 0xad, 0xbe, 0x54, 0x0e, 0x0c, 0x4d, 0x1f, 0x0f, 0x01, 0x5a,
  0x02, 0x14, 0x2e, 0x6f, 0x19, 0x1e, 0x6a, 0x03, 0xe4, 0x6d, 0x03, 0x17, 0x4d, 0x26, 0x27, 0x0e,
  0x30, 0x31, 0x6f, 0x25, 0x08, 0x63, 0x6d, 0x03, 0x17, 0x4d, 0x27, 0x26, 0x0e, 0x30, 0x31, 0x6f,
  0x25, 0x08, 0xfe, 0x76, 0x6d, 0x03, 0x17, 0x4d, 0x26, 0x27, 0x0e, 0x30, 0x31, 0x6f, 0x25, 0x08,
  0x63, 0x6d, 0x03, 0x17, 0x4d, 0x27, 0x26, 0x0e, 0x30, 0x31, 0x6f, 0x25, 0x08, 0x00, 0x00, 0x00,
  0xff, 0xff, 0x00, 0x70, 0x00, 0xc0, 0x03, 0xab, 0x03, 0xe0, 0x02, 0x22, 0x00, 0x20, 0x01, 0x00,
  0x00, 0x43, 0x00, 0x12, 0x00, 0xa2, 0x00, 0xc0, 0x40, 0x00, 0x20, 0x00, 0xff, 0xff, 0x00, 0x7d,
  0x01, 0x6f, 0x03, 0x9d, 0x03, 0x31, 0x02, 0x22, 0x02, 0x24, 0x00, 0x00, 0x00, 0x23, 0x02, 0x24,
  0x00, 0x00, 0xff, 0x4c, 0x00, 0x03, 0x02, 0x24, 0x00, 0x00, 0x00, 0xb4, 0x00, 0x02, 0x00, 0x64,
  0x00, 0x00, 0x04, 0xe1, 0x03, 0xd5, 0x00, 0x05, 0x00, 0x09, 0x00, 0x00, 0x25, 0x09, 0x01, 0x15,
  0x09, 0x01, 0x05, 0x21, 0x15, 0x21, 0x04, 0xe1, 0xfb, 0x83, 0x04, 0x7d, 0xfc, 0x8a, 0x03, 0x76,
  0xfb, 0xb4, 0x04, 0x4c, 0xfb, 0xb4, 0x91, 0x01, 0xa2, 0x01, 0xa2, 0x60, 0xfe, 0xbe, 0xfe, 0xbe,
  0x97, 0x5a, 0x00, 0x00, 0x00, 0x02, 0x00, 0x64, 0x00, 0x00, 0x04, 0xe1, 0x03, 0xd5, 0x00, 0x05,
  0x00, 0x09, 0x00, 0x00, 0x37, 0x09, 0x01, 0x35, 0x09, 0x01, 0x15, 0x21, 0x15, 0x21, 0x64, 0x03,
  0x76, 0xfc, 0x8a, 0x04, 0x7d, 0xfb, 0x83, 0x04, 0x4c, 0xfb, 0xb4, 0xf1, 0x01, 0x42, 0x01, 0x42,
  0x60, 0xfe, 0x5e, 0xfe, 0x5e, 0x37, 0x5a, 0x00, 0x00, 0x01, 0x00, 0xe2, 0xfe, 0x96, 0x02, 0x06,
  0x06, 0xb4, 0x00, 0x07, 0x00, 0x00, 0x01, 0x23, 0x11, 0x12, 0x21, 0x17, 0x06, 0x07, 0x01, 0x3b,
  0x59, 0x17, 0x01, 0x0c, 0x01, 0xb5, 0x16, 0xfe, 0x96, 0x07, 0x02, 0x01, 0x1c, 0x48, 0x06, 0xcb,
  0x00, 0x01, 0x00, 0x71, 0xfe, 0x96, 0x01, 0x95, 0x06, 0xb4, 0x00, 0x07, 0x00, 0x00, 0x01, 0x33,
  0x11, 0x02, 0x21, 0x35, 0x36, 0x37, 0x01, 0x3c, 0x59, 0x17, 0xfe, 0xf3, 0xb5, 0x16, 0x06, 0xb4,
  0xf8, 0xfe, 0xfe, 0xe4, 0x48, 0x06, 0xcb, 0x00, 0x00, 0x02, 0x00, 0x5a, 0xff, 0x1c, 0x03, 0x3c,
  0x05, 0xeb, 0x00, 0x0b, 0x00, 0x29, 0x00, 0x00, 0x00, 0x16, 0x15, 0x14, 0x06, 0x23, 0x22, 0x26,
  0x35, 0x34, 0x36, 0x33, 0x03, 0x21, 0x11, 0x23, 0x11, 0x23, 0x35, 0x33, 0x11, 0x36, 0x37, 0x36,
  0x33, 0x32, 0x17, 0x07, 0x26, 0x23, 0x22, 0x07, 0x06, 0x07, 0x11, 0x21, 0x11, 0x14, 0x07, 0x35,
  0x36, 0x35, 0x03, 0x07, 0x35, 0x35, 0x25, 0x25, 0x35, 0x35, 0x25, 0x2d, 0xfe, 0x63, 0x5a, 0x64,
  0x64, 0x06, 0x4f, 0x52, 0x6b, 0x38, 0x3e, 0x1c, 0x2a, 0x27, 0x47, 0x3f, 0x38, 0x03, 0x01, 0xf7,
  0xd3, 0x79, 0x05, 0x32, 0x34, 0x25, 0x26, 0x34, 0x34, 0x26, 0x25, 0x34, 0xfe, 0x4a, 0xfc, 0x84,
  0x03, 0x7c, 0x5a, 0x01, 0x0a, 0x6f, 0x50, 0x4c, 0x15, 0x50, 0x12, 0x39, 0x37, 0x4e, 0xfe, 0xfc,
  0xfc, 0x2a, 0xd3, 0x11, 0x5a, 0x0e, 0x7a, 0x00, 0x00, 0x01, 0x00, 0x5a, 0x00, 0x00, 0x04, 0x30,
  0x05, 0xeb, 0x00, 0x23, 0x00, 0x00, 0x01, 0x21, 0x11, 0x23, 0x11, 0x23, 0x35, 0x33, 0x11, 0x36,
  0x37, 0x36, 0x33, 0x32, 0x17, 0x07, 0x26, 0x23, 0x22, 0x07, 0x06, 0x07, 0x11, 0x21, 0x15, 0x36,
  0x37, 0x36, 0x37, 0x15, 0x06, 0x07, 0x06, 0x07, 0x11, 0x23, 0x02, 0xa1, 0xfe, 0x77, 0x5a, 0x64,
  0x64, 0x06, 0x4f, 0x52, 0x6b, 0x38, 0x3e, 0x1c, 0x2a, 0x27, 0x47, 0x3f, 0x38, 0x03, 0x01, 0xe3,
  0x1c, 0x25, 0x77, 0x7d, 0x55, 0x5b, 0x80, 0x05, 0x5a, 0x03, 0x7c, 0xfc, 0x84, 0x03, 0x7c, 0x5a,
  0x01, 0x0a, 0x6f, 0x50, 0x4c, 0x15, 0x50, 0x12, 0x39, 0x37, 0x4e, 0xfe, 0xfc, 0xb3, 0x28, 0x25,
  0x77, 0x06, 0x62, 0x04, 0x5b, 0x7f, 0xb2, 0xfe, 0x05, 0x00, 0x00, 0x00, 0x00, 0x02, 0x00, 0x14,
  0x00, 0x00, 0x03, 0x7d, 0x05, 0xeb, 0x00, 0x08, 0x00, 0x1d, 0x00, 0x00, 0x13, 0x21, 0x11, 0x26,
  0x23, 0x22, 0x07, 0x06, 0x07, 0x03, 0x11, 0x36, 0x37, 0x36, 0x33, 0x32, 0x17, 0x11, 0x33, 0x15,
  0x23, 0x11, 0x23, 0x11, 0x21, 0x11, 0x23, 0x11, 0x23, 0x35, 0xd2, 0x01, 0x89, 0x46, 0x50, 0x79,
  0x3f, 0x38, 0x03, 0x5a, 0x06, 0x4f, 0x52, 0x9d, 0x92, 0x67, 0xc8, 0xc8, 0x5a, 0xfe, 0x77, 0x5a,
  0x64, 0x03, 0xd6, 0x01, 0xac, 0x16, 0x39, 0x37, 0x4e, 0xfe, 0xfc, 0x01, 0x0a, 0x6f, 0x50, 0x4c,
  0x37, 0xfe, 0x22, 0x5a, 0xfc, 0x84, 0x03, 0x7c, 0xfc, 0x84, 0x03, 0x7c, 0x5a, 0x00, 0x00, 0x00,
  0x00, 0x01, 0x00, 0x5a, 0xfe, 0x89, 0x05, 0xad, 0x05, 0xeb, 0x00, 0x1f, 0x00, 0x00, 0x01, 0x21,
  0x11, 0x23, 0x11, 0x23, 0x35, 0x33, 0x11, 0x36, 0x37, 0x36, 0x33, 0x32, 0x17, 0x07, 0x26, 0x23,
  0x22, 0x07, 0x06, 0x07, 0x11, 0x21, 0x09, 0x01, 0x33, 0x01, 0x35, 0x03, 0x23, 0x01, 0x02, 0x81,
  0xfe, 0x97, 0x5a, 0x64, 0x64, 0x06, 0x4f, 0x52, 0x6b, 0x38, 0x3e, 0x1c, 0x2a, 0x27, 0x47, 0x3f,
  0x38, 0x03, 0x01, 0xa4, 0x01, 0x46, 0x01, 0x46, 0x65, 0xfe, 0x55, 0xde, 0x58, 0x01, 0x09, 0x03,
  0x7c, 0xfc, 0x84, 0x03, 0x7c, 0x5a, 0x01, 0x0a, 0x6f, 0x50, 0x4c, 0x15, 0x50, 0x12, 0x39, 0x37,
  0x4e, 0xfe, 0xfc, 0xfd, 0x40, 0x02, 0xc0, 0xfc, 0x81, 0x01, 0xfe, 0x31, 0x02, 0x2c, 0x00, 0x00,
  0x00, 0x01, 0x00, 0x5a, 0x00, 0x00, 0x06, 0x5a, 0x05, 0xeb, 0x00, 0x33, 0x00, 0x00, 0x01, 0x11,
  0x23, 0x11, 0x23, 0x35, 0x33, 0x11, 0x36, 0x37, 0x36, 0x33, 0x32, 0x17, 0x07, 0x26, 0x23, 0x22,
  0x07, 0x06, 0x07, 0x11, 0x21, 0x11, 0x36, 0x37, 0x36, 0x33, 0x32, 0x17, 0x07, 0x26, 0x23, 0x22,
  0x07, 0x06, 0x07, 0x11, 0x21, 0x11, 0x33, 0x11, 0x33, 0x15, 0x23, 0x11, 0x23, 0x11, 0x21, 0x11,
  0x23, 0x11, 0x01, 0x18, 0x5a, 0x64, 0x64, 0x06, 0x4f, 0x52, 0x6b, 0x38, 0x3e, 0x1c, 0x2a, 0x27,
  0x47, 0x3f, 0x38, 0x03, 0x01, 0xb1, 0x06, 0x4f, 0x52, 0x6b, 0x38, 0x3e, 0x1c, 0x2a, 0x27, 0x47,
  0x3f, 0x38, 0x03, 0x02, 0x15, 0x5a, 0xc8, 0xc8, 0x5a, 0xfd, 0xeb, 0x5a, 0x03, 0x7c, 0xfc, 0x84,
  0x03, 0x7c, 0x5a, 0x01, 0x0a, 0x6f, 0x50, 0x4c, 0x15, 0x50, 0x12, 0x39, 0x37, 0x4e, 0xfe, 0xfc,
  0x01, 0x0a, 0x6f, 0x50, 0x4c, 0x15, 0x50, 0x12, 0x39, 0x37, 0x4e, 0xfe, 0xfc, 0x01, 0xa2, 0xfe,
  0x5e, 0x5a, 0xfc, 0x84, 0x03, 0x7c, 0xfc, 0x84, 0x03, 0x7c, 0x00, 0x00, 0x00, 0x01, 0x00, 0x5a,
  0xfe, 0x89, 0x07, 0xb8, 0x05, 0xeb, 0x00, 0x33, 0x00, 0x00, 0x01, 0x11, 0x23, 0x11, 0x23, 0x35,
  0x33, 0x11, 0x36, 0x37, 0x36, 0x33, 0x32, 0x17, 0x07, 0x26, 0x23, 0x22, 0x07, 0x06, 0x07, 0x11,
  0x21, 0x11, 0x36, 0x37, 0x36, 0x33, 0x32, 0x17, 0x07, 0x26, 0x23, 0x22, 0x07, 0x06, 0x07, 0x11,
  0x21, 0x09, 0x01, 0x33, 0x01, 0x35, 0x03, 0x23, 0x09, 0x01, 0x21, 0x11, 0x23, 0x11, 0x01, 0x18,
  0x5a, 0x64, 0x64, 0x06, 0x4f, 0x52, 0x6b, 0x38, 0x3e, 0x1c, 0x2a, 0x27, 0x47, 0x3f, 0x38, 0x03,
  0x01, 0xb1, 0x06, 0x4f, 0x52, 0x6b, 0x38, 0x3e, 0x1c, 0x2a, 0x27, 0x47, 0x3f, 0x38, 0x03, 0x01,
  0xa4, 0x01, 0x46, 0x01, 0x46, 0x65, 0xfe, 0x55, 0xde, 0x58, 0x01, 0x09, 0xfe, 0xac, 0xfe, 0x97,
  0x5a, 0x03, 0x7c, 0xfc, 0x84, 0x03, 0x7c, 0x5a, 0x01, 0x0a, 0x6f, 0x50, 0x4c, 0x15, 0x50, 0x12,
  0x39, 0x37, 0x4e, 0xfe, 0xfc, 0x01, 0x0a, 0x6f, 0x50, 0x4c, 0x15, 0x50, 0x12, 0x39, 0x37, 0x4e,
  0xfe, 0xfc, 0xfd, 0x40, 0x02, 0xc0, 0xfc, 0x81, 0x01, 0xfe, 0x31, 0x02, 0x2c, 0x02, 0xc7, 0xfc,
  0x84, 0x03, 0x7c, 0x00, 0x00, 0x01, 0x00, 0x5a, 0xfe, 0x89, 0x08, 0x4b, 0x05, 0xeb, 0x00, 0x27,
  0x00, 0x00, 0x01, 0x11, 0x23, 0x11, 0x23, 0x35, 0x33, 0x11, 0x36, 0x37, 0x36, 0x33, 0x32, 0x17,
  0x07, 0x26, 0x23, 0x22, 0x07, 0x06, 0x07, 0x11, 0x21, 0x11, 0x33, 0x11, 0x21, 0x09, 0x01, 0x33,
  0x01, 0x35, 0x03, 0x23, 0x09, 0x01, 0x21, 0x11, 0x23, 0x11, 0x01, 0x18, 0x5a, 0x64, 0x64, 0x06,
  0x4f, 0x52, 0x6b, 0x38, 0x3e, 0x1c, 0x2a, 0x27, 0x47, 0x3f, 0x38, 0x03, 0x02, 0x15, 0x5a, 0x01,
  0xd3, 0x01, 0x46, 0x01, 0x46, 0x65, 0xfe, 0x55, 0xde, 0x58, 0x01, 0x09, 0xfe, 0xac, 0xfe, 0x68,
  0x5a, 0x03, 0x7c, 0xfc, 0x84, 0x03, 0x7c, 0x5a, 0x01, 0x0a, 0x6f, 0x50, 0x4c, 0x15, 0x50, 0x12,
  0x39, 0x37, 0x4e, 0xfe, 0xfc, 0x01, 0xa2, 0xfe, 0x5e, 0xfd, 0x40, 0x02, 0xc0, 0xfc, 0x81, 0x01,
  0xfe, 0x31, 0x02, 0x2c, 0x02, 0xc7, 0xfc, 0x84, 0x03, 0x7c, 0x00, 0x00, 0x00, 0x01, 0x00, 0x5a,
  0x00, 0x00, 0x04, 0xc3, 0x05, 0x78, 0x00, 0x17, 0x00, 0x00, 0x01, 0x21, 0x11, 0x23, 0x11, 0x23,
  0x35, 0x33, 0x11, 0x33, 0x11, 0x21, 0x15, 0x36, 0x37, 0x36, 0x37, 0x15, 0x06, 0x07, 0x06, 0x07,
  0x11, 0x23, 0x03, 0x34, 0xfe, 0x48, 0x5a, 0xc8, 0xc8, 0x5a, 0x02, 0x12, 0x1c, 0x25, 0x77, 0x7d,
  0x55, 0x5b, 0x80, 0x05, 0x5a, 0x03, 0x7c, 0xfc, 0x84, 0x03, 0x7c, 0x5a, 0x01, 0xa2, 0xfe, 0x5e,
  0xb3, 0x28, 0x25, 0x77, 0x06, 0x62, 0x04, 0x5b, 0x7f, 0xb2, 0xfe, 0x05, 0x00, 0x01, 0x00, 0x5a,
  0x00, 0x00, 0x04, 0xe2, 0x05, 0x78, 0x00, 0x13, 0x00, 0x00, 0x01, 0x11, 0x23, 0x11, 0x23, 0x35,
  0x33, 0x11, 0x33, 0x11, 0x21, 0x11, 0x33, 0x11, 0x33, 0x15, 0x23, 0x11, 0x23, 0x11, 0x01, 0x7c,
  0x5a, 0xc8, 0xc8, 0x5a, 0x02, 0x44, 0x5a, 0xc8, 0xc8, 0x5a, 0x03, 0x7c, 0xfc, 0x84, 0x03, 0x7c,
  0x5a, 0x01, 0xa2, 0xfe, 0x5e, 0x01, 0xa2, 0xfe, 0x5e, 0x5a, 0xfc, 0x84, 0x03, 0x7c, 0x00, 0x00,
  0x00, 0x01, 0x00, 0x5a, 0xfe, 0x89, 0x06, 0x40, 0x05, 0x78, 0x00, 0x14, 0x00, 0x00, 0x01, 0x21,
  0x11, 0x23, 0x11, 0x23, 0x35, 0x33, 0x11, 0x33, 0x11, 0x21, 0x15, 0x09, 0x01, 0x33, 0x01, 0x35,
  0x03, 0x23, 0x01, 0x03, 0x14, 0xfe, 0x68, 0x5a, 0xc8, 0xc8, 0x5a, 0x01, 0xd6, 0x01, 0x43, 0x01,
  0x46, 0x65, 0xfe, 0x55, 0xde, 0x58, 0x01, 0x09, 0x03, 0x7c, 0xfc, 0x84, 0x03, 0x7c, 0x5a, 0x01,
  0xa2, 0xfe, 0x5e, 0x06, 0xfd, 0x46, 0x02, 0xc0, 0xfc, 0x81, 0x01, 0xfe, 0x31, 0x02, 0x2c, 0x00,
  0x00, 0x01, 0x00, 0x5a, 0x00, 0x00, 0x05, 0xf9, 0x05, 0x78, 0x00, 0x0f, 0x00, 0x00, 0x01, 0x11,
  0x23, 0x11, 0x23, 0x35, 0x33, 0x11, 0x33, 0x11, 0x21, 0x01, 0x21, 0x15, 0x21, 0x01, 0x01, 0x7c,
  0x5a, 0xc8, 0xc8, 0x5a, 0x04, 0x57, 0xfd, 0xfd, 0x02, 0x29, 0xfd, 0x3b, 0x02, 0x02, 0x03, 0x7c,
  0xfc, 0x84, 0x03, 0x7c, 0x5a, 0x01, 0xa2, 0xfe, 0x5e, 0xfc, 0x85, 0x5b, 0x03, 0x7c, 0x00, 0x00,
  0x00, 0x03, 0x00, 0x5a, 0x00, 0x00, 0x03, 0x3c, 0x05, 0xeb, 0x00, 0x13, 0x00, 0x17, 0x00, 0x23,
  0x00, 0x00, 0x21, 0x23, 0x11, 0x23, 0x35, 0x33, 0x11, 0x36, 0x37, 0x36, 0x33, 0x32, 0x17, 0x07,
  0x26, 0x23, 0x22, 0x07, 0x06, 0x07, 0x01, 0x11, 0x23, 0x11, 0x12, 0x16, 0x15, 0x14, 0x06, 0x23,
  0x22, 0x26, 0x35, 0x34, 0x36, 0x33, 0x01, 0x18, 0x5a, 0x64, 0x64, 0x06, 0x4f, 0x52, 0x6b, 0x38,
  0x3e, 0x1c, 0x2a, 0x27, 0x47, 0x3f, 0x38, 0x03, 0x01, 0xf7, 0x5a, 0x52, 0x35, 0x35, 0x25, 0x25,
  0x35, 0x35, 0x25, 0x03, 0x7c, 0x5a, 0x01, 0x0a, 0x6f, 0x50, 0x4c, 0x15, 0x50, 0x12, 0x39, 0x37,
  0x4e, 0xfe, 0xfc, 0xfc, 0x2a, 0x03, 0xd6, 0x01, 0x5c, 0x34, 0x25, 0x26, 0x34, 0x34, 0x26, 0x25,
  0x34, 0x00, 0x00, 0x00, 0x00, 0x01, 0x00, 0x5a, 0x00, 0x00, 0x02, 0xfb, 0x05, 0xeb, 0x00, 0x15,
  0x00, 0x00, 0x01, 0x26, 0x23, 0x22, 0x07, 0x06, 0x07, 0x11, 0x23, 0x11, 0x23, 0x35, 0x33, 0x11,
  0x36, 0x37, 0x36, 0x33, 0x32, 0x17, 0x11, 0x23, 0x02, 0xa1, 0x46, 0x50, 0x79, 0x3f, 0x38, 0x03,
  0x5a, 0x64, 0x64, 0x06, 0x4f, 0x52, 0x9d, 0x92, 0x67, 0x5a, 0x05, 0x82, 0x16, 0x39, 0x37, 0x4e,
  0xfb, 0x26, 0x03, 0x7c, 0x5a, 0x01, 0x0a, 0x6f, 0x50, 0x4c, 0x37, 0xfa, 0x4c, 0x00, 0x00, 0x00,
  0x00, 0x01, 0x00, 0x5a, 0x00, 0x00, 0x04, 0x51, 0x05, 0xeb, 0x00, 0x2b, 0x00, 0x00, 0x01, 0x11,
  0x23, 0x11, 0x23, 0x35, 0x33, 0x11, 0x36, 0x37, 0x36, 0x33, 0x32, 0x17, 0x07, 0x26, 0x23, 0x22,
  0x07, 0x06, 0x07, 0x11, 0x21, 0x11, 0x36, 0x37, 0x36, 0x33, 0x32, 0x17, 0x07, 0x26, 0x23, 0x22,
  0x07, 0x06, 0x07, 0x11, 0x33, 0x15, 0x23, 0x11, 0x23, 0x11, 0x01, 0x18, 0x5a, 0x64, 0x64, 0x06,
  0x4f, 0x52, 0x6b, 0x38, 0x3e, 0x1c, 0x2a, 0x27, 0x47, 0x3f, 0x38, 0x03, 0x01, 0xb1, 0x06, 0x4f,
  0x52, 0x6b, 0x38, 0x3e, 0x1c, 0x2a, 0x27, 0x47, 0x3f, 0x38, 0x03, 0xc8, 0xc8, 0x5a, 0x03, 0x7c,
  0xfc, 0x84, 0x03, 0x7c, 0x5a, 0x01, 0x0a, 0x6f, 0x50, 0x4c, 0x15, 0x50, 0x12, 0x39, 0x37, 0x4e,
  0xfe, 0xfc, 0x01, 0x0a, 0x6f, 0x50, 0x4c, 0x15, 0x50, 0x12, 0x39, 0x37, 0x4e, 0xfe, 0xfc, 0x5a,
  0xfc, 0x84, 0x03, 0x7c, 0x00, 0x02, 0x00, 0x5a, 0x00, 0x00, 0x03, 0x3c, 0x05, 0xeb, 0x00, 0x0b,
  0x00, 0x25, 0x00, 0x00, 0x00, 0x16, 0x15, 0x14, 0x06, 0x23, 0x22, 0x26, 0x35, 0x34, 0x36, 0x33,
  0x03, 0x21, 0x11, 0x23, 0x11, 0x23, 0x35, 0x33, 0x11, 0x36, 0x37, 0x36, 0x33, 0x32, 0x17, 0x07,
  0x26, 0x23, 0x22, 0x07, 0x06, 0x07, 0x11, 0x21, 0x11, 0x23, 0x03, 0x07, 0x35, 0x35, 0x25, 0x25,
  0x35, 0x35, 0x25, 0x2d, 0xfe, 0x63, 0x5a, 0x64, 0x64, 0x06, 0x4f, 0x52, 0x6b, 0x38, 0x3e, 0x1c,
  0x2a, 0x27, 0x47, 0x3f, 0x38, 0x03, 0x01, 0xf7, 0x5a, 0x05, 0x32, 0x34, 0x25, 0x26, 0x34, 0x34,
  0x26, 0x25, 0x34, 0xfe, 0x4a, 0xfc, 0x84, 0x03, 0x7c, 0x5a, 0x01, 0x0a, 0x6f, 0x50, 0x4c, 0x15,
  0x50, 0x12, 0x39, 0x37, 0x4e, 0xfe, 0xfc, 0xfc, 0x2a, 0x00, 0x00, 0x00, 0x00, 0x01, 0x00, 0x5a,
  0x00, 0x00, 0x02, 0xfb, 0x05, 0xeb, 0x00, 0x19, 0x00, 0x00, 0x01, 0x26, 0x23, 0x22, 0x07, 0x06,
  0x07, 0x11, 0x33, 0x15, 0x23, 0x11, 0x23, 0x11, 0x23, 0x35, 0x33, 0x11, 0x36, 0x37, 0x36, 0x33,
  0x32, 0x17, 0x11, 0x23, 0x02, 0xa1, 0x46, 0x50, 0x79, 0x3f, 0x38, 0x03, 0xc8, 0xc8, 0x5a, 0x64,
  0x64, 0x06, 0x4f, 0x52, 0x9d, 0x92, 0x67, 0x5a, 0x05, 0x82, 0x16, 0x39, 0x37, 0x4e, 0xfe, 0xfc,
  0x5a, 0xfc, 0x84, 0x03, 0x7c, 0x5a, 0x01, 0x0a, 0x6f, 0x50, 0x4c, 0x37, 0xfa, 0x4c, 0x00, 0x00,
  0x00, 0x02, 0x00, 0x5a, 0x00, 0x00, 0x05, 0x47, 0x05, 0xeb, 0x00, 0x0b, 0x00, 0x39, 0x00, 0x00,
  0x00, 0x16, 0x15, 0x14, 0x06, 0x23, 0x22, 0x26, 0x35, 0x34, 0x36, 0x33, 0x01, 0x11, 0x23, 0x11,
  0x23, 0x35, 0x33, 0x11, 0x36, 0x37, 0x36, 0x33, 0x32, 0x17, 0x07, 0x26, 0x23, 0x22, 0x07, 0x06,
  0x07, 0x11, 0x21, 0x11, 0x36, 0x37, 0x36, 0x33, 0x32, 0x17, 0x07, 0x26, 0x23, 0x22, 0x07, 0x06,
  0x07, 0x11, 0x21, 0x11, 0x23, 0x11, 0x21, 0x11, 0x23, 0x11, 0x05, 0x12, 0x35, 0x35, 0x25, 0x25,
  0x35, 0x35, 0x25, 0xfc, 0x2b, 0x5a, 0x64, 0x64, 0x06, 0x4f, 0x52, 0x6b, 0x38, 0x3e, 0x1c, 0x2a,
  0x27, 0x47, 0x3f, 0x38, 0x03, 0x01, 0xb1, 0x06, 0x4f, 0x52, 0x6b, 0x38, 0x3e, 0x1c, 0x2a, 0x27,
  0x47, 0x3f, 0x38, 0x03, 0x01, 0xf7, 0x5a, 0xfe, 0x63, 0x5a, 0x05, 0x32, 0x34, 0x25, 0x26, 0x34,
  0x34, 0x26, 0x25, 0x34, 0xfe, 0x4a, 0xfc, 0x84, 0x03, 0x7c, 0x5a, 0x01, 0x0a, 0x6f, 0x50, 0x4c,
  0x15, 0x50, 0x12, 0x39, 0x37, 0x4e, 0xfe, 0xfc, 0x01, 0x0a, 0x6f, 0x50, 0x4c, 0x15, 0x50, 0x12,
  0x39, 0x37, 0x4e, 0xfe, 0xfc, 0xfc, 0x2a, 0x03, 0x7c, 0xfc, 0x84, 0x03, 0x7c, 0x00, 0x00, 0x00,
  0x00, 0x01, 0x00, 0x5a, 0x00, 0x00, 0x05, 0x06, 0x05, 0xeb, 0x00, 0x2d, 0x00, 0x00, 0x01, 0x11,
  0x23, 0x11, 0x23, 0x35, 0x33, 0x11, 0x36, 0x37, 0x36, 0x33, 0x32, 0x17, 0x07, 0x26, 0x23, 0x22,
  0x07, 0x06, 0x07, 0x11, 0x21, 0x11, 0x36, 0x37, 0x36, 0x33, 0x32, 0x17, 0x11, 0x23, 0x11, 0x26,
  0x23, 0x22, 0x07, 0x06, 0x07, 0x11, 0x33, 0x15, 0x23, 0x11, 0x23, 0x11, 0x01, 0x18, 0x5a, 0x64,
  0x64, 0x06, 0x4f, 0x52, 0x6b, 0x38, 0x3e, 0x1c, 0x2a, 0x27, 0x47, 0x3f, 0x38, 0x03, 0x01, 0xb1,
  0x06, 0x4f, 0x52, 0x9d, 0x92, 0x67, 0x5a, 0x46, 0x50, 0x79, 0x3f, 0x38, 0x03, 0xc8, 0xc8, 0x5a,
  0x03, 0x7c, 0xfc, 0x84, 0x03, 0x7c, 0x5a, 0x01, 0x0a, 0x6f, 0x50, 0x4c, 0x15, 0x50, 0x12, 0x39,
  0x37, 0x4e, 0xfe, 0xfc, 0x01, 0x0a, 0x6f, 0x50, 0x4c, 0x37, 0xfa, 0x4c, 0x05, 0x82, 0x16, 0x39,
  0x37, 0x4e, 0xfe, 0xfc, 0x5a, 0xfc, 0x84, 0x03, 0x7c, 0x00, 0x00, 0x00, 0x00, 0x01, 0x00, 0x14,
  0x00, 0x00, 0x03, 0x7d, 0x05, 0xeb, 0x00, 0x1d, 0x00, 0x00, 0x01, 0x23, 0x35, 0x33, 0x11, 0x26,
  0x23, 0x22, 0x07, 0x06, 0x07, 0x11, 0x23, 0x11, 0x23, 0x35, 0x33, 0x11, 0x36, 0x37, 0x36, 0x33,
  0x32, 0x17, 0x11, 0x33, 0x15, 0x23, 0x11, 0x23, 0x02, 0x5b, 0xc8, 0xc8, 0x46, 0x50, 0x79, 0x3f,
  0x38, 0x03, 0x5a, 0x64, 0x64, 0x06, 0x4f, 0x52, 0x9d, 0x92, 0x67, 0xc8, 0xc8, 0x5a, 0x03, 0x7c,
  0x5a, 0x01, 0xac, 0x16, 0x39, 0x37, 0x4e, 0xfb, 0x26, 0x03, 0x7c, 0x5a, 0x01, 0x0a, 0x6f, 0x50,
  0x4c, 0x37, 0xfe, 0x22, 0x5a, 0xfc, 0x84, 0x00, 0x00, 0x00, 0x00, 0x01, 0x00, 0x00, 0x1b, 0x1a,
  0x00, 0x01, 0x04, 0x82, 0x18, 0x00, 0x00, 0x0a, 0x03, 0x0c, 0x00, 0x03, 0x00, 0x24, 0xff, 0xec,
  0x00, 0x03, 0x00, 0x37, 0xff, 0xe7, 0x00, 0x03, 0x00, 0x39, 0xff, 0xb0, 0x00, 0x03, 0x00, 0x3a,
  0xff, 0xe7, 0x00, 0x03, 0x00, 0x3c, 0xff, 0xc4, 0x00, 0x03, 0x01, 0xfd, 0xff, 0x9c, 0x00, 0x03,
  0x02, 0x01, 0xff, 0x9c, 0x00, 0x0f, 0x00, 0x03, 0xff, 0xba, 0x00, 0x0f, 0x01, 0xfe, 0xff, 0x9c,
  0x00, 0x0f, 0x02, 0x02, 0xff, 0x9c, 0x00, 0x10, 0x00, 0x24, 0xff, 0xdc, 0x00, 0x10, 0x00, 0x2d,
  0xff, 0x90, 0x00, 0x10, 0x00, 0x36, 0xff, 0xb7, 0x00, 0x10, 0x00, 0x37, 0xff, 0x90, 0x00, 0x10,
  0x00, 0x39, 0xff, 0x90, 0x00, 0x10, 0x00, 0x3a, 0xff, 0x90, 0x00, 0x10, 0x00, 0x3b, 0xff, 0xb7,
  0x00, 0x10, 0x00, 0x3c, 0xff, 0x90, 0x00, 0x10, 0x00, 0x4d, 0x00, 0x26, 0x00, 0x10, 0x00, 0x57,
  0xff, 0xdc, 0x00, 0x10, 0x00, 0x59, 0xff, 0xb7, 0x00, 0x10, 0x00, 0x5a, 0xff, 0xb7, 0x00, 0x10,
  0x00, 0x5b, 0xff, 0xb7, 0x00, 0x10, 0x00, 0x81, 0xff, 0xdc, 0x00, 0x11, 0x00, 0x03, 0xff, 0xba,
  0x00, 0x11, 0x01, 0xfe, 0xff, 0x9c, 0x00, 0x11, 0x02, 0x02, 0xff, 0x9c, 0x00, 0x24, 0x00, 0x0f,
  0xff, 0xdc, 0x00, 0x24, 0x00, 0x10, 0xff, 0xdc, 0x00, 0x24, 0x00, 0x11, 0xff, 0xdc, 0x00, 0x24,
  0x00, 0x1d, 0xff, 0xdc, 0x00, 0x24, 0x00, 0x1e, 0xff, 0xdc, 0x00, 0x24, 0x00, 0x26, 0xff, 0xd8,
  0x00, 0x24, 0x00, 0x2a, 0xff, 0xd8, 0x00, 0x24, 0x00, 0x32, 0xff, 0xce, 0x00, 0x24, 0x00, 0x34,
  0xff, 0xd8, 0x00, 0x24, 0x00, 0x36, 0x00, 0x39, 0x00, 0x24, 0x00, 0x37, 0xff, 0xb7, 0x00, 0x24,
  0x00, 0x38, 0xff, 0xd8, 0x00, 0x24, 0x00, 0x39, 0xff, 0xc9, 0x00, 0x24, 0x00, 0x3a, 0xff, 0xc4,
  0x00, 0x24, 0x00, 0x3c, 0xff, 0xb7, 0x00, 0x24, 0x00, 0x58, 0xff, 0xec, 0x00, 0x24, 0x00, 0x59,
  0xff, 0xc1, 0x00, 0x24, 0x00, 0x5a, 0xff, 0xc9, 0x00, 0x24, 0x00, 0x5c, 0xff, 0xdc, 0x00, 0x24,
  0x00, 0x6c, 0xff, 0xb7, 0x00, 0x24, 0x01, 0xfd, 0xfe, 0xd3, 0x00, 0x24, 0x01, 0xfe, 0xff, 0x61,
  0x00, 0x24, 0x01, 0xff, 0x00, 0x97, 0x00, 0x24, 0x02, 0x01, 0xfe, 0xd3, 0x00, 0x24, 0x02, 0x02,
  0xff, 0x61, 0x00, 0x24, 0x02, 0x03, 0x00, 0x97, 0x00, 0x24, 0x02, 0x0b, 0xff, 0xb7, 0x00, 0x25,
  0x00, 0x0f, 0xff, 0xb7, 0x00, 0x25, 0x00, 0x11, 0xff, 0xb7, 0x00, 0x25, 0x00, 0x1d, 0xff, 0xb7,
  0x00, 0x25, 0x00, 0x1e, 0xff, 0xb7, 0x00, 0x25, 0x00, 0x24, 0xff, 0xf6, 0x00, 0x25, 0x01, 0xfd,
  0xff, 0xb7, 0x00, 0x25, 0x01, 0xff, 0xff, 0xdc, 0x00, 0x25, 0x02, 0x01, 0xff, 0xb7, 0x00, 0x25,
  0x02, 0x03, 0xff, 0xdc, 0x00, 0x26, 0x00, 0x0f, 0xff, 0xdc, 0x00, 0x26, 0x00, 0x11, 0xff, 0xdc,
  0x00, 0x26, 0x00, 0x1d, 0xff, 0xdc, 0x00, 0x26, 0x00, 0x1e, 0xff, 0xdc, 0x00, 0x26, 0x00, 0x24,
  0xff, 0xd8, 0x00, 0x26, 0x01, 0xfd, 0xff, 0xdc, 0x00, 0x26, 0x01, 0xfe, 0x00, 0x72, 0x00, 0x26,
  0x01, 0xff, 0xff, 0xc9, 0x00, 0x26, 0x02, 0x01, 0xff, 0xdc, 0x00, 0x26, 0x02, 0x02, 0x00, 0x72,
  0x00, 0x26, 0x02, 0x03, 0xff, 0xc9, 0x00, 0x27, 0x00, 0x0f, 0xff, 0x90, 0x00, 0x27, 0x00, 0x10,
  0x00, 0x26, 0x00, 0x27, 0x00, 0x11, 0xff, 0x90, 0x00, 0x27, 0x00, 0x1d, 0xff, 0xdc, 0x00, 0x27,
  0x00, 0x1e, 0xff, 0xdc, 0x00, 0x27, 0x00, 0x24, 0xff, 0xce, 0x00, 0x27, 0x00, 0x39, 0xff, 0xce,
  0x00, 0x27, 0x00, 0x3a, 0xff, 0xe2, 0x00, 0x27, 0x00, 0x3c, 0xff, 0xd3, 0x00, 0x27, 0x01, 0xfd,
  0xff, 0xdc, 0x00, 0x27, 0x01, 0xfe, 0x00, 0x39, 0x00, 0x27, 0x01, 0xff, 0xff, 0x90, 0x00, 0x27,
  0x02, 0x01, 0xff, 0xdc, 0x00, 0x27, 0x02, 0x02, 0x00, 0x39, 0x00, 0x27, 0x02, 0x03, 0xff, 0x90,
  0x00, 0x28, 0x00, 0x0f, 0xff, 0xdc, 0x00, 0x28, 0x00, 0x10, 0xff, 0xdc, 0x00, 0x28, 0x00, 0x11,
  0xff, 0xdc, 0x00, 0x28, 0x00, 0x1d, 0xff, 0xb7, 0x00, 0x28, 0x00, 0x1e, 0xff, 0xb7, 0x00, 0x28,
  0x00, 0x6c, 0xff, 0xdc, 0x00, 0x28, 0x00, 0x7a, 0xff, 0xdc, 0x00, 0x28, 0x02, 0x0b, 0xff, 0xdc,
  0x00, 0x28, 0x02, 0x0c, 0xff, 0xdc, 0x00, 0x29, 0x00, 0x0f, 0xfe, 0xf8, 0x00, 0x29, 0x00, 0x10,
  0xff, 0xc9, 0x00, 0x29, 0x00, 0x11, 0xfe, 0xf8, 0x00, 0x29, 0x00, 0x1d, 0xff, 0x90, 0x00, 0x29,
  0x00, 0x1e, 0xff, 0x90, 0x00, 0x29, 0x00, 0x24, 0xff, 0xa4, 0x00, 0x29, 0x00, 0x36, 0xff, 0xb7,
  0x00, 0x29, 0x00, 0x44, 0xff, 0xd3, 0x00, 0x29, 0x00, 0x48, 0xff, 0xd3, 0x00, 0x29, 0x00, 0x4c,
  0xff, 0xdc, 0x00, 0x29, 0x00, 0x52, 0xff, 0xd3, 0x00, 0x29, 0x00, 0x55, 0xff, 0xdc, 0x00, 0x29,
  0x00, 0x58, 0xff, 0xdc, 0x00, 0x29, 0x00, 0x5c, 0xff, 0xd3, 0x00, 0x29, 0x00, 0x6c, 0xff, 0xb7,
  0x00, 0x29, 0x00, 0x7a, 0xff, 0xb7, 0x00, 0x29, 0x00, 0x81, 0xff, 0xa4, 0x00, 0x29, 0x00, 0xa2,
  0xff, 0xd3, 0x00, 0x29, 0x00, 0xb4, 0xff, 0xd3, 0x00, 0x29, 0x01, 0xff, 0xff, 0x0d, 0x00, 0x29,
  0x02, 0x03, 0xff, 0x0d, 0x00, 0x29, 0x02, 0x0b, 0xff, 0xb7, 0x00, 0x29, 0x02, 0x0c, 0xff, 0xb7,
  0x00, 0x29, 0x01, 0x0e, 0xff, 0xd3, 0x00, 0x2a, 0x00, 0x0f, 0xff, 0xb7, 0x00, 0x2a, 0x00, 0x11,
  0xff, 0xb7, 0x00, 0x2a, 0x00, 0x1d, 0xff, 0xdc, 0x00, 0x2a, 0x00, 0x1e, 0xff, 0xdc, 0x00, 0x2a,
  0x00, 0x3c, 0xff, 0xf1, 0x00, 0x2a, 0x01, 0xfd, 0xff, 0xdc, 0x00, 0x2a, 0x01, 0xfe, 0x00, 0x2f,
  0x00, 0x2a, 0x01, 0xff, 0xff, 0x90, 0x00, 0x2a, 0x02, 0x01, 0xff, 0xdc, 0x00, 0x2a, 0x02, 0x02,
  0x00, 0x2f, 0x00, 0x2a, 0x02, 0x03, 0xff, 0x90, 0x00, 0x2b, 0x00, 0x0f, 0xff, 0xdc, 0x00, 0x2b,
  0x00, 0x11, 0xff, 0xdc, 0x00, 0x2b, 0x00, 0x1d, 0xff, 0xdc, 0x00, 0x2b, 0x00, 0x1e, 0xff, 0xdc,
  0x00, 0x2b, 0x01, 0xfe, 0x00, 0x26, 0x00, 0x2b, 0x02, 0x02, 0x00, 0x26, 0x00, 0x2c, 0x00, 0x0f,
  0xff, 0xdc, 0x00, 0x2c, 0x00, 0x11, 0xff, 0xdc, 0x00, 0x2c, 0x00, 0x1d, 0xff, 0xdc, 0x00, 0x2c,
  0x00, 0x1e, 0xff, 0xdc, 0x00, 0x2c, 0x01, 0xfe, 0x00, 0x26, 0x00, 0x2c, 0x02, 0x02, 0x00, 0x26,
  0x00, 0x2d, 0x00, 0x0f, 0xff, 0xb7, 0x00, 0x2d, 0x00, 0x11, 0xff, 0xb7, 0x00, 0x2d, 0x00, 0x1d,
  0xff, 0xdc, 0x00, 0x2d, 0x00, 0x1e, 0xff, 0xdc, 0x00, 0x2d, 0x00, 0x24, 0xff, 0xe2, 0x00, 0x2d,
  0x00, 0x44, 0xff, 0xec, 0x00, 0x2d, 0x01, 0xfe, 0x00, 0x26, 0x00, 0x2d, 0x01, 0xff, 0xff, 0xc9,
  0x00, 0x2d, 0x02, 0x02, 0x00, 0x26, 0x00, 0x2d, 0x02, 0x03, 0xff, 0xc9, 0x00, 0x2e, 0x00, 0x0f,
  0xff, 0xdc, 0x00, 0x2e, 0x00, 0x10, 0xff, 0x90, 0x00, 0x2e, 0x00, 0x11, 0xff, 0xdc, 0x00, 0x2e,
  0x00, 0x1d, 0xff, 0xdc, 0x00, 0x2e, 0x00, 0x1e, 0xff, 0xdc, 0x00, 0x2e, 0x00, 0x26, 0xff, 0xa4,
  0x00, 0x2e, 0x00, 0x32, 0xff, 0xa4, 0x00, 0x2e, 0x00, 0x3a, 0xff, 0xdc, 0x00, 0x2e, 0x00, 0x3c,
  0xff, 0xdc, 0x00, 0x2e, 0x00, 0x44, 0xff, 0xb7, 0x00, 0x2e, 0x00, 0x48, 0xff, 0xb7, 0x00, 0x2e,
  0x00, 0x52, 0xff, 0xb7, 0x00, 0x2e, 0x00, 0x58, 0xff, 0xc9, 0x00, 0x2e, 0x00, 0x5c, 0xff, 0xb7,
  0x00, 0x2e, 0x00, 0x6c, 0xff, 0x44, 0x00, 0x2e, 0x00, 0x7a, 0xff, 0x90, 0x00, 0x2e, 0x00, 0x94,
  0xff, 0xa4, 0x00, 0x2e, 0x00, 0xa2, 0xff, 0xb7, 0x00, 0x2e, 0x00, 0xb4, 0xff, 0xb7, 0x00, 0x2e,
  0x01, 0xfd, 0x00, 0x26, 0x00, 0x2e, 0x01, 0xfe, 0x00, 0x26, 0x00, 0x2e, 0x01, 0xff, 0x00, 0x4b,
  0x00, 0x2e, 0x02, 0x01, 0x00, 0x26, 0x00, 0x2e, 0x02, 0x02, 0x00, 0x26, 0x00, 0x2e, 0x02, 0x03,
  0x00, 0x4b, 0x00, 0x2e, 0x02, 0x0b, 0xff, 0x44, 0x00, 0x2e, 0x02, 0x0c, 0xff, 0x90, 0x00, 0x2e,
  0x01, 0x0d, 0xff, 0xa4, 0x00, 0x2e, 0x01, 0x0e, 0xff, 0xb7, 0x00, 0x2f, 0x00, 0x0f, 0xff, 0xb7,
  0x00, 0x2f, 0x00, 0x10, 0xff, 0x6b, 0x00, 0x2f, 0x00, 0x11, 0xff, 0xb7, 0x00, 0x2f, 0x00, 0x1d,
  0xff, 0xdc, 0x00, 0x2f, 0x00, 0x1e, 0xff, 0xdc, 0x00, 0x2f, 0x00, 0x32, 0xff, 0xb7, 0x00, 0x2f,
  0x00, 0x37, 0xff, 0xad, 0x00, 0x2f, 0x00, 0x38, 0xff, 0xdc, 0x00, 0x2f, 0x00, 0x39, 0xff, 0x44,
  0x00, 0x2f, 0x00, 0x3a, 0xff, 0x88, 0x00, 0x2f, 0x00, 0x3c, 0xff, 0x90, 0x00, 0x2f, 0x00, 0x44,
  0xff, 0xc1, 0x00, 0x2f, 0x00, 0x48, 0xff, 0xc1, 0x00, 0x2f, 0x00, 0x52, 0xff, 0xc1, 0x00, 0x2f,
  0x00, 0x58, 0xff, 0xc1, 0x00, 0x2f, 0x00, 0x5c, 0xff, 0x90, 0x00, 0x2f, 0x00, 0x6c, 0xff, 0x44,
  0x00, 0x2f, 0x00, 0x7a, 0xff, 0x90, 0x00, 0x2f, 0x00, 0x94, 0xff, 0xb7, 0x00, 0x2f, 0x00, 0xa2,
  0xff, 0xc1, 0x00, 0x2f, 0x00, 0xb4, 0xff, 0xc1, 0x00, 0x2f, 0x01, 0xfd, 0xff, 0x1f, 0x00, 0x2f,
  0x01, 0xfe, 0xff, 0x1f, 0x00, 0x2f, 0x01, 0xff, 0x00, 0x26, 0x00, 0x2f, 0x02, 0x01, 0xff, 0x1f,
  0x00, 0x2f, 0x02, 0x02, 0xff, 0x1f, 0x00, 0x2f, 0x02, 0x03, 0x00, 0x26, 0x00, 0x2f, 0x02, 0x0b,
  0xff, 0x44, 0x00, 0x2f, 0x02, 0x0c, 0xff, 0x90, 0x00, 0x2f, 0x01, 0x0d, 0xff, 0xb7, 0x00, 0x2f,
  0x01, 0x0e, 0xff, 0xc1, 0x00, 0x30, 0x00, 0x0f, 0xff, 0xdc, 0x00, 0x30, 0x00, 0x11, 0xff, 0xdc,
  0x00, 0x30, 0x00, 0x1d, 0xff, 0xdc, 0x00, 0x30, 0x00, 0x1e, 0xff, 0xdc, 0x00, 0x30, 0x01, 0xfe,
  0x00, 0x26, 0x00, 0x30, 0x02, 0x02, 0x00, 0x26, 0x00, 0x31, 0x00, 0x0f, 0xff, 0xdc, 0x00, 0x31,
  0x00, 0x11, 0xff, 0xdc, 0x00, 0x31, 0x00, 0x1d, 0xff, 0xdc, 0x00, 0x31, 0x00, 0x1e, 0xff, 0xdc,
  0x00, 0x31, 0x01, 0xfe, 0x00, 0x26, 0x00, 0x31, 0x02, 0x02, 0x00, 0x26, 0x00, 0x32, 0x00, 0x0f,
  0xff, 0x90, 0x00, 0x32, 0x00, 0x11, 0xff, 0x90, 0x00, 0x32, 0x00, 0x1d, 0xff, 0xdc, 0x00, 0x32,
  0x00, 0x1e, 0xff, 0xdc, 0x00, 0x32, 0x00, 0x24, 0xff, 0xc4, 0x00, 0x32, 0x00, 0x37, 0xff, 0xb7,
  0x00, 0x32, 0x00, 0x39, 0xff, 0xd3, 0x00, 0x32, 0x00, 0x3a, 0xff, 0xec, 0x00, 0x32, 0x00, 0x3b,
  0xff, 0xc9, 0x00, 0x32, 0x00, 0x3c, 0xff, 0xd8, 0x00, 0x32, 0x01, 0xfd, 0xff, 0xdc, 0x00, 0x32,
  0x01, 0xfe, 0x00, 0x39, 0x00, 0x32, 0x01, 0xff, 0xff, 0x90, 0x00, 0x32, 0x02, 0x01, 0xff, 0xdc,
  0x00, 0x32, 0x02, 0x02, 0x00, 0x39, 0x00, 0x32, 0x02, 0x03, 0xff, 0x90, 0x00, 0x33, 0x00, 0x0f,
  0xfe, 0x3c, 0x00, 0x33, 0x00, 0x10, 0xff, 0x6b, 0x00, 0x33, 0x00, 0x11, 0xfe, 0x3c, 0x00, 0x33,
  0x00, 0x1d, 0xff, 0xb7, 0x00, 0x33, 0x00, 0x1e, 0xff, 0xb7, 0x00, 0x33, 0x00, 0x24, 0xff, 0x7d,
  0x00, 0x33, 0x00, 0x44, 0xff, 0xa4, 0x00, 0x33, 0x00, 0x48, 0xff, 0xa4, 0x00, 0x33, 0x00, 0x4c,
  0xff, 0xdc, 0x00, 0x33, 0x00, 0x51, 0xff, 0xdc, 0x00, 0x33, 0x00, 0x52, 0xff, 0xa4, 0x00, 0x33,
  0x00, 0x55, 0xff, 0xdc, 0x00, 0x33, 0x00, 0x56, 0xff, 0xc9, 0x00, 0x33, 0x00, 0x58, 0xff, 0xdc,
  0x00, 0x33, 0x00, 0x6c, 0xff, 0x6b, 0x00, 0x33, 0x00, 0x7a, 0xff, 0x90, 0x00, 0x33, 0x00, 0x81,
  0xff, 0x7d, 0x00, 0x33, 0x00, 0xa2, 0xff, 0xa4, 0x00, 0x33, 0x00, 0xb4, 0xff, 0xa4, 0x00, 0x33,
  0x01, 0xfe, 0x00, 0x39, 0x00, 0x33, 0x01, 0xff, 0xfe, 0xd3, 0x00, 0x33, 0x02, 0x02, 0x00, 0x39,
  0x00, 0x33, 0x02, 0x03, 0xfe, 0xd3, 0x00, 0x33, 0x02, 0x0b, 0xff, 0x6b, 0x00, 0x33, 0x02, 0x0c,
  0xff, 0x90, 0x00, 0x33, 0x01, 0x0e, 0xff, 0xa4, 0x00, 0x34, 0x00, 0x0f, 0xff, 0xdc, 0x00, 0x34,
  0x00, 0x11, 0xff, 0xdc, 0x00, 0x34, 0x01, 0xfd, 0xff, 0xdc, 0x00, 0x34, 0x01, 0xfe, 0x00, 0x39,
  0x00, 0x34, 0x01, 0xff, 0x00, 0x26, 0x00, 0x34, 0x02, 0x01, 0xff, 0xdc, 0x00, 0x34, 0x02, 0x02,
  0x00, 0x39, 0x00, 0x34, 0x02, 0x03, 0x00, 0x26, 0x00, 0x35, 0x00, 0x0f, 0xff, 0x90, 0x00, 0x35,
  0x00, 0x10, 0xff, 0xb7, 0x00, 0x35, 0x00, 0x11, 0xff, 0x90, 0x00, 0x35, 0x00, 0x1d, 0xff, 0xdc,
  0x00, 0x35, 0x00, 0x1e, 0xff, 0xdc, 0x00, 0x35, 0x00, 0x37, 0x00, 0x0f, 0x00, 0x35, 0x00, 0x39,
  0xff, 0xf6, 0x00, 0x35, 0x00, 0x3a, 0x00, 0x0a, 0x00, 0x35, 0x00, 0x3c, 0xff, 0xf6, 0x00, 0x35,
  0x00, 0x44, 0xff, 0xdc, 0x00, 0x35, 0x00, 0x48, 0xff, 0xdc, 0x00, 0x35, 0x00, 0x52, 0xff, 0xdc,
  0x00, 0x35, 0x00, 0x6c, 0xff, 0x90, 0x00, 0x35, 0x00, 0x7a, 0xff, 0xb7, 0x00, 0x35, 0x00, 0xa2,
  0xff, 0xdc, 0x00, 0x35, 0x00, 0xb4, 0xff, 0xdc, 0x00, 0x35, 0x01, 0xfd, 0xff, 0xb7, 0x00, 0x35,
  0x01, 0xfe, 0x00, 0x2f, 0x00, 0x35, 0x02, 0x01, 0xff, 0xb7, 0x00, 0x35, 0x02, 0x02, 0x00, 0x2f,
  0x00, 0x35, 0x02, 0x0b, 0xff, 0x90, 0x00, 0x35, 0x02, 0x0c, 0xff, 0xb7, 0x00, 0x35, 0x01, 0x0e,
  0xff, 0xdc, 0x00, 0x36, 0x00, 0x0f, 0xff, 0xb7, 0x00, 0x36, 0x00, 0x10, 0x00, 0x26, 0x00, 0x36,
  0x00, 0x11, 0xff, 0xb7, 0x00, 0x36, 0x00, 0x1d, 0xff, 0xdc, 0x00, 0x36, 0x00, 0x1e, 0xff, 0xdc,
  0x00, 0x36, 0x01, 0xfd, 0xff, 0xdc, 0x00, 0x36, 0x01, 0xfe, 0x00, 0x39, 0x00, 0x36, 0x01, 0xff,
  0xff, 0xdc, 0x00, 0x36, 0x02, 0x01, 0xff, 0xdc, 0x00, 0x36, 0x02, 0x02, 0x00, 0x39, 0x00, 0x36,
  0x02, 0x03, 0xff, 0xdc, 0x00, 0x37, 0x00, 0x0f, 0xff, 0x6b, 0x00, 0x37, 0x00, 0x10, 0xff, 0x90,
  0x00, 0x37, 0x00, 0x11, 0xff, 0x6b, 0x00, 0x37, 0x00, 0x1d, 0xff, 0xb7, 0x00, 0x37, 0x00, 0x1e,
  0xff, 0xb7, 0x00, 0x37, 0x00, 0x24, 0xff, 0xb7, 0x00, 0x37, 0x00, 0x26, 0xff, 0xb7, 0x00, 0x37,
  0x00, 0x32, 0xff, 0xb7, 0x00, 0x37, 0x00, 0x44, 0xff, 0xad, 0x00, 0x37, 0x00, 0x46, 0xff, 0xad,
  0x00, 0x37, 0x00, 0x48, 0xff, 0xad, 0x00, 0x37, 0x00, 0x52, 0xff, 0xad, 0x00, 0x37, 0x00, 0x55,
  0xff, 0xd3, 0x00, 0x37, 0x00, 0x56, 0xff, 0xc1, 0x00, 0x37, 0x00, 0x58, 0xff, 0xd3, 0x00, 0x37,
  0x00, 0x5a, 0xff, 0xd3, 0x00, 0x37, 0x00, 0x5c, 0xff, 0xdc, 0x00, 0x37, 0x00, 0x6c, 0xff, 0x6b,
  0x00, 0x37, 0x00, 0x7a, 0xff, 0x90, 0x00, 0x37, 0x00, 0x81, 0xff, 0xb7, 0x00, 0x37, 0x00, 0x94,
  0xff, 0xb7, 0x00, 0x37, 0x00, 0xa2, 0xff, 0xad, 0x00, 0x37, 0x00, 0xb4, 0xff, 0xad, 0x00, 0x37,
  0x01, 0xfd, 0x00, 0x4b, 0x00, 0x37, 0x01, 0xfe, 0x00, 0x26, 0x00, 0x37, 0x01, 0xff, 0xff, 0xb7,
  0x00, 0x37, 0x02, 0x01, 0x00, 0x4b, 0x00, 0x37, 0x02, 0x02, 0x00, 0x26, 0x00, 0x37, 0x02, 0x03,
  0xff, 0xb7, 0x00, 0x37, 0x02, 0x0b, 0xff, 0x6b, 0x00, 0x37, 0x02, 0x0c, 0xff, 0x90, 0x00, 0x37,
  0x01, 0x0d, 0xff, 0xb7, 0x00, 0x37, 0x01, 0x0e, 0xff, 0xad, 0x00, 0x38, 0x00, 0x0f, 0xff, 0xb7,
  0x00, 0x38, 0x00, 0x11, 0xff, 0xb7, 0x00, 0x38, 0x00, 0x24, 0xff, 0xd8, 0x00, 0x38, 0x00, 0x6c,
  0xff, 0xdc, 0x00, 0x38, 0x00, 0x7a, 0xff, 0xc9, 0x00, 0x38, 0x01, 0xfe, 0x00, 0x26, 0x00, 0x38,
  0x01, 0xff, 0xff, 0xdc, 0x00, 0x38, 0x02, 0x02, 0x00, 0x26, 0x00, 0x38, 0x02, 0x03, 0xff, 0xdc,
  0x00, 0x38, 0x02, 0x0b, 0xff, 0xdc, 0x00, 0x38, 0x02, 0x0c, 0xff, 0xc9, 0x00, 0x39, 0x00, 0x0f,
  0xff, 0x1f, 0x00, 0x39, 0x00, 0x10, 0xff, 0x90, 0x00, 0x39, 0x00, 0x11, 0xff, 0x1f, 0x00, 0x39,
  0x00, 0x1d, 0xff, 0xb7, 0x00, 0x39, 0x00, 0x1e, 0xff, 0xb7, 0x00, 0x39, 0x00, 0x24, 0xff, 0xc9,
  0x00, 0x39, 0x00, 0x2a, 0xff, 0xec, 0x00, 0x39, 0x00, 0x32, 0xff, 0xd3, 0x00, 0x39, 0x00, 0x44,
  0xff, 0x90, 0x00, 0x39, 0x00, 0x48, 0xff, 0x90, 0x00, 0x39, 0x00, 0x4c, 0xff, 0xdd, 0x00, 0x39,
  0x00, 0x52, 0xff, 0x90, 0x00, 0x39, 0x00, 0x58, 0xff, 0xc1, 0x00, 0x39, 0x00, 0x5c, 0xff, 0xdc,
  0x00, 0x39, 0x00, 0x6c, 0xff, 0x44, 0x00, 0x39, 0x00, 0x7a, 0xff, 0x6b, 0x00, 0x39, 0x00, 0x81,
  0xff, 0xc9, 0x00, 0x39, 0x00, 0xa2, 0xff, 0x90, 0x00, 0x39, 0x00, 0xb4, 0xff, 0x90, 0x00, 0x39,
  0x01, 0xfd, 0x00, 0x72, 0x00, 0x39, 0x01, 0xfe, 0x00, 0x72, 0x00, 0x39, 0x01, 0xff, 0xff, 0x44,
  0x00, 0x39, 0x02, 0x01, 0x00, 0x72, 0x00, 0x39, 0x02, 0x02, 0x00, 0x72, 0x00, 0x39, 0x02, 0x03,
  0xff, 0x44, 0x00, 0x39, 0x02, 0x0b, 0xff, 0x44, 0x00, 0x39, 0x02, 0x0c, 0xff, 0x6b, 0x00, 0x39,
  0x01, 0x0e, 0xff, 0x90, 0x00, 0x3a, 0x00, 0x0f, 0xff, 0x6b, 0x00, 0x3a, 0x00, 0x10, 0xff, 0x90,
  0x00, 0x3a, 0x00, 0x11, 0xff, 0x6b, 0x00, 0x3a, 0x00, 0x1d, 0xff, 0xdc, 0x00, 0x3a, 0x00, 0x1e,
  0xff, 0xdc, 0x00, 0x3a, 0x00, 0x24, 0xff, 0xc6, 0x00, 0x3a, 0x00, 0x32, 0xff, 0xec, 0x00, 0x3a,
  0x00, 0x44, 0xff, 0xb7, 0x00, 0x3a, 0x00, 0x48, 0xff, 0xb7, 0x00, 0x3a, 0x00, 0x4c, 0xff, 0xf6,
  0x00, 0x3a, 0x00, 0x52, 0xff, 0xb7, 0x00, 0x3a, 0x00, 0x55, 0xff, 0xdc, 0x00, 0x3a, 0x00, 0x58,
  0xff, 0xc9, 0x00, 0x3a, 0x00, 0x5c, 0xff, 0xec, 0x00, 0x3a, 0x00, 0x6c, 0xff, 0x6b, 0x00, 0x3a,
  0x00, 0x7a, 0xff, 0x90, 0x00, 0x3a, 0x00, 0xa2, 0xff, 0xb7, 0x00, 0x3a, 0x00, 0xb4, 0xff, 0xb7,
  0x00, 0x3a, 0x01, 0xfd, 0x00, 0x72, 0x00, 0x3a, 0x01, 0xfe, 0x00, 0x72, 0x00, 0x3a, 0x01, 0xff,
  0xff, 0x6b, 0x00, 0x3a, 0x02, 0x01, 0x00, 0x72, 0x00, 0x3a, 0x02, 0x02, 0x00, 0x72, 0x00, 0x3a,
  0x02, 0x03, 0xff, 0x6b, 0x00, 0x3a, 0x02, 0x0b, 0xff, 0x6b, 0x00, 0x3a, 0x02, 0x0c, 0xff, 0x90,
  0x00, 0x3a, 0x01, 0x0e, 0xff, 0xb7, 0x00, 0x3b, 0x00, 0x0f, 0xff, 0xdc, 0x00, 0x3b, 0x00, 0x10,
  0xff, 0xb7, 0x00, 0x3b, 0x00, 0x11, 0xff, 0xdc, 0x00, 0x3b, 0x00, 0x1d, 0xff, 0xdc, 0x00, 0x3b,
  0x00, 0x1e, 0xff, 0xdc, 0x00, 0x3b, 0x00, 0x26, 0xff, 0xc9, 0x00, 0x3b, 0x00, 0x32, 0xff, 0xc9,
  0x00, 0x3b, 0x00, 0x48, 0xff, 0xdc, 0x00, 0x3b, 0x00, 0x6c, 0xff, 0x44, 0x00, 0x3b, 0x00, 0x7a,
  0xff, 0xb7, 0x00, 0x3b, 0x00, 0x94, 0xff, 0xc9, 0x00, 0x3b, 0x01, 0xfd, 0x00, 0x26, 0x00, 0x3b,
  0x01, 0xfe, 0x00, 0x26, 0x00, 0x3b, 0x01, 0xff, 0x00, 0x5e, 0x00, 0x3b, 0x02, 0x01, 0x00, 0x26,
  0x00, 0x3b, 0x02, 0x02, 0x00, 0x26, 0x00, 0x3b, 0x02, 0x03, 0x00, 0x5e, 0x00, 0x3b, 0x02, 0x0b,
  0xff, 0x44, 0x00, 0x3b, 0x02, 0x0c, 0xff, 0xb7, 0x00, 0x3b, 0x01, 0x0d, 0xff, 0xc9, 0x00, 0x3c,
  0x00, 0x0f, 0xff, 0x1f, 0x00, 0x3c, 0x00, 0x10, 0xff, 0x90, 0x00, 0x3c, 0x00, 0x11, 0xff, 0x1f,
  0x00, 0x3c, 0x00, 0x1d, 0xff, 0xb7, 0x00, 0x3c, 0x00, 0x1e, 0xff, 0xb7, 0x00, 0x3c, 0x00, 0x24,
  0xff, 0xb7, 0x00, 0x3c, 0x00, 0x32, 0xff, 0xd8, 0x00, 0x3c, 0x00, 0x44, 0xff, 0x75, 0x00, 0x3c,
  0x00, 0x48, 0xff, 0x75, 0x00, 0x3c, 0x00, 0x4c, 0xff, 0xf1, 0x00, 0x3c, 0x00, 0x52, 0xff, 0x75,
  0x00, 0x3c, 0x00, 0x58, 0xff, 0x9a, 0x00, 0x3c, 0x00, 0x6c, 0xff, 0x1f, 0x00, 0x3c, 0x00, 0x7a,
  0xff, 0x6b, 0x00, 0x3c, 0x00, 0x81, 0xff, 0xb7, 0x00, 0x3c, 0x00, 0xa2, 0xff, 0x75, 0x00, 0x3c,
  0x00, 0xb4, 0xff, 0x75, 0x00, 0x3c, 0x01, 0xfd, 0x00, 0x72, 0x00, 0x3c, 0x01, 0xfe, 0x00, 0x5e,
  0x00, 0x3c, 0x01, 0xff, 0xff, 0x6b, 0x00, 0x3c, 0x02, 0x01, 0x00, 0x72, 0x00, 0x3c, 0x02, 0x02,
  0x00, 0x5e, 0x00, 0x3c, 0x02, 0x03, 0xff, 0x6b, 0x00, 0x3c, 0x02, 0x0b, 0xff, 0x1f, 0x00, 0x3c,
  0x02, 0x0c, 0xff, 0x6b, 0x00, 0x3c, 0x01, 0x0e, 0xff, 0x75, 0x00, 0x3d, 0x00, 0x0f, 0xff, 0xb7,
  0x00, 0x3d, 0x00, 0x10, 0xff, 0x6b, 0x00, 0x3d, 0x00, 0x11, 0xff, 0xb7, 0x00, 0x3d, 0x00, 0x6c,
  0xff, 0x44, 0x00, 0x3d, 0x00, 0x7a, 0xff, 0xb7, 0x00, 0x3d, 0x01, 0xfe, 0x00, 0x39, 0x00, 0x3d,
  0x01, 0xff, 0x00, 0x4b, 0x00, 0x3d, 0x02, 0x02, 0x00, 0x39, 0x00, 0x3d, 0x02, 0x03, 0x00, 0x4b,
  0x00, 0x3d, 0x02, 0x0b, 0xff, 0x44, 0x00, 0x3d, 0x02, 0x0c, 0xff, 0xb7, 0x00, 0x44, 0x00, 0x0f,
  0xff, 0xdc, 0x00, 0x44, 0x00, 0x11, 0xff, 0xdc, 0x00, 0x44, 0x00, 0x45, 0x00, 0x05, 0x00, 0x44,
  0x00, 0x53, 0x00, 0x14, 0x00, 0x44, 0x00, 0x57, 0x00, 0x05, 0x00, 0x44, 0x00, 0x6c, 0xff, 0xdc,
  0x00, 0x44, 0x01, 0xfd, 0xff, 0xdc, 0x00, 0x44, 0x01, 0xfe, 0x00, 0x26, 0x00, 0x44, 0x02, 0x01,
  0xff, 0xdc, 0x00, 0x44, 0x02, 0x02, 0x00, 0x26, 0x00, 0x44, 0x02, 0x0b, 0xff, 0xdc, 0x00, 0x45,
  0x00, 0x0f, 0xff, 0xb7, 0x00, 0x45, 0x00, 0x11, 0xff, 0xb7, 0x00, 0x45, 0x00, 0x1d, 0xff, 0xdc,
  0x00, 0x45, 0x00, 0x1e, 0xff, 0xdc, 0x00, 0x45, 0x00, 0x58, 0xff, 0xf6, 0x00, 0x45, 0x00, 0x59,
  0xff, 0xec, 0x00, 0x45, 0x00, 0x5c, 0xff, 0xec, 0x00, 0x45, 0x00, 0x7a, 0xff, 0xdc, 0x00, 0x45,
  0x01, 0xfd, 0xff, 0x6b, 0x00, 0x45, 0x02, 0x01, 0xff, 0x6b, 0x00, 0x45, 0x02, 0x0c, 0xff, 0xdc,
  0x00, 0x46, 0x00, 0x0f, 0xff, 0xb7, 0x00, 0x46, 0x00, 0x11, 0xff, 0xb7, 0x00, 0x46, 0x00, 0x1d,
  0xff, 0xdc, 0x00, 0x46, 0x00, 0x1e, 0xff, 0xdc, 0x00, 0x46, 0x00, 0x4e, 0xff, 0xf1, 0x00, 0x46,
  0x00, 0x5c, 0xff, 0xec, 0x00, 0x46, 0x00, 0x6c, 0xff, 0xdc, 0x00, 0x46, 0x00, 0x7a, 0xff, 0xdc,
  0x00, 0x46, 0x01, 0xfd, 0xff, 0x6b, 0x00, 0x46, 0x02, 0x01, 0xff, 0x6b, 0x00, 0x46, 0x02, 0x0b,
  0xff, 0xdc, 0x00, 0x46, 0x02, 0x0c, 0xff, 0xdc, 0x00, 0x47, 0x00, 0x0f, 0xff, 0xdc, 0x00, 0x47,
  0x00, 0x11, 0xff, 0xdc, 0x00, 0x47, 0x00, 0x6c, 0xff, 0xdc, 0x00, 0x47, 0x01, 0xfe, 0x00, 0x4b,
  0x00, 0x47, 0x02, 0x02, 0x00, 0x4b, 0x00, 0x47, 0x02, 0x0b, 0xff, 0xdc, 0x00, 0x48, 0x00, 0x0f,
  0xff, 0xb7, 0x00, 0x48, 0x00, 0x11, 0xff, 0xb7, 0x00, 0x48, 0x00, 0x1d, 0xff, 0xdc, 0x00, 0x48,
  0x00, 0x1e, 0xff, 0xdc, 0x00, 0x48, 0x00, 0x59, 0xff, 0xec, 0x00, 0x48, 0x00, 0x5a, 0xff, 0xec,
  0x00, 0x48, 0x00, 0x5c, 0xff, 0xec, 0x00, 0x48, 0x00, 0x7a, 0xff, 0xdc, 0x00, 0x48, 0x01, 0xfd,
  0xff, 0x6b, 0x00, 0x48, 0x02, 0x01, 0xff, 0x6b, 0x00, 0x48, 0x02, 0x0c, 0xff, 0xdc, 0x00, 0x49,
  0x00, 0x0f, 0xff, 0x6b, 0x00, 0x49, 0x00, 0x10, 0xff, 0xdc, 0x00, 0x49, 0x00, 0x11, 0xff, 0x6b,
  0x00, 0x49, 0x00, 0x44, 0xff, 0xec, 0x00, 0x49, 0x00, 0x49, 0xff, 0xf1, 0x00, 0x49, 0x00, 0x4c,
  0xff, 0xe2, 0x00, 0x49, 0x00, 0x4f, 0xff, 0xe2, 0x00, 0x49, 0x00, 0x52, 0xff, 0xec, 0x00, 0x49,
  0x00, 0x6c, 0xff, 0x90, 0x00, 0x49, 0x00, 0x7a, 0xff, 0xb7, 0x00, 0x49, 0x00, 0xec, 0xff, 0xe2,
  0x00, 0x49, 0x01, 0xfd, 0x00, 0x4b, 0x00, 0x49, 0x01, 0xfe, 0x00, 0x97, 0x00, 0x49, 0x02, 0x01,
  0x00, 0x4b, 0x00, 0x49, 0x02, 0x02, 0x00, 0x97, 0x00, 0x49, 0x02, 0x0b, 0xff, 0x90, 0x00, 0x49,
  0x02, 0x0c, 0xff, 0xb7, 0x00, 0x4a, 0x00, 0x0f, 0xff, 0xdc, 0x00, 0x4a, 0x00, 0x11, 0xff, 0xdc,
  0x00, 0x4a, 0x00, 0x44, 0xff, 0xf1, 0x00, 0x4a, 0x00, 0x6c, 0xff, 0xdc, 0x00, 0x4a, 0x01, 0xfd,
  0xff, 0xdc, 0x00, 0x4a, 0x01, 0xfe, 0x00, 0x26, 0x00, 0x4a, 0x02, 0x01, 0xff, 0xdc, 0x00, 0x4a,
  0x02, 0x02, 0x00, 0x26, 0x00, 0x4a, 0x02, 0x0b, 0xff, 0xdc, 0x00, 0x4b, 0x00, 0x0f, 0xff, 0xdc,
  0x00, 0x4b, 0x00, 0x11, 0xff, 0xdc, 0x00, 0x4b, 0x00, 0x5c, 0xff, 0xe2, 0x00, 0x4b, 0x00, 0x6c,
  0xff, 0xdc, 0x00, 0x4b, 0x01, 0xfd, 0xff, 0x90, 0x00, 0x4b, 0x02, 0x01, 0xff, 0x90, 0x00, 0x4b,
  0x02, 0x0b, 0xff, 0xdc, 0x00, 0x4c, 0x00, 0x0f, 0xff, 0xdc, 0x00, 0x4c, 0x00, 0x11, 0xff, 0xdc,
  0x00, 0x4c, 0x00, 0x6c, 0xff, 0xdc, 0x00, 0x4c, 0x01, 0xfe, 0x00, 0x4b, 0x00, 0x4c, 0x02, 0x02,
  0x00, 0x4b, 0x00, 0x4c, 0x02, 0x0b, 0xff, 0xdc, 0x00, 0x4d, 0x00, 0x0f, 0xff, 0xdc, 0x00, 0x4d,
  0x00, 0x11, 0xff, 0xdc, 0x00, 0x4d, 0x00, 0x6c, 0xff, 0xdc, 0x00, 0x4d, 0x01, 0xfe, 0x00, 0x4b,
  0x00, 0x4d, 0x02, 0x02, 0x00, 0x4b, 0x00, 0x4d, 0x02, 0x0b, 0xff, 0xdc, 0x00, 0x4e, 0x00, 0x0f,
  0xff, 0xdc, 0x00, 0x4e, 0x00, 0x10, 0xff, 0xb7, 0x00, 0x4e, 0x00, 0x11, 0xff, 0xdc, 0x00, 0x4e,
  0x00, 0x44, 0xff, 0xdc, 0x00, 0x4e, 0x00, 0x48, 0xff, 0xdc, 0x00, 0x4e, 0x00, 0x52, 0xff, 0xdc,
  0x00, 0x4e, 0x00, 0x5c, 0xff, 0xe7, 0x00, 0x4e, 0x00, 0x6c, 0xff, 0x90, 0x00, 0x4e, 0x00, 0x7a,
  0xff, 0xdc, 0x00, 0x4e, 0x00, 0xa2, 0xff, 0xdc, 0x00, 0x4e, 0x00, 0xb4, 0xff, 0xdc, 0x00, 0x4e,
  0x01, 0xfd, 0xff, 0xdc, 0x00, 0x4e, 0x01, 0xfe, 0x00, 0x4b, 0x00, 0x4e, 0x02, 0x01, 0xff, 0xdc,
  0x00, 0x4e, 0x02, 0x02, 0x00, 0x4b, 0x00, 0x4e, 0x02, 0x0b, 0xff, 0x90, 0x00, 0x4e, 0x02, 0x0c,
  0xff, 0xdc, 0x00, 0x4e, 0x01, 0x0e, 0xff, 0xdc, 0x00, 0x4f, 0x00, 0x0f, 0xff, 0xdc, 0x00, 0x4f,
  0x00, 0x11, 0xff, 0xdc, 0x00, 0x4f, 0x00, 0x5a, 0xff, 0xec, 0x00, 0x4f, 0x00, 0x6c, 0xff, 0xdc,
  0x00, 0x4f, 0x01, 0xfe, 0x00, 0x4b, 0x00, 0x4f, 0x02, 0x02, 0x00, 0x4b, 0x00, 0x4f, 0x02, 0x0b,
  0xff, 0xdc, 0x00, 0x50, 0x00, 0x0f, 0xff, 0xdc, 0x00, 0x50, 0x00, 0x11, 0xff, 0xdc, 0x00, 0x50,
  0x00, 0x58, 0xff, 0xec, 0x00, 0x50, 0x00, 0x5c, 0xff, 0xec, 0x00, 0x50, 0x00, 0x6c, 0xff, 0xdc,
  0x00, 0x50, 0x01, 0xfd, 0xff, 0x90, 0x00, 0x50, 0x02, 0x01, 0xff, 0x90, 0x00, 0x50, 0x02, 0x0b,
  0xff, 0xdc, 0x00, 0x51, 0x00, 0x0f, 0xff, 0xdc, 0x00, 0x51, 0x00, 0x11, 0xff, 0xdc, 0x00, 0x51,
  0x00, 0x58, 0xff, 0xf1, 0x00, 0x51, 0x00, 0x59, 0xff, 0xe2, 0x00, 0x51, 0x00, 0x5c, 0xff, 0xf1,
  0x00, 0x51, 0x00, 0x6c, 0xff, 0xdc, 0x00, 0x51, 0x01, 0xfd, 0xff, 0x90, 0x00, 0x51, 0x02, 0x01,
  0xff, 0x90, 0x00, 0x51, 0x02, 0x0b, 0xff, 0xdc, 0x00, 0x52, 0x00, 0x0f, 0xff, 0xb7, 0x00, 0x52,
  0x00, 0x11, 0xff, 0xb7, 0x00, 0x52, 0x00, 0x1d, 0xff, 0xdc, 0x00, 0x52, 0x00, 0x1e, 0xff, 0xdc,
  0x00, 0x52, 0x00, 0x59, 0xff, 0xe2, 0x00, 0x52, 0x00, 0x5a, 0xff, 0xec, 0x00, 0x52, 0x00, 0x5b,
  0xff, 0xf1, 0x00, 0x52, 0x00, 0x5c, 0xff, 0xec, 0x00, 0x52, 0x00, 0x7a, 0xff, 0xdc, 0x00, 0x52,
  0x01, 0xfd, 0xff, 0x6b, 0x00, 0x52, 0x02, 0x01, 0xff, 0x6b, 0x00, 0x52, 0x02, 0x0c, 0xff, 0xdc,
  0x00, 0x53, 0x00, 0x0f, 0xff, 0xb7, 0x00, 0x53, 0x00, 0x11, 0xff, 0xb7, 0x00, 0x53, 0x00, 0x1d,
  0xff, 0xdc, 0x00, 0x53, 0x00, 0x1e, 0xff, 0xdc, 0x00, 0x53, 0x00, 0x5c, 0xff, 0xec, 0x00, 0x53,
  0x00, 0x7a, 0xff, 0xdc, 0x00, 0x53, 0x01, 0xfd, 0xff, 0x6b, 0x00, 0x53, 0x02, 0x01, 0xff, 0x6b,
  0x00, 0x53, 0x02, 0x0c, 0xff, 0xdc, 0x00, 0x54, 0x00, 0x0f, 0xff, 0xdc, 0x00, 0x54, 0x00, 0x11,
  0xff, 0xdc, 0x00, 0x54, 0x00, 0x6c, 0xff, 0xdc, 0x00, 0x54, 0x01, 0xfd, 0xff, 0xdc, 0x00, 0x54,
  0x01, 0xfe, 0x00, 0x4b, 0x00, 0x54, 0x02, 0x01, 0xff, 0xdc, 0x00, 0x54, 0x02, 0x02, 0x00, 0x4b,
  0x00, 0x54, 0x02, 0x0b, 0xff, 0xdc, 0x00, 0x55, 0x00, 0x0f, 0xff, 0x6b, 0x00, 0x55, 0x00, 0x10,
  0xff, 0xdc, 0x00, 0x55, 0x00, 0x11, 0xff, 0x6b, 0x00, 0x55, 0x00, 0x46, 0xff, 0xf9, 0x00, 0x55,
  0x00, 0x47, 0xff, 0xfa, 0x00, 0x55, 0x00, 0x48, 0xff, 0xfc, 0x00, 0x55, 0x00, 0x49, 0x00, 0x4b,
  0x00, 0x55, 0x00, 0x4a, 0x00, 0x01, 0x00, 0x55, 0x00, 0x4c, 0x00, 0x14, 0x00, 0x55, 0x00, 0x4e,
  0x00, 0x14, 0x00, 0x55, 0x00, 0x4f, 0x00, 0x14, 0x00, 0x55, 0x00, 0x50, 0x00, 0x1c, 0x00, 0x55,
  0x00, 0x51, 0x00, 0x15, 0x00, 0x55, 0x00, 0x52, 0xff, 0xec, 0x00, 0x55, 0x00, 0x53, 0x00, 0x14,
  0x00, 0x55, 0x00, 0x54, 0xff, 0xf8, 0x00, 0x55, 0x00, 0x56, 0x00, 0x14, 0x00, 0x55, 0x00, 0x57,
  0x00, 0x28, 0x00, 0x55, 0x00, 0x58, 0x00, 0x14, 0x00, 0x55, 0x00, 0x59, 0x00, 0x4b, 0x00, 0x55,
  0x00, 0x5a, 0x00, 0x4b, 0x00, 0x55, 0x00, 0x5b, 0x00, 0x4b, 0x00, 0x55, 0x00, 0x5c, 0x00, 0x72,
  0x00, 0x55, 0x00, 0x5d, 0x00, 0x26, 0x00, 0x55, 0x00, 0x6c, 0xff, 0x90, 0x00, 0x55, 0x00, 0x7a,
  0xff, 0xdc, 0x00, 0x55, 0x01, 0xfe, 0x00, 0x97, 0x00, 0x55, 0x02, 0x02, 0x00, 0x97, 0x00, 0x55,
  0x02, 0x0b, 0xff, 0x90, 0x00, 0x55, 0x02, 0x0c, 0xff, 0xdc, 0x00, 0x55, 0x02, 0x3a, 0x00, 0x4b,
  0x00, 0x55, 0x02, 0x3b, 0x00, 0x4b, 0x00, 0x56, 0x00, 0x0f, 0xff, 0xb7, 0x00, 0x56, 0x00, 0x11,
  0xff, 0xb7, 0x00, 0x56, 0x00, 0x57, 0x00, 0x0f, 0x00, 0x56, 0x01, 0xfd, 0xff, 0x90, 0x00, 0x56,
  0x01, 0xfe, 0x00, 0x26, 0x00, 0x56, 0x02, 0x01, 0xff, 0x90, 0x00, 0x56, 0x02, 0x02, 0x00, 0x26,
  0x00, 0x57, 0x00, 0x0f, 0xff, 0x90, 0x00, 0x57, 0x00, 0x10, 0xff, 0xdc, 0x00, 0x57, 0x00, 0x11,
  0xff, 0x90, 0x00, 0x57, 0x00, 0x6c, 0xff, 0xb7, 0x00, 0x57, 0x00, 0x7a, 0xff, 0xc9, 0x00, 0x57,
  0x01, 0xfd, 0x00, 0x26, 0x00, 0x57, 0x01, 0xfe, 0x00, 0x72, 0x00, 0x57, 0x02, 0x01, 0x00, 0x26,
  0x00, 0x57, 0x02, 0x02, 0x00, 0x72, 0x00, 0x57, 0x02, 0x0b, 0xff, 0xb7, 0x00, 0x57, 0x02, 0x0c,
  0xff, 0xc9, 0x00, 0x58, 0x00, 0x0f, 0xff, 0xdc, 0x00, 0x58, 0x00, 0x11, 0xff, 0xdc, 0x00, 0x58,
  0x00, 0x5d, 0x00, 0x0f, 0x00, 0x58, 0x00, 0x6c, 0xff, 0xdc, 0x00, 0x58, 0x01, 0xfd, 0xff, 0xb7,
  0x00, 0x58, 0x01, 0xfe, 0x00, 0x4b, 0x00, 0x58, 0x02, 0x01, 0xff, 0xb7, 0x00, 0x58, 0x02, 0x02,
  0x00, 0x4b, 0x00, 0x58, 0x02, 0x0b, 0xff, 0xdc, 0x00, 0x59, 0x00, 0x0f, 0xff, 0x1f, 0x00, 0x59,
  0x00, 0x10, 0xff, 0xb7, 0x00, 0x59, 0x00, 0x11, 0xff, 0x1f, 0x00, 0x59, 0x00, 0x1d, 0xff, 0xdc,
  0x00, 0x59, 0x00, 0x1e, 0xff, 0xdc, 0x00, 0x59, 0x00, 0x44, 0xff, 0xe2, 0x00, 0x59, 0x00, 0x48,
  0xff, 0xec, 0x00, 0x59, 0x00, 0x52, 0xff, 0xec, 0x00, 0x59, 0x00, 0x6c, 0xff, 0x90, 0x00, 0x59,
  0x00, 0x7a, 0xff, 0xb7, 0x00, 0x59, 0x01, 0xfe, 0x00, 0x72, 0x00, 0x59, 0x02, 0x02, 0x00, 0x72,
  0x00, 0x59, 0x02, 0x0b, 0xff, 0x90, 0x00, 0x59, 0x02, 0x0c, 0xff, 0xb7, 0x00, 0x5a, 0x00, 0x0f,
  0xff, 0x6b, 0x00, 0x5a, 0x00, 0x10, 0xff, 0xb7, 0x00, 0x5a, 0x00, 0x11, 0xff, 0x6b, 0x00, 0x5a,
  0x00, 0x1d, 0xff, 0xdc, 0x00, 0x5a, 0x00, 0x1e, 0xff, 0xdc, 0x00, 0x5a, 0x00, 0x44, 0xff, 0xe2,
  0x00, 0x5a, 0x00, 0x48, 0xff, 0xec, 0x00, 0x5a, 0x00, 0x4b, 0x00, 0x0f, 0x00, 0x5a, 0x00, 0x52,
  0xff, 0xe2, 0x00, 0x5a, 0x00, 0x6c, 0xff, 0x90, 0x00, 0x5a, 0x00, 0x7a, 0xff, 0xb7, 0x00, 0x5a,
  0x01, 0xfe, 0x00, 0x72, 0x00, 0x5a, 0x02, 0x02, 0x00, 0x72, 0x00, 0x5a, 0x02, 0x0b, 0xff, 0x90,
  0x00, 0x5a, 0x02, 0x0c, 0xff, 0xb7, 0x00, 0x5b, 0x00, 0x0f, 0xff, 0xdc, 0x00, 0x5b, 0x00, 0x10,
  0xff, 0xb7, 0x00, 0x5b, 0x00, 0x11, 0xff, 0xdc, 0x00, 0x5b, 0x00, 0x1d, 0xff, 0xdc, 0x00, 0x5b,
  0x00, 0x1e, 0xff, 0xdc, 0x00, 0x5b, 0x00, 0x4c, 0x00, 0x0f, 0x00, 0x5b, 0x00, 0x6c, 0xff, 0x90,
  0x00, 0x5b, 0x00, 0x7a, 0xff, 0xb7, 0x00, 0x5b, 0x01, 0xfe, 0x00, 0x72, 0x00, 0x5b, 0x02, 0x02,
  0x00, 0x72, 0x00, 0x5b, 0x02, 0x0b, 0xff, 0x90, 0x00, 0x5b, 0x02, 0x0c, 0xff, 0xb7, 0x00, 0x5c,
  0x00, 0x0f, 0xff, 0x44, 0x00, 0x5c, 0x00, 0x10, 0xff, 0xdc, 0x00, 0x5c, 0x00, 0x11, 0xff, 0x44,
  0x00, 0x5c, 0x00, 0x44, 0xff, 0xe2, 0x00, 0x5c, 0x00, 0x48, 0xff, 0xec, 0x00, 0x5c, 0x00, 0x52,
  0xff, 0xe2, 0x00, 0x5c, 0x00, 0x6c, 0xff, 0xb7, 0x00, 0x5c, 0x00, 0x7a, 0xff, 0xdc, 0x00, 0x5c,
  0x01, 0xfd, 0x00, 0x26, 0x00, 0x5c, 0x01, 0xfe, 0x00, 0x97, 0x00, 0x5c, 0x02, 0x01, 0x00, 0x26,
  0x00, 0x5c, 0x02, 0x02, 0x00, 0x97, 0x00, 0x5c, 0x02, 0x0b, 0xff, 0xb7, 0x00, 0x5c, 0x02, 0x0c,
  0xff, 0xdc, 0x00, 0x5d, 0x00, 0x0f, 0xff, 0xb7, 0x00, 0x5d, 0x00, 0x10, 0xff, 0xdc, 0x00, 0x5d,
  0x00, 0x11, 0xff, 0xb7, 0x00, 0x5d, 0x00, 0x1d, 0xff, 0xdc, 0x00, 0x5d, 0x00, 0x1e, 0xff, 0xdc,
  0x00, 0x5d, 0x00, 0x6c, 0xff, 0x6b, 0x00, 0x5d, 0x00, 0x7a, 0xff, 0xdc, 0x00, 0x5d, 0x01, 0xfd,
  0xff, 0xdc, 0x00, 0x5d, 0x01, 0xfe, 0x00, 0x4b, 0x00, 0x5d, 0x02, 0x01, 0xff, 0xdc, 0x00, 0x5d,
  0x02, 0x02, 0x00, 0x4b, 0x00, 0x5d, 0x02, 0x0b, 0xff, 0x6b, 0x00, 0x5d, 0x02, 0x0c, 0xff, 0xdc,
  0x00, 0x6c, 0x00, 0x2d, 0xff, 0xdc, 0x00, 0x6c, 0x00, 0x37, 0xff, 0x90, 0x00, 0x6c, 0x00, 0x38,
  0xff, 0xc9, 0x00, 0x6c, 0x00, 0x39, 0xff, 0x6b, 0x00, 0x6c, 0x00, 0x3a, 0xff, 0x90, 0x00, 0x6c,
  0x00, 0x3b, 0xff, 0xb7, 0x00, 0x6c, 0x00, 0x3c, 0xff, 0x6b, 0x00, 0x6c, 0x00, 0x3d, 0xff, 0xdc,
  0x00, 0x6c, 0x00, 0x44, 0xff, 0xdc, 0x00, 0x6c, 0x00, 0x46, 0xff, 0xdc, 0x00, 0x6c, 0x00, 0x47,
  0xff, 0xdc, 0x00, 0x6c, 0x00, 0x48, 0xff, 0xdc, 0x00, 0x6c, 0x00, 0x49, 0xff, 0xdc, 0x00, 0x6c,
  0x00, 0x4a, 0xff, 0xdc, 0x00, 0x6c, 0x00, 0x4d, 0x00, 0x26, 0x00, 0x6c, 0x00, 0x52, 0xff, 0xdc,
  0x00, 0x6c, 0x00, 0x57, 0xff, 0xc9, 0x00, 0x6c, 0x00, 0x59, 0xff, 0xb7, 0x00, 0x6c, 0x00, 0x5a,
  0xff, 0xb7, 0x00, 0x6c, 0x00, 0x5b, 0xff, 0xb7, 0x00, 0x6c, 0x00, 0xa2, 0xff, 0xdc, 0x00, 0x6c,
  0x00, 0xb4, 0xff, 0xdc, 0x00, 0x6c, 0x00, 0xcd, 0xff, 0xdc, 0x00, 0x6c, 0x01, 0x0e, 0xff, 0xdc,
  0x00, 0x6c, 0x02, 0x3a, 0xff, 0xdc, 0x00, 0x6c, 0x02, 0x3b, 0xff, 0xdc, 0x00, 0x7a, 0x00, 0x24,
  0xff, 0xb7, 0x00, 0x7a, 0x00, 0x2d, 0xff, 0xb7, 0x00, 0x7a, 0x00, 0x36, 0xff, 0xb7, 0x00, 0x7a,
  0x00, 0x37, 0xff, 0x6b, 0x00, 0x7a, 0x00, 0x38, 0xff, 0xdc, 0x00, 0x7a, 0x00, 0x39, 0xff, 0x44,
  0x00, 0x7a, 0x00, 0x3a, 0xff, 0x6b, 0x00, 0x7a, 0x00, 0x3b, 0xff, 0x44, 0x00, 0x7a, 0x00, 0x3c,
  0xff, 0x1f, 0x00, 0x7a, 0x00, 0x3d, 0xff, 0xb7, 0x00, 0x7a, 0x00, 0x45, 0xff, 0xdc, 0x00, 0x7a,
  0x00, 0x49, 0xff, 0xdc, 0x00, 0x7a, 0x00, 0x4b, 0xff, 0xdc, 0x00, 0x7a, 0x00, 0x4c, 0xff, 0xdc,
  0x00, 0x7a, 0x00, 0x4e, 0xff, 0xdc, 0x00, 0x7a, 0x00, 0x4f, 0xff, 0xdc, 0x00, 0x7a, 0x00, 0x50,
  0xff, 0xdc, 0x00, 0x7a, 0x00, 0x51, 0xff, 0xdc, 0x00, 0x7a, 0x00, 0x53, 0xff, 0xdc, 0x00, 0x7a,
  0x00, 0x55, 0xff, 0xdc, 0x00, 0x7a, 0x00, 0x57, 0xff, 0xb7, 0x00, 0x7a, 0x00, 0x58, 0xff, 0xdc,
  0x00, 0x7a, 0x00, 0x59, 0xff, 0x90, 0x00, 0x7a, 0x00, 0x5a, 0xff, 0x90, 0x00, 0x7a, 0x00, 0x5b,
  0xff, 0x90, 0x00, 0x7a, 0x00, 0x5c, 0xff, 0xc9, 0x00, 0x7a, 0x00, 0x5d, 0xff, 0xb7, 0x00, 0x7a,
  0x00, 0x81, 0xff, 0xb7, 0x00, 0x7a, 0x02, 0x3a, 0xff, 0xdc, 0x00, 0x7a, 0x02, 0x3b, 0xff, 0xdc,
  0x00, 0x81, 0x00, 0x0f, 0xff, 0xdc, 0x00, 0x81, 0x00, 0x10, 0xff, 0xdc, 0x00, 0x81, 0x00, 0x11,
  0xff, 0xdc, 0x00, 0x81, 0x00, 0x1d, 0xff, 0xdc, 0x00, 0x81, 0x00, 0x1e, 0xff, 0xdc, 0x00, 0x81,
  0x00, 0x36, 0x00, 0x39, 0x00, 0x81, 0x00, 0x37, 0xff, 0xb7, 0x00, 0x81, 0x00, 0x39, 0xff, 0xc9,
  0x00, 0x81, 0x00, 0x3c, 0xff, 0xb7, 0x00, 0x81, 0x00, 0x59, 0xff, 0xc1, 0x00, 0x81, 0x00, 0x5a,
  0xff, 0xc9, 0x00, 0x81, 0x00, 0x5c, 0xff, 0xdc, 0x00, 0x81, 0x00, 0x6c, 0xff, 0xb7, 0x00, 0x81,
  0x01, 0xfd, 0xfe, 0xd3, 0x00, 0x81, 0x01, 0xfe, 0xff, 0x61, 0x00, 0x81, 0x01, 0xff, 0x00, 0x97,
  0x00, 0x81, 0x02, 0x01, 0xfe, 0xd3, 0x00, 0x81, 0x02, 0x02, 0xff, 0x61, 0x00, 0x81, 0x02, 0x03,
  0x00, 0x97, 0x00, 0x81, 0x02, 0x0b, 0xff, 0xb7, 0x00, 0x82, 0x00, 0x0f, 0xff, 0xdc, 0x00, 0x82,
  0x00, 0x10, 0xff, 0xdc, 0x00, 0x82, 0x00, 0x11, 0xff, 0xdc, 0x00, 0x82, 0x00, 0x1d, 0xff, 0xb7,
  0x00, 0x82, 0x00, 0x1e, 0xff, 0xb7, 0x00, 0x82, 0x00, 0x6c, 0xff, 0xdc, 0x00, 0x82, 0x00, 0x7a,
  0xff, 0xdc, 0x00, 0x82, 0x02, 0x0b, 0xff, 0xdc, 0x00, 0x82, 0x02, 0x0c, 0xff, 0xdc, 0x00, 0x8c,
  0x00, 0x0f, 0xff, 0x90, 0x00, 0x8c, 0x00, 0x10, 0x00, 0x26, 0x00, 0x8c, 0x00, 0x11, 0xff, 0x90,
  0x00, 0x8c, 0x00, 0x1d, 0xff, 0xdc, 0x00, 0x8c, 0x00, 0x1e, 0xff, 0xdc, 0x00, 0x8c, 0x01, 0xfd,
  0xff, 0xdc, 0x00, 0x8c, 0x01, 0xfe, 0x00, 0x39, 0x00, 0x8c, 0x01, 0xff, 0xff, 0x90, 0x00, 0x8c,
  0x02, 0x01, 0xff, 0xdc, 0x00, 0x8c, 0x02, 0x02, 0x00, 0x39, 0x00, 0x8c, 0x02, 0x03, 0xff, 0x90,
  0x00, 0x94, 0x00, 0x0f, 0xff, 0x90, 0x00, 0x94, 0x00, 0x11, 0xff, 0x90, 0x00, 0x94, 0x00, 0x1d,
  0xff, 0xdc, 0x00, 0x94, 0x00, 0x1e, 0xff, 0xdc, 0x00, 0x94, 0x00, 0x37, 0xff, 0xb7, 0x00, 0x94,
  0x00, 0x3b, 0xff, 0xc9, 0x00, 0x94, 0x01, 0xfd, 0xff, 0xdc, 0x00, 0x94, 0x01, 0xfe, 0x00, 0x39,
  0x00, 0x94, 0x01, 0xff, 0xff, 0x90, 0x00, 0x94, 0x02, 0x01, 0xff, 0xdc, 0x00, 0x94, 0x02, 0x02,
  0x00, 0x39, 0x00, 0x94, 0x02, 0x03, 0xff, 0x90, 0x00, 0xa1, 0x00, 0x0f, 0xff, 0xdc, 0x00, 0xa1,
  0x00, 0x11, 0xff, 0xdc, 0x00, 0xa1, 0x00, 0x6c, 0xff, 0xdc, 0x00, 0xa1, 0x01, 0xfd, 0xff, 0xdc,
  0x00, 0xa1, 0x01, 0xfe, 0x00, 0x26, 0x00, 0xa1, 0x02, 0x01, 0xff, 0xdc, 0x00, 0xa1, 0x02, 0x02,
  0x00, 0x26, 0x00, 0xa1, 0x02, 0x0b, 0xff, 0xdc, 0x00, 0xa2, 0x00, 0x0f, 0xff, 0xb7, 0x00, 0xa2,
  0x00, 0x11, 0xff, 0xb7, 0x00, 0xa2, 0x00, 0x1d, 0xff, 0xdc, 0x00, 0xa2, 0x00, 0x1e, 0xff, 0xdc,
  0x00, 0xa2, 0x00, 0x7a, 0xff, 0xdc, 0x00, 0xa2, 0x01, 0xfd, 0xff, 0x6b, 0x00, 0xa2, 0x02, 0x01,
  0xff, 0x6b, 0x00, 0xa2, 0x02, 0x0c, 0xff, 0xdc, 0x00, 0xb4, 0x00, 0x0f, 0xff, 0xb7, 0x00, 0xb4,
  0x00, 0x11, 0xff, 0xb7, 0x00, 0xb4, 0x00, 0x1d, 0xff, 0xdc, 0x00, 0xb4, 0x00, 0x1e, 0xff, 0xdc,
  0x00, 0xb4, 0x00, 0x7a, 0xff, 0xdc, 0x00, 0xb4, 0x01, 0xfd, 0xff, 0x6b, 0x00, 0xb4, 0x02, 0x01,
  0xff, 0x6b, 0x00, 0xb4, 0x02, 0x0c, 0xff, 0xdc, 0x01, 0xfd, 0x00, 0x24, 0xff, 0x90, 0x01, 0xfd,
  0x00, 0x25, 0x00, 0x26, 0x01, 0xfd, 0x00, 0x26, 0x00, 0x39, 0x01, 0xfd, 0x00, 0x27, 0x00, 0x26,
  0x01, 0xfd, 0x00, 0x28, 0x00, 0x26, 0x01, 0xfd, 0x00, 0x29, 0x00, 0x26, 0x01, 0xfd, 0x00, 0x2a,
  0x00, 0x39, 0x01, 0xfd, 0x00, 0x2b, 0x00, 0x26, 0x01, 0xfd, 0x00, 0x2c, 0x00, 0x26, 0x01, 0xfd,
  0x00, 0x2d, 0xfe, 0xf8, 0x01, 0xfd, 0x00, 0x2e, 0x00, 0x26, 0x01, 0xfd, 0x00, 0x2f, 0x00, 0x26,
  0x01, 0xfd, 0x00, 0x30, 0x00, 0x26, 0x01, 0xfd, 0x00, 0x31, 0x00, 0x26, 0x01, 0xfd, 0x00, 0x32,
  0x00, 0x39, 0x01, 0xfd, 0x00, 0x33, 0x00, 0x26, 0x01, 0xfd, 0x00, 0x34, 0x00, 0x5e, 0x01, 0xfd,
  0x00, 0x35, 0x00, 0x26, 0x01, 0xfd, 0x00, 0x36, 0x00, 0x39, 0x01, 0xfd, 0x00, 0x37, 0x00, 0x26,
  0x01, 0xfd, 0x00, 0x38, 0x00, 0x26, 0x01, 0xfd, 0x00, 0x39, 0x00, 0x72, 0x01, 0xfd, 0x00, 0x3a,
  0x00, 0x72, 0x01, 0xfd, 0x00, 0x3b, 0x00, 0x26, 0x01, 0xfd, 0x00, 0x3c, 0x00, 0x5e, 0x01, 0xfd,
  0x00, 0x3d, 0x00, 0x26, 0x01, 0xfd, 0x00, 0x45, 0x00, 0x4b, 0x01, 0xfd, 0x00, 0x49, 0x00, 0x72,
  0x01, 0xfd, 0x00, 0x4b, 0x00, 0x4b, 0x01, 0xfd, 0x00, 0x4c, 0x00, 0x4b, 0x01, 0xfd, 0x00, 0x4d,
  0x00, 0x4b, 0x01, 0xfd, 0x00, 0x4e, 0x00, 0x4b, 0x01, 0xfd, 0x00, 0x4f, 0x00, 0x4b, 0x01, 0xfd,
  0x00, 0x50, 0x00, 0x4b, 0x01, 0xfd, 0x00, 0x51, 0x00, 0x4b, 0x01, 0xfd, 0x00, 0x53, 0x00, 0x4b,
  0x01, 0xfd, 0x00, 0x55, 0x00, 0x4b, 0x01, 0xfd, 0x00, 0x56, 0x00, 0x26, 0x01, 0xfd, 0x00, 0x57,
  0x00, 0x72, 0x01, 0xfd, 0x00, 0x58, 0x00, 0x4b, 0x01, 0xfd, 0x00, 0x59, 0x00, 0x72, 0x01, 0xfd,
  0x00, 0x5a, 0x00, 0x72, 0x01, 0xfd, 0x00, 0x5b, 0x00, 0x4b, 0x01, 0xfd, 0x00, 0x5c, 0x00, 0x97,
  0x01, 0xfd, 0x00, 0x5d, 0x00, 0x4b, 0x01, 0xfd, 0x00, 0x81, 0xff, 0x90, 0x01, 0xfd, 0x00, 0x82,
  0xff, 0x44, 0x01, 0xfd, 0x00, 0x8c, 0x00, 0x26, 0x01, 0xfd, 0x00, 0x94, 0x00, 0x39, 0x01, 0xfd,
  0x01, 0xfd, 0xff, 0x87, 0x01, 0xfd, 0x01, 0x0d, 0x00, 0x39, 0x01, 0xfd, 0x00, 0x9b, 0x00, 0x4b,
  0x01, 0xfd, 0x02, 0x3a, 0x00, 0x72, 0x01, 0xfd, 0x02, 0x3b, 0x00, 0x72, 0x01, 0xfe, 0x00, 0x03,
  0xff, 0x9c, 0x01, 0xfe, 0x00, 0x47, 0xff, 0xba, 0x01, 0xfe, 0x00, 0x55, 0xff, 0xec, 0x01, 0xfe,
  0x00, 0x56, 0xff, 0xf1, 0x01, 0xfe, 0x00, 0x57, 0x00, 0x0a, 0x01, 0xfe, 0x00, 0x59, 0xff, 0xec,
  0x01, 0xfe, 0x01, 0xfe, 0xff, 0x87, 0x01, 0xff, 0x00, 0x24, 0x00, 0x4b, 0x01, 0xff, 0x00, 0x2d,
  0x00, 0x4b, 0x01, 0xff, 0x00, 0x37, 0xff, 0xb7, 0x01, 0xff, 0x00, 0x39, 0xff, 0x6b, 0x01, 0xff,
  0x00, 0x3a, 0xff, 0x6b, 0x01, 0xff, 0x00, 0x3c, 0xff, 0x44, 0x01, 0xff, 0x00, 0x45, 0x00, 0x26,
  0x01, 0xff, 0x00, 0x48, 0x00, 0x26, 0x01, 0xff, 0x00, 0x4a, 0x00, 0x26, 0x01, 0xff, 0x00, 0x4d,
  0x00, 0x72, 0x01, 0xff, 0x00, 0x53, 0x00, 0x4b, 0x01, 0xff, 0x00, 0x55, 0x00, 0x26, 0x01, 0xff,
  0x00, 0x56, 0x00, 0x39, 0x01, 0xff, 0x00, 0x57, 0xff, 0xdc, 0x01, 0xff, 0x00, 0x59, 0xff, 0x90,
  0x01, 0xff, 0x00, 0x5a, 0xff, 0xb7, 0x01, 0xff, 0x00, 0x5b, 0x00, 0x26, 0x01, 0xff, 0x00, 0x5c,
  0xff, 0xdc, 0x01, 0xff, 0x00, 0x5d, 0x00, 0x39, 0x01, 0xff, 0x00, 0x81, 0x00, 0x4b, 0x01, 0xff,
  0x00, 0x82, 0x00, 0x72, 0x01, 0xff, 0x00, 0x9b, 0x00, 0x26, 0x02, 0x01, 0x00, 0x24, 0xff, 0x90,
  0x02, 0x01, 0x00, 0x25, 0x00, 0x26, 0x02, 0x01, 0x00, 0x26, 0x00, 0x39, 0x02, 0x01, 0x00, 0x27,
  0x00, 0x26, 0x02, 0x01, 0x00, 0x28, 0x00, 0x26, 0x02, 0x01, 0x00, 0x29, 0x00, 0x26, 0x02, 0x01,
  0x00, 0x2a, 0x00, 0x39, 0x02, 0x01, 0x00, 0x2b, 0x00, 0x26, 0x02, 0x01, 0x00, 0x2c, 0x00, 0x26,
  0x02, 0x01, 0x00, 0x2d, 0xfe, 0xf8, 0x02, 0x01, 0x00, 0x2e, 0x00, 0x26, 0x02, 0x01, 0x00, 0x2f,
  0x00, 0x26, 0x02, 0x01, 0x00, 0x30, 0x00, 0x26, 0x02, 0x01, 0x00, 0x31, 0x00, 0x26, 0x02, 0x01,
  0x00, 0x32, 0x00, 0x39, 0x02, 0x01, 0x00, 0x33, 0x00, 0x26, 0x02, 0x01, 0x00, 0x34, 0x00, 0x5e,
  0x02, 0x01, 0x00, 0x35, 0x00, 0x26, 0x02, 0x01, 0x00, 0x36, 0x00, 0x39, 0x02, 0x01, 0x00, 0x37,
  0x00, 0x26, 0x02, 0x01, 0x00, 0x38, 0x00, 0x26, 0x02, 0x01, 0x00, 0x39, 0x00, 0x72, 0x02, 0x01,
  0x00, 0x3a, 0x00, 0x72, 0x02, 0x01, 0x00, 0x3b, 0x00, 0x26, 0x02, 0x01, 0x00, 0x3c, 0x00, 0x5e,
  0x02, 0x01, 0x00, 0x3d, 0x00, 0x26, 0x02, 0x01, 0x00, 0x45, 0x00, 0x4b, 0x02, 0x01, 0x00, 0x49,
  0x00, 0x72, 0x02, 0x01, 0x00, 0x4b, 0x00, 0x4b, 0x02, 0x01, 0x00, 0x4c, 0x00, 0x4b, 0x02, 0x01,
  0x00, 0x4d, 0x00, 0x4b, 0x02, 0x01, 0x00, 0x4e, 0x00, 0x4b, 0x02, 0x01, 0x00, 0x4f, 0x00, 0x4b,
  0x02, 0x01, 0x00, 0x50, 0x00, 0x4b, 0x02, 0x01, 0x00, 0x51, 0x00, 0x4b, 0x02, 0x01, 0x00, 0x53,
  0x00, 0x4b, 0x02, 0x01, 0x00, 0x55, 0x00, 0x4b, 0x02, 0x01, 0x00, 0x56, 0x00, 0x26, 0x02, 0x01,
  0x00, 0x57, 0x00, 0x72, 0x02, 0x01, 0x00, 0x58, 0x00, 0x4b, 0x02, 0x01, 0x00, 0x59, 0x00, 0x72,
  0x02, 0x01, 0x00, 0x5a, 0x00, 0x72, 0x02, 0x01, 0x00, 0x5b, 0x00, 0x4b, 0x02, 0x01, 0x00, 0x5c,
  0x00, 0x97, 0x02, 0x01, 0x00, 0x5d, 0x00, 0x4b, 0x02, 0x01, 0x00, 0x81, 0xff, 0x90, 0x02, 0x01,
  0x00, 0x82, 0xff, 0x44, 0x02, 0x01, 0x00, 0x8c, 0x00, 0x26, 0x02, 0x01, 0x00, 0x94, 0x00, 0x39,
  0x02, 0x01, 0x01, 0x0d, 0x00, 0x39, 0x02, 0x01, 0x00, 0x9b, 0x00, 0x4b, 0x02, 0x01, 0x02, 0x3a,
  0x00, 0x72, 0x02, 0x01, 0x02, 0x3b, 0x00, 0x72, 0x02, 0x02, 0x00, 0x03, 0xff, 0x9c, 0x02, 0x03,
  0x00, 0x24, 0x00, 0x4b, 0x02, 0x03, 0x00, 0x2d, 0x00, 0x4b, 0x02, 0x03, 0x00, 0x37, 0xff, 0xb7,
  0x02, 0x03, 0x00, 0x39, 0xff, 0x6b, 0x02, 0x03, 0x00, 0x3a, 0xff, 0x6b, 0x02, 0x03, 0x00, 0x3c,
  0xff, 0x44, 0x02, 0x03, 0x00, 0x45, 0x00, 0x26, 0x02, 0x03, 0x00, 0x48, 0x00, 0x26, 0x02, 0x03,
  0x00, 0x4a, 0x00, 0x26, 0x02, 0x03, 0x00, 0x4d, 0x00, 0x72, 0x02, 0x03, 0x00, 0x53, 0x00, 0x4b,
  0x02, 0x03, 0x00, 0x55, 0x00, 0x26, 0x02, 0x03, 0x00, 0x56, 0x00, 0x39, 0x02, 0x03, 0x00, 0x57,
  0xff, 0xdc, 0x02, 0x03, 0x00, 0x59, 0xff, 0x90, 0x02, 0x03, 0x00, 0x5a, 0xff, 0xb7, 0x02, 0x03,
  0x00, 0x5b, 0x00, 0x26, 0x02, 0x03, 0x00, 0x5c, 0xff, 0xdc, 0x02, 0x03, 0x00, 0x5d, 0x00, 0x39,
  0x02, 0x03, 0x00, 0x81, 0x00, 0x4b, 0x02, 0x03, 0x00, 0x82, 0x00, 0x72, 0x02, 0x03, 0x00, 0x9b,
  0x00, 0x26, 0x02, 0x0b, 0x00, 0x2d, 0xff, 0xdc, 0x02, 0x0b, 0x00, 0x37, 0xff, 0x90, 0x02, 0x0b,
  0x00, 0x38, 0xff, 0xc9, 0x02, 0x0b, 0x00, 0x39, 0xff, 0x6b, 0x02, 0x0b, 0x00, 0x3a, 0xff, 0x90,
  0x02, 0x0b, 0x00, 0x3b, 0xff, 0xb7, 0x02, 0x0b, 0x00, 0x3c, 0xff, 0x6b, 0x02, 0x0b, 0x00, 0x3d,
  0xff, 0xdc, 0x02, 0x0b, 0x00, 0x44, 0xff, 0xdc, 0x02, 0x0b, 0x00, 0x46, 0xff, 0xdc, 0x02, 0x0b,
  0x00, 0x47, 0xff, 0xdc, 0x02, 0x0b, 0x00, 0x48, 0xff, 0xdc, 0x02, 0x0b, 0x00, 0x49, 0xff, 0xdc,
  0x02, 0x0b, 0x00, 0x4a, 0xff, 0xdc, 0x02, 0x0b, 0x00, 0x4d, 0x00, 0x26, 0x02, 0x0b, 0x00, 0x52,
  0xff, 0xdc, 0x02, 0x0b, 0x00, 0x57, 0xff, 0xc9, 0x02, 0x0b, 0x00, 0x59, 0xff, 0xb7, 0x02, 0x0b,
  0x00, 0x5a, 0xff, 0xb7, 0x02, 0x0b, 0x00, 0x5b, 0xff, 0xb7, 0x02, 0x0b, 0x00, 0xa2, 0xff, 0xdc,
  0x02, 0x0b, 0x00, 0xb4, 0xff, 0xdc, 0x02, 0x0b, 0x00, 0xcd, 0xff, 0xdc, 0x02, 0x0b, 0x01, 0x0e,
  0xff, 0xdc, 0x02, 0x0b, 0x02, 0x3a, 0xff, 0xdc, 0x02, 0x0b, 0x02, 0x3b, 0xff, 0xdc, 0x02, 0x0c,
  0x00, 0x24, 0xff, 0xb7, 0x02, 0x0c, 0x00, 0x2d, 0xff, 0xb7, 0x02, 0x0c, 0x00, 0x36, 0xff, 0xb7,
  0x02, 0x0c, 0x00, 0x37, 0xff, 0x6b, 0x02, 0x0c, 0x00, 0x38, 0xff, 0xdc, 0x02, 0x0c, 0x00, 0x39,
  0xff, 0x44, 0x02, 0x0c, 0x00, 0x3a, 0xff, 0x6b, 0x02, 0x0c, 0x00, 0x3b, 0xff, 0x44, 0x02, 0x0c,
  0x00, 0x3c, 0xff, 0x1f, 0x02, 0x0c, 0x00, 0x3d, 0xff, 0xb7, 0x02, 0x0c, 0x00, 0x45, 0xff, 0xdc,
  0x02, 0x0c, 0x00, 0x49, 0xff, 0xdc, 0x02, 0x0c, 0x00, 0x4b, 0xff, 0xdc, 0x02, 0x0c, 0x00, 0x4c,
  0xff, 0xdc, 0x02, 0x0c, 0x00, 0x4e, 0xff, 0xdc, 0x02, 0x0c, 0x00, 0x4f, 0xff, 0xdc, 0x02, 0x0c,
  0x00, 0x50, 0xff, 0xdc, 0x02, 0x0c, 0x00, 0x51, 0xff, 0xdc, 0x02, 0x0c, 0x00, 0x53, 0xff, 0xdc,
  0x02, 0x0c, 0x00, 0x55, 0xff, 0xdc, 0x02, 0x0c, 0x00, 0x57, 0xff, 0xb7, 0x02, 0x0c, 0x00, 0x58,
  0xff, 0xdc, 0x02, 0x0c, 0x00, 0x59, 0xff, 0x90, 0x02, 0x0c, 0x00, 0x5a, 0xff, 0x90, 0x02, 0x0c,
  0x00, 0x5b, 0xff, 0x90, 0x02, 0x0c, 0x00, 0x5c, 0xff, 0xc9, 0x02, 0x0c, 0x00, 0x5d, 0xff, 0xb7,
  0x02, 0x0c, 0x00, 0x81, 0xff, 0xb7, 0x02, 0x0c, 0x02, 0x3a, 0xff, 0xdc, 0x02, 0x0c, 0x02, 0x3b,
  0xff, 0xdc, 0x00, 0xcd, 0x00, 0x0f, 0xff, 0xdc, 0x00, 0xcd, 0x00, 0x11, 0xff, 0xdc, 0x00, 0xcd,
  0x00, 0x6c, 0xff, 0xdc, 0x00, 0xcd, 0x01, 0xfe, 0x00, 0x4b, 0x00, 0xcd, 0x02, 0x02, 0x00, 0x4b,
  0x00, 0xcd, 0x02, 0x0b, 0xff, 0xdc, 0x01, 0x0d, 0x00, 0x0f, 0xff, 0xdc, 0x01, 0x0d, 0x00, 0x10,
  0xff, 0xdc, 0x01, 0x0d, 0x00, 0x11, 0xff, 0xdc, 0x01, 0x0d, 0x00, 0x1d, 0xff, 0xb7, 0x01, 0x0d,
  0x00, 0x1e, 0xff, 0xb7, 0x01, 0x0d, 0x00, 0x6c, 0xff, 0xdc, 0x01, 0x0d, 0x00, 0x7a, 0xff, 0xdc,
  0x01, 0x0d, 0x02, 0x0b, 0xff, 0xdc, 0x01, 0x0d, 0x02, 0x0c, 0xff, 0xdc, 0x01, 0x0e, 0x00, 0x0f,
  0xff, 0xb7, 0x01, 0x0e, 0x00, 0x11, 0xff, 0xb7, 0x01, 0x0e, 0x00, 0x1d, 0xff, 0xdc, 0x01, 0x0e,
  0x00, 0x1e, 0xff, 0xdc, 0x01, 0x0e, 0x00, 0x7a, 0xff, 0xdc, 0x01, 0x0e, 0x01, 0xfd, 0xff, 0x6b,
  0x01, 0x0e, 0x02, 0x01, 0xff, 0x6b, 0x01, 0x0e, 0x02, 0x0c, 0xff, 0xdc, 0x00, 0x9b, 0x00, 0x0f,
  0xff, 0xb7, 0x00, 0x9b, 0x00, 0x10, 0x00, 0x26, 0x00, 0x9b, 0x00, 0x11, 0xff, 0xb7, 0x00, 0x9b,
  0x00, 0x1d, 0xff, 0xdc, 0x00, 0x9b, 0x00, 0x1e, 0xff, 0xdc, 0x00, 0x9b, 0x00, 0x7a, 0xff, 0xdc,
  0x00, 0x9b, 0x01, 0xfd, 0xff, 0x6b, 0x00, 0x9b, 0x01, 0xfe, 0xff, 0xdc, 0x00, 0x9b, 0x02, 0x01,
  0xff, 0x6b, 0x00, 0x9b, 0x02, 0x02, 0xff, 0xdc, 0x00, 0x9b, 0x02, 0x0c, 0xff, 0xdc, 0x02, 0x3a,
  0x00, 0x0f, 0xff, 0xdc, 0x02, 0x3a, 0x00, 0x11, 0xff, 0xdc, 0x02, 0x3a, 0x00, 0x6c, 0xff, 0xdc,
  0x02, 0x3a, 0x01, 0xfe, 0x00, 0x4b, 0x02, 0x3a, 0x02, 0x02, 0x00, 0x4b, 0x02, 0x3a, 0x02, 0x0b,
  0xff, 0xdc, 0x02, 0x3b, 0x00, 0x0f, 0xff, 0xdc, 0x02, 0x3b, 0x00, 0x11, 0xff, 0xdc, 0x02, 0x3b,
  0x00, 0x6c, 0xff, 0xdc, 0x02, 0x3b, 0x01, 0xfe, 0x00, 0x4b, 0x02, 0x3b, 0x02, 0x02, 0x00, 0x4b,
  0x02, 0x3b, 0x02, 0x0b, 0xff, 0xdc, 0x00, 0x00, 0x00, 0x00, 0x00, 0x2b, 0x02, 0x0a, 0x00, 0x01,
  0x00, 0x00, 0x00, 0x00, 0x00, 0x00, 0x00, 0x34, 0x00, 0x00, 0x00, 0x01, 0x00, 0x00, 0x00, 0x00,
  0x00, 0x01, 0x00, 0x0d, 0x00, 0x3b, 0x00, 0x01, 0x00, 0x00, 0x00, 0x00, 0x00, 0x02, 0x00, 0x07,
  0x00, 0x34, 0x00, 0x01, 0x00, 0x00, 0x00, 0x00, 0x00, 0x03, 0x00, 0x1a, 0x00, 0x3b, 0x00, 0x01,
  0x00, 0x00, 0x00, 0x00, 0x00, 0x04, 0x00, 0x0d, 0x00, 0x3b, 0x00, 0x01, 0x00, 0x00, 0x00, 0x00,
  0x00, 0x05, 0x00, 0x1a, 0x00, 0x55, 0x00, 0x01, 0x00, 0x00, 0x00, 0x00, 0x00, 0x06, 0x00, 0x0c,
  0x00, 0x6f, 0x00, 0x01, 0x00, 0x00, 0x00, 0x00, 0x00, 0x0a, 0x00, 0x3f, 0x00, 0x7b, 0x00, 0x03,
  0x00, 0x01, 0x04, 0x03, 0x00, 0x02, 0x00, 0x0c, 0x05, 0x9c, 0x00, 0x03, 0x00, 0x01, 0x04, 0x05,
  0x00, 0x02, 0x00, 0x10, 0x00, 0xba, 0x00, 0x03, 0x00, 0x01, 0x04, 0x06, 0x00, 0x02, 0x00, 0x0c,
  0x00, 0xca, 0x00, 0x03, 0x00, 0x01, 0x04, 0x07, 0x00, 0x02, 0x00, 0x10, 0x00, 0xd6, 0x00, 0x03,
  0x00, 0x01, 0x04, 0x08, 0x00, 0x02, 0x00, 0x10, 0x00, 0xe6, 0x00, 0x03, 0x00, 0x01, 0x04, 0x09,
  0x00, 0x00, 0x00, 0x78, 0x00, 0xf6, 0x00, 0x03, 0x00, 0x01, 0x04, 0x09, 0x00, 0x01, 0x00, 0x1a,
  0x03, 0xb8, 0x00, 0x03, 0x00, 0x01, 0x04, 0x09, 0x00, 0x02, 0x00, 0x0e, 0x01, 0x6e, 0x00, 0x03,
  0x00, 0x01, 0x04, 0x09, 0x00, 0x03, 0x00, 0x34, 0x01, 0x7c, 0x00, 0x03, 0x00, 0x01, 0x04, 0x09,
  0x00, 0x04, 0x00, 0x1a, 0x03, 0xb8, 0x00, 0x03, 0x00, 0x01, 0x04, 0x09, 0x00, 0x05, 0x00, 0x34,
  0x01, 0xb0, 0x00, 0x03, 0x00, 0x01, 0x04, 0x09, 0x00, 0x06, 0x00, 0x18, 0x01, 0xe4, 0x00, 0x03,
  0x00, 0x01, 0x04, 0x09, 0x00, 0x09, 0x00, 0x1e, 0x01, 0x16, 0x00, 0x03, 0x00, 0x01, 0x04, 0x09,
  0x00, 0x0a, 0x01, 0x90, 0x01, 0xfc, 0x00, 0x03, 0x00, 0x01, 0x04, 0x09, 0x00, 0x0c, 0x00, 0x2c,
  0x03, 0x8c, 0x00, 0x03, 0x00, 0x01, 0x04, 0x09, 0x00, 0x0d, 0x01, 0xb4, 0x03, 0xb8, 0x00, 0x03,
  0x00, 0x01, 0x04, 0x0a, 0x00, 0x02, 0x00, 0x0c, 0x05, 0x9c, 0x00, 0x03, 0x00, 0x01, 0x04, 0x0b,
  0x00, 0x02, 0x00, 0x10, 0x05, 0x6c, 0x00, 0x03, 0x00, 0x01, 0x04, 0x0c, 0x00, 0x02, 0x00, 0x0c,
  0x05, 0x9c, 0x00, 0x03, 0x00, 0x01, 0x04, 0x0e, 0x00, 0x02, 0x00, 0x0c, 0x05, 0xba, 0x00, 0x03,
  0x00, 0x01, 0x04, 0x10, 0x00, 0x02, 0x00, 0x0e, 0x05, 0x7c, 0x00, 0x03, 0x00, 0x01, 0x04, 0x13,
  0x00, 0x02, 0x00, 0x12, 0x05, 0x8a, 0x00, 0x03, 0x00, 0x01, 0x04, 0x14, 0x00, 0x02, 0x00, 0x0c,
  0x05, 0x9c, 0x00, 0x03, 0x00, 0x01, 0x04, 0x15, 0x00, 0x02, 0x00, 0x10, 0x05, 0x9c, 0x00, 0x03,
  0x00, 0x01, 0x04, 0x16, 0x00, 0x02, 0x00, 0x0c, 0x05, 0x9c, 0x00, 0x03, 0x00, 0x01, 0x04, 0x19,
  0x00, 0x02, 0x00, 0x0e, 0x05, 0xac, 0x00, 0x03, 0x00, 0x01, 0x04, 0x1b, 0x00, 0x02, 0x00, 0x10,
  0x05, 0xba, 0x00, 0x03, 0x00, 0x01, 0x04, 0x1d, 0x00, 0x02, 0x00, 0x0c, 0x05, 0x9c, 0x00, 0x03,
  0x00, 0x01, 0x04, 0x1f, 0x00, 0x02, 0x00, 0x0c, 0x05, 0x9c, 0x00, 0x03, 0x00, 0x01, 0x04, 0x24,
  0x00, 0x02, 0x00, 0x0e, 0x05, 0xca, 0x00, 0x03, 0x00, 0x01, 0x04, 0x2d, 0x00, 0x02, 0x00, 0x0e,
  0x05, 0xd8, 0x00, 0x03, 0x00, 0x01, 0x08, 0x0a, 0x00, 0x02, 0x00, 0x0c, 0x05, 0x9c, 0x00, 0x03,
  0x00, 0x01, 0x08, 0x16, 0x00, 0x02, 0x00, 0x0c, 0x05, 0x9c, 0x00, 0x03, 0x00, 0x01, 0x0c, 0x0a,
  0x00, 0x02, 0x00, 0x0c, 0x05, 0x9c, 0x00, 0x03, 0x00, 0x01, 0x0c, 0x0c, 0x00, 0x02, 0x00, 0x0c,
  0x05, 0x9c, 0x54, 0x79, 0x70, 0x65, 0x66, 0x61, 0x63, 0x65, 0x20, 0xa9, 0x20, 0x28, 0x79, 0x6f,
  0x75, 0x72, 0x20, 0x63, 0x6f, 0x6d, 0x70, 0x61, 0x6e, 0x79, 0x29, 0x2e, 0x20, 0x32, 0x30, 0x30,
  0x39, 0x2e, 0x20, 0x41, 0x6c, 0x6c, 0x20, 0x52, 0x69, 0x67, 0x68, 0x74, 0x73, 0x20, 0x52, 0x65,
  0x73, 0x65, 0x72, 0x76, 0x65, 0x64, 0x52, 0x65, 0x67, 0x75, 0x6c, 0x61, 0x72, 0x43, 0x61, 0x76,
  0x69, 0x61, 0x72, 0x20, 0x44, 0x72, 0x65, 0x61, 0x6d, 0x73, 0x3a, 0x56, 0x65, 0x72, 0x73, 0x69,
  0x6f, 0x6e, 0x20, 0x34, 0x2e, 0x30, 0x30, 0x56, 0x65, 0x72, 0x73, 0x69, 0x6f, 0x6e, 0x20, 0x34,
  0x2e, 0x30, 0x30, 0x20, 0x4a, 0x75, 0x6c, 0x79, 0x20, 0x31, 0x30, 0x2c, 0x20, 0x32, 0x30, 0x31,
  0x32, 0x43, 0x61, 0x76, 0x69, 0x61, 0x72, 0x44, 0x72, 0x65, 0x61, 0x6d, 0x73, 0x54, 0x68, 0x69,
  0x73, 0x20, 0x66, 0x6f, 0x6e, 0x74, 0x20, 0x77, 0x61, 0x73, 0x20, 0x63, 0x72, 0x65, 0x61, 0x74,
  0x65, 0x64, 0x20, 0x75, 0x73, 0x69, 0x6e, 0x67, 0x20, 0x46, 0x6f, 0x6e, 0x74, 0x43, 0x72, 0x65,
  0x61, 0x74, 0x6f, 0x72, 0x20, 0x35, 0x2e, 0x36, 0x20, 0x66, 0x72, 0x6f, 0x6d, 0x20, 0x48, 0x69,
  0x67, 0x68, 0x2d, 0x4c, 0x6f, 0x67, 0x69, 0x63, 0x2e, 0x63, 0x6f, 0x6d, 0x00, 0x6f, 0x00, 0x62,
  0x00, 0x79, 0x01, 0x0d, 0x00, 0x65, 0x00, 0x6a, 0x00, 0x6e, 0x00, 0xe9, 0x00, 0x6e, 0x00, 0x6f,
  0x00, 0x72, 0x00, 0x6d, 0x00, 0x61, 0x00, 0x6c, 0x00, 0x53, 0x00, 0x74, 0x00, 0x61, 0x00, 0x6e,
  0x00, 0x64, 0x00, 0x61, 0x00, 0x72, 0x00, 0x64, 0x03, 0x9a, 0x03, 0xb1, 0x03, 0xbd, 0x03, 0xbf,
  0x03, 0xbd, 0x03, 0xb9, 0x03, 0xba, 0x03, 0xac, 0x00, 0x43, 0x00, 0x61, 0x00, 0x76, 0x00, 0x69,
  0x00, 0x61, 0x00, 0x72, 0x00, 0x20, 0x00, 0x44, 0x00, 0x72, 0x00, 0x65, 0x00, 0x61, 0x00, 0x6d,
  0x00, 0x73, 0x00, 0x20, 0x00, 0xa9, 0x00, 0x20, 0x00, 0x4c, 0x00, 0x61, 0x00, 0x75, 0x00, 0x72,
  0x00, 0x65, 0x00, 0x6e, 0x00, 0x20, 0x00, 0x54, 0x00, 0x68, 0x00, 0x6f, 0x00, 0x6d, 0x00, 0x70,
  0x00, 0x73, 0x00, 0x6f, 0x00, 0x6e, 0x00, 0x20, 0x00, 0x20, 0x00, 0x32, 0x00, 0x30, 0x00, 0x31,
  0x00, 0x30, 0x00, 0x2e, 0x00, 0x20, 0x00, 0x41, 0x00, 0x6c, 0x00, 0x6c, 0x00, 0x20, 0x00, 0x72,
  0x00, 0x69, 0x00, 0x67, 0x00, 0x68, 0x00, 0x74, 0x00, 0x73, 0x00, 0x20, 0x00, 0x72, 0x00, 0x65,
  0x00, 0x73, 0x00, 0x65, 0x00, 0x72, 0x00, 0x76, 0x00, 0x65, 0x00, 0x64, 0x00, 0x2e, 0x00, 0x20,
  0x00, 0x52, 0x00, 0x65, 0x00, 0x67, 0x00, 0x75, 0x00, 0x6c, 0x00, 0x61, 0x00, 0x72, 0x00, 0x43,
  0x00, 0x61, 0x00, 0x76, 0x00, 0x69, 0x00, 0x61, 0x00, 0x72, 0x00, 0x20, 0x00, 0x44, 0x00, 0x72,
  0x00, 0x65, 0x00, 0x61, 0x00, 0x6d, 0x00, 0x73, 0x00, 0x3a, 0x00, 0x56, 0x00, 0x65, 0x00, 0x72,
  0x00, 0x73, 0x00, 0x69, 0x00, 0x6f, 0x00, 0x6e, 0x00, 0x20, 0x00, 0x34, 0x00, 0x2e, 0x00, 0x30,
  0x00, 0x30, 0x00, 0x56, 0x00, 0x65, 0x00, 0x72, 0x00, 0x73, 0x00, 0x69, 0x00, 0x6f, 0x00, 0x6e,
  0x00, 0x20, 0x00, 0x34, 0x00, 0x2e, 0x00, 0x30, 0x00, 0x30, 0x00, 0x20, 0x00, 0x4a, 0x00, 0x75,
  0x00, 0x6c, 0x00, 0x79, 0x00, 0x20, 0x00, 0x31, 0x00, 0x30, 0x00, 0x2c, 0x00, 0x20, 0x00, 0x32,
  0x00, 0x30, 0x00, 0x31, 0x00, 0x32, 0x00, 0x43, 0x00, 0x61, 0x00, 0x76, 0x00, 0x69, 0x00, 0x61,
  0x00, 0x72, 0x00, 0x44, 0x00, 0x72, 0x00, 0x65, 0x00, 0x61, 0x00, 0x6d, 0x00, 0x73, 0x00, 0x41,
  0x00, 0x20, 0x00, 0x67, 0x00, 0x65, 0x00, 0x6f, 0x00, 0x6d, 0x00, 0x65, 0x00, 0x74, 0x00, 0x72,
  0x00, 0x69, 0x00, 0x63, 0x00, 0x20, 0x00, 0x73, 0x00, 0x61, 0x00, 0x6e, 0x00, 0x73, 0x00, 0x20,
  0x00, 0x73, 0x00, 0x65, 0x00, 0x72, 0x00, 0x69, 0x00, 0x66, 0x00, 0x20, 0x00, 0x77, 0x00, 0x69,
  0x00, 0x72, 0x00, 0x68, 0x00, 0x20, 0x00, 0x61, 0x00, 0x20, 0x00, 0x64, 0x00, 0x61, 0x00, 0x73,
  0x00, 0x74, 0x00, 0x61, 0x00, 0x72, 0x00, 0x64, 0x00, 0x6c, 0x00, 0x79, 0x00, 0x20, 0x00, 0x61,
  0x00, 0x6e, 0x00, 0x67, 0x00, 0x6c, 0x00, 0x65, 0x00, 0x64, 0x00, 0x20, 0x00, 0x6c, 0x00, 0x6f,
  0x00, 0x77, 0x00, 0x65, 0x00, 0x72, 0x00, 0x63, 0x00, 0x61, 0x00, 0x73, 0x00, 0x65, 0x00, 0x20,
  0x00, 0x6c, 0x00, 0x65, 0x00, 0x74, 0x00, 0x74, 0x00, 0x65, 0x00, 0x72, 0x00, 0x20, 0x00, 0x65,
  0x00, 0x2c, 0x00, 0x20, 0x00, 0x61, 0x00, 0x6e, 0x00, 0x64, 0x00, 0x20, 0x00, 0x74, 0x00, 0x68,
  0x00, 0x6f, 0x00, 0x73, 0x00, 0x65, 0x00, 0x20, 0x00, 0x77, 0x00, 0x27, 0x00, 0x73, 0x00, 0x20,
  0x00, 0x77, 0x00, 0x69, 0x00, 0x74, 0x00, 0x68, 0x00, 0x20, 0x00, 0x74, 0x00, 0x68, 0x00, 0x6f,
  0x00, 0x73, 0x00, 0x65, 0x00, 0x20, 0x00, 0x6c, 0x00, 0x6f, 0x00, 0x76, 0x00, 0x65, 0x00, 0x6c,
  0x00, 0x79, 0x00, 0x20, 0x00, 0x6c, 0x00, 0x65, 0x00, 0x74, 0x00, 0x74, 0x00, 0x65, 0x00, 0x72,
  0x00, 0x20, 0x00, 0x6c, 0x00, 0x75, 0x00, 0x6d, 0x00, 0x70, 0x00, 0x73, 0x00, 0x2e, 0x00, 0x20,
  0x00, 0x45, 0x00, 0x78, 0x00, 0x74, 0x00, 0x72, 0x00, 0x65, 0x00, 0x6d, 0x00, 0x65, 0x00, 0x20,
  0x00, 0x72, 0x00, 0x6f, 0x00, 0x75, 0x00, 0x6e, 0x00, 0x64, 0x00, 0x20, 0x00, 0x6f, 0x00, 0x76,
  0x00, 0x65, 0x00, 0x72, 0x00, 0x73, 0x00, 0x68, 0x00, 0x6f, 0x00, 0x6f, 0x00, 0x74, 0x00, 0x20,
  0x00, 0x6d, 0x00, 0x61, 0x00, 0x79, 0x00, 0x20, 0x00, 0x62, 0x00, 0x65, 0x00, 0x20, 0x00, 0x64,
  0x00, 0x69, 0x00, 0x73, 0x00, 0x74, 0x00, 0x75, 0x00, 0x72, 0x00, 0x62, 0x00, 0x69, 0x00, 0x6e,
  0x00, 0x67, 0x00, 0x20, 0x00, 0x74, 0x00, 0x6f, 0x00, 0x20, 0x00, 0x73, 0x00, 0x6f, 0x00, 0x6d,
  0x00, 0x65, 0x00, 0x20, 0x00, 0x76, 0x00, 0x69, 0x00, 0x65, 0x00, 0x77, 0x00, 0x65, 0x00, 0x72,
  0x00, 0x73, 0x00, 0x2e, 0x00, 0x20, 0x00, 0x56, 0x00, 0x69, 0x00, 0x65, 0x00, 0x77, 0x00, 0x65,
  0x00, 0x72, 0x00, 0x20, 0x00, 0x64, 0x00, 0x69, 0x00, 0x73, 0x00, 0x63, 0x00, 0x72, 0x00, 0x65,
  0x00, 0x74, 0x00, 0x69, 0x00, 0x6e, 0x00, 0x20, 0x00, 0x69, 0x00, 0x73, 0x00, 0x20, 0x00, 0x61,
  0x00, 0x64, 0x00, 0x76, 0x00, 0x69, 0x00, 0x73, 0x00, 0x65, 0x00, 0x64, 0x00, 0x2e, 0x00, 0x68,
  0x00, 0x74, 0x00, 0x74, 0x00, 0x70, 0x00, 0x3a, 0x00, 0x2f, 0x00, 0x2f, 0x00, 0x77, 0x00, 0x77,
  0x00, 0x77, 0x00, 0x2e, 0x00, 0x6e, 0x00, 0x79, 0x00, 0x6d, 0x00, 0x46, 0x00, 0x6f, 0x00, 0x6e,
  0x00, 0x74, 0x00, 0x2e, 0x00, 0x63, 0x00, 0x6f, 0x00, 0x6d, 0x00, 0x43, 0x00, 0x61, 0x00, 0x76,
  0x00, 0x69, 0x00, 0x61, 0x00, 0x72, 0x00, 0x20, 0x00, 0x44, 0x00, 0x72, 0x00, 0x65, 0x00, 0x61,
  0x00, 0x6d, 0x00, 0x73, 0x00, 0x20, 0x00, 0x6d, 0x00, 0x61, 0x00, 0x79, 0x00, 0x20, 0x00, 0x62,
  0x00, 0x65, 0x00, 0x20, 0x00, 0x75, 0x00, 0x73, 0x00, 0x65, 0x00, 0x64, 0x00, 0x20, 0x00, 0x70,
  0x00, 0x65, 0x00, 0x72, 0x00, 0x73, 0x00, 0x6f, 0x00, 0x6e, 0x00, 0x61, 0x00, 0x6c, 0x00, 0x6c,
  0x00, 0x79, 0x00, 0x20, 0x00, 0x6f, 0x00, 0x72, 0x00, 0x20, 0x00, 0x63, 0x00, 0x6f, 0x00, 0x6d,
  0x00, 0x6d, 0x00, 0x65, 0x00, 0x72, 0x00, 0x63, 0x00, 0x69, 0x00, 0x61, 0x00, 0x6c, 0x00, 0x6c,
  0x00, 0x79, 0x00, 0x20, 0x00, 0x68, 0x00, 0x6f, 0x00, 0x77, 0x00, 0x65, 0x00, 0x76, 0x00, 0x65,
  0x00, 0x72, 0x00, 0x20, 0x00, 0x74, 0x00, 0x68, 0x00, 0x65, 0x00, 0x20, 0x00, 0x66, 0x00, 0x6f,
  0x00, 0x6e, 0x00, 0x74, 0x00, 0x20, 0x00, 0x64, 0x00, 0x61, 0x00, 0x74, 0x00, 0x61, 0x00, 0x20,
  0x00, 0x69, 0x00, 0x74, 0x00, 0x73, 0x00, 0x65, 0x00, 0x6c, 0x00, 0x66, 0x00, 0x20, 0x00, 0x6d,
  0x00, 0x61, 0x00, 0x79, 0x00, 0x20, 0x00, 0x6e, 0x00, 0x6f, 0x00, 0x74, 0x00, 0x20, 0x00, 0x62,
  0x00, 0x65, 0x00, 0x20, 0x00, 0x72, 0x00, 0x65, 0x00, 0x64, 0x00, 0x69, 0x00, 0x73, 0x00, 0x74,
  0x00, 0x72, 0x00, 0x69, 0x00, 0x62, 0x00, 0x75, 0x00, 0x74, 0x00, 0x65, 0x00, 0x64, 0x00, 0x20,
  0x00, 0x73, 0x00, 0x6f, 0x00, 0x6c, 0x00, 0x64, 0x00, 0x20, 0x00, 0x61, 0x00, 0x74, 0x00, 0x20,
  0x00, 0x61, 0x00, 0x6e, 0x00, 0x79, 0x00, 0x20, 0x00, 0x6d, 0x00, 0x65, 0x00, 0x61, 0x00, 0x73,
  0x00, 0x75, 0x00, 0x72, 0x00, 0x65, 0x00, 0x20, 0x00, 0x6f, 0x00, 0x72, 0x00, 0x20, 0x00, 0x74,
  0x00, 0x69, 0x00, 0x6d, 0x00, 0x65, 0x00, 0x20, 0x00, 0x69, 0x00, 0x6e, 0x00, 0x20, 0x00, 0x61,
  0x00, 0x6e, 0x00, 0x79, 0x00, 0x20, 0x00, 0x66, 0x00, 0x6f, 0x00, 0x72, 0x00, 0x6d, 0x00, 0x2e,
  0x00, 0x20, 0x00, 0x50, 0x00, 0x61, 0x00, 0x79, 0x00, 0x50, 0x00, 0x61, 0x00, 0x6c, 0x00, 0x20,
  0x00, 0x64, 0x00, 0x6f, 0x00, 0x6e, 0x00, 0x61, 0x00, 0x74, 0x00, 0x69, 0x00, 0x6f, 0x00, 0x6e,
  0x00, 0x73, 0x00, 0x20, 0x00, 0x61, 0x00, 0x72, 0x00, 0x65, 0x00, 0x20, 0x00, 0x61, 0x00, 0x70,
  0x00, 0x70, 0x00, 0x72, 0x00, 0x65, 0x00, 0x63, 0x00, 0x69, 0x00, 0x61, 0x00, 0x74, 0x00, 0x65,
  0x00, 0x64, 0x00, 0x20, 0x00, 0x61, 0x00, 0x6e, 0x00, 0x64, 0x00, 0x20, 0x00, 0x63, 0x00, 0x61,
  0x00, 0x6e, 0x00, 0x20, 0x00, 0x62, 0x00, 0x65, 0x00, 0x20, 0x00, 0x73, 0x00, 0x65, 0x00, 0x6e,
  0x00, 0x74, 0x00, 0x20, 0x00, 0x74, 0x00, 0x6f, 0x00, 0x20, 0x00, 0x6e, 0x00, 0x79, 0x00, 0x6d,
  0x00, 0x70, 0x00, 0x68, 0x00, 0x6f, 0x00, 0x6e, 0x00, 0x74, 0x00, 0x40, 0x00, 0x79, 0x00, 0x61,
  0x00, 0x68, 0x00, 0x6f, 0x00, 0x6f, 0x00, 0x2e, 0x00, 0x63, 0x00, 0x6f, 0x00, 0x6d, 0x00, 0x4e,
  0x00, 0x6f, 0x00, 0x72, 0x00, 0x6d, 0x00, 0x61, 0x00, 0x61, 0x00, 0x6c, 0x00, 0x69, 0x00, 0x4e,
  0x00, 0x6f, 0x00, 0x72, 0x00, 0x6d, 0x00, 0x61, 0x00, 0x6c, 0x00, 0x65, 0x00, 0x53, 0x00, 0x74,
  0x00, 0x61, 0x00, 0x6e, 0x00, 0x64, 0x00, 0x61, 0x00, 0x61, 0x00, 0x72, 0x00, 0x64, 0x00, 0x4e,
  0x00, 0x6f, 0x00, 0x72, 0x00, 0x6d, 0x00, 0x61, 0x00, 0x6c, 0x00, 0x6e, 0x00, 0x79, 0x04, 0x1e,
  0x04, 0x31, 0x04, 0x4b, 0x04, 0x47, 0x04, 0x3d, 0x04, 0x4b, 0x04, 0x39, 0x00, 0x4e, 0x00, 0x6f,
  0x00, 0x72, 0x00, 0x6d, 0x00, 0xe1, 0x00, 0x6c, 0x00, 0x6e, 0x00, 0x65, 0x00, 0x4e, 0x00, 0x61,
  0x00, 0x76, 0x00, 0x61, 0x00, 0x64, 0x00, 0x6e, 0x00, 0x6f, 0x00, 0x41, 0x00, 0x72, 0x00, 0x72,
  0x00, 0x75, 0x00, 0x6e, 0x00, 0x74, 0x00, 0x61, 0x00, 0x02, 0x00, 0x00, 0x00, 0x00, 0x00, 0x00,
  0xff, 0x27, 0x00, 0x96, 0x00, 0x00, 0x00, 0x00, 0x00, 0x00, 0x00, 0x00, 0x00, 0x00, 0x00, 0x00,
  0x00, 0x00, 0x00, 0x00, 0x00, 0x00, 0x00, 0x00, 0x02, 0x42, 0x00, 0x00, 0x00, 0x01, 0x00, 0x02,
  0x00, 0x03, 0x00, 0x04, 0x00, 0x05, 0x00, 0x06, 0x00, 0x07, 0x00, 0x08, 0x00, 0x09, 0x00, 0x0a,
  0x00, 0x0b, 0x00, 0x0c, 0x00, 0x0d, 0x00, 0x0e, 0x00, 0x0f, 0x00, 0x10, 0x00, 0x11, 0x00, 0x12,
  0x00, 0x13, 0x00, 0x14, 0x00, 0x15, 0x00, 0x16, 0x00, 0x17, 0x00, 0x18, 0x00, 0x19, 0x00, 0x1a,
  0x00, 0x1b, 0x00, 0x1c, 0x00, 0x1d, 0x00, 0x1e, 0x00, 0x1f, 0x00, 0x20, 0x00, 0x21, 0x00, 0x22,
  0x00, 0x23, 0x00, 0x24, 0x00, 0x25, 0x00, 0x26, 0x00, 0x27, 0x00, 0x28, 0x00, 0x29, 0x00, 0x2a,
  0x00, 0x2b, 0x00, 0x2c, 0x00, 0x2d, 0x00, 0x2e, 0x00, 0x2f, 0x00, 0x30, 0x00, 0x31, 0x00, 0x32,
  0x00, 0x33, 0x00, 0x34, 0x00, 0x35, 0x00, 0x36, 0x00, 0x37, 0x00, 0x38, 0x00, 0x39, 0x00, 0x3a,
  0x00, 0x3b, 0x00, 0x3c, 0x00, 0x3d, 0x00, 0x3e, 0x00, 0x3f, 0x00, 0x40, 0x00, 0x41, 0x00, 0x42,
  0x00, 0x43, 0x00, 0x44, 0x00, 0x45, 0x00, 0x46, 0x00, 0x47, 0x00, 0x48, 0x00, 0x49, 0x00, 0x4a,
  0x00, 0x4b, 0x00, 0x4c, 0x00, 0x4d, 0x00, 0x4e, 0x00, 0x4f, 0x00, 0x50, 0x00, 0x51, 0x00, 0x52,
  0x00, 0x53, 0x00, 0x54, 0x00, 0x55, 0x00, 0x56, 0x00, 0x57, 0x00, 0x58, 0x00, 0x59, 0x00, 0x5a,
  0x00, 0x5b, 0x00, 0x5c, 0x00, 0x5d, 0x00, 0x5e, 0x00, 0x5f, 0x00, 0x60, 0x00, 0x61, 0x00, 0xa3,
  0x00, 0x84, 0x00, 0x85, 0x00, 0xbd, 0x00, 0x96, 0x00, 0xe8, 0x00, 0x86, 0x00, 0x8e, 0x00, 0x8b,
  0x00, 0x9d, 0x00, 0xa9, 0x00, 0x8a, 0x00, 0xda, 0x00, 0x83, 0x00, 0x93, 0x01, 0x02, 0x01, 0x03,
  0x00, 0x8d, 0x00, 0x97, 0x00, 0x88, 0x00, 0xc3, 0x00, 0xde, 0x01, 0x04, 0x00, 0x9e, 0x00, 0xaa,
  0x00, 0xa2, 0x00, 0xad, 0x00, 0xc9, 0x00, 0xc7, 0x00, 0xae, 0x00, 0x62, 0x00, 0x63, 0x00, 0x90,
  0x00, 0x64, 0x00, 0xcb, 0x00, 0x65, 0x00, 0xc8, 0x00, 0xca, 0x00, 0xcf, 0x00, 0xcc, 0x00, 0xcd,
  0x00, 0xce, 0x00, 0xe9, 0x00, 0x66, 0x00, 0xd3, 0x00, 0xd0, 0x00, 0xd1, 0x00, 0xaf, 0x00, 0x67,
  0x00, 0xf0, 0x00, 0x91, 0x00, 0xd6, 0x00, 0xd4, 0x00, 0xd5, 0x00, 0x68, 0x00, 0xeb, 0x00, 0xed,
  0x00, 0x89, 0x00, 0x6a, 0x00, 0x69, 0x00, 0x6b, 0x00, 0x6d, 0x00, 0x6c, 0x00, 0x6e, 0x00, 0xa0,
  0x00, 0x6f, 0x00, 0x71, 0x00, 0x70, 0x00, 0x72, 0x00, 0x73, 0x00, 0x75, 0x00, 0x74, 0x00, 0x76,
  0x00, 0x77, 0x00, 0xea, 0x00, 0x78, 0x00, 0x7a, 0x00, 0x79, 0x00, 0x7b, 0x00, 0x7d, 0x00, 0x7c,
  0x00, 0xb8, 0x00, 0xa1, 0x00, 0x7f, 0x00, 0x7e, 0x00, 0x80, 0x00, 0x81, 0x00, 0xec, 0x00, 0xee,
  0x00, 0xba, 0x01, 0x05, 0x01, 0x06, 0x01, 0x07, 0x01, 0x08, 0x01, 0x09, 0x01, 0x0a, 0x00, 0xfd,
  0x00, 0xfe, 0x01, 0x0b, 0x01, 0x0c, 0x01, 0x0d, 0x01, 0x0e, 0x00, 0xff, 0x01, 0x00, 0x01, 0x0f,
  0x01, 0x10, 0x01, 0x11, 0x01, 0x01, 0x01, 0x12, 0x01, 0x13, 0x01, 0x14, 0x01, 0x15, 0x01, 0x16,
  0x01, 0x17, 0x01, 0x18, 0x01, 0x19, 0x01, 0x1a, 0x01, 0x1b, 0x01, 0x1c, 0x01, 0x1d, 0x00, 0xf8,
  0x00, 0xf9, 0x01, 0x1e, 0x01, 0x1f, 0x01, 0x20, 0x01, 0x21, 0x01, 0x22, 0x01, 0x23, 0x01, 0x24,
  0x01, 0x25, 0x01, 0x26, 0x01, 0x27, 0x01, 0x28, 0x01, 0x29, 0x01, 0x2a, 0x01, 0x2b, 0x01, 0x2c,
  0x01, 0x2d, 0x00, 0xd7, 0x01, 0x2e, 0x01, 0x2f, 0x01, 0x30, 0x01, 0x31, 0x01, 0x32, 0x01, 0x33,
  0x01, 0x34, 0x01, 0x35, 0x01, 0x36, 0x01, 0x37, 0x01, 0x38, 0x01, 0x39, 0x01, 0x3a, 0x01, 0x3b,
  0x01, 0x3c, 0x00, 0xe2, 0x00, 0xe3, 0x01, 0x3d, 0x01, 0x3e, 0x01, 0x3f, 0x01, 0x40, 0x01, 0x41,
  0x01, 0x42, 0x01, 0x43, 0x01, 0x44, 0x01, 0x45, 0x01, 0x46, 0x01, 0x47, 0x01, 0x48, 0x01, 0x49,
  0x01, 0x4a, 0x01, 0x4b, 0x00, 0xb0, 0x00, 0xb1, 0x01, 0x4c, 0x01, 0x4d, 0x01, 0x4e, 0x01, 0x4f,
  0x01, 0x50, 0x01, 0x51, 0x01, 0x52, 0x01, 0x53, 0x01, 0x54, 0x01, 0x55, 0x00, 0xfb, 0x00, 0xfc,
  0x00, 0xe4, 0x00, 0xe5, 0x01, 0x56, 0x01, 0x57, 0x01, 0x58, 0x01, 0x59, 0x01, 0x5a, 0x01, 0x5b,
  0x01, 0x5c, 0x01, 0x5d, 0x01, 0x5e, 0x01, 0x5f, 0x01, 0x60, 0x01, 0x61, 0x01, 0x62, 0x01, 0x63,
  0x01, 0x64, 0x01, 0x65, 0x01, 0x66, 0x01, 0x67, 0x01, 0x68, 0x01, 0x69, 0x01, 0x6a, 0x01, 0x6b,
  0x00, 0xbb, 0x01, 0x6c, 0x01, 0x6d, 0x01, 0x6e, 0x01, 0x6f, 0x00, 0xe6, 0x00, 0xe7, 0x01, 0x70,
  0x00, 0xa6, 0x01, 0x71, 0x01, 0x72, 0x01, 0x73, 0x01, 0x74, 0x01, 0x75, 0x01, 0x76, 0x00, 0xd8,
  0x00, 0xe1, 0x01, 0x77, 0x00, 0xdb, 0x00, 0xdc, 0x00, 0xdd, 0x00, 0xe0, 0x00, 0xd9, 0x00, 0xdf,
  0x01, 0x78, 0x01, 0x79, 0x01, 0x7a, 0x01, 0x7b, 0x01, 0x7c, 0x01, 0x7d, 0x01, 0x7e, 0x01, 0x7f,
  0x01, 0x80, 0x01, 0x81, 0x01, 0x82, 0x01, 0x83, 0x01, 0x84, 0x01, 0x85, 0x01, 0x86, 0x01, 0x87,
  0x01, 0x88, 0x01, 0x89, 0x01, 0x8a, 0x01, 0x8b, 0x01, 0x8c, 0x01, 0x8d, 0x01, 0x8e, 0x01, 0x8f,
  0x01, 0x90, 0x01, 0x91, 0x01, 0x92, 0x01, 0x93, 0x01, 0x94, 0x01, 0x95, 0x01, 0x96, 0x01, 0x97,
  0x01, 0x98, 0x01, 0x99, 0x01, 0x9a, 0x01, 0x9b, 0x01, 0x9c, 0x01, 0x9d, 0x01, 0x9e, 0x01, 0x9f,
  0x01, 0xa0, 0x01, 0xa1, 0x01, 0xa2, 0x01, 0xa3, 0x01, 0xa4, 0x01, 0xa5, 0x01, 0xa6, 0x01, 0xa7,
  0x01, 0xa8, 0x01, 0xa9, 0x01, 0xaa, 0x01, 0xab, 0x01, 0xac, 0x01, 0xad, 0x01, 0xae, 0x01, 0xaf,
  0x01, 0xb0, 0x00, 0x9b, 0x01, 0xb1, 0x01, 0xb2, 0x01, 0xb3, 0x01, 0xb4, 0x01, 0xb5, 0x01, 0xb6,
  0x01, 0xb7, 0x01, 0xb8, 0x01, 0xb9, 0x01, 0xba, 0x01, 0xbb, 0x01, 0xbc, 0x01, 0xbd, 0x01, 0xbe,
  0x01, 0xbf, 0x01, 0xc0, 0x01, 0xc1, 0x01, 0xc2, 0x01, 0xc3, 0x01, 0xc4, 0x01, 0xc5, 0x01, 0xc6,
  0x01, 0xc7, 0x01, 0xc8, 0x01, 0xc9, 0x01, 0xca, 0x01, 0xcb, 0x01, 0xcc, 0x01, 0xcd, 0x01, 0xce,
  0x01, 0xcf, 0x01, 0xd0, 0x01, 0xd1, 0x01, 0xd2, 0x01, 0xd3, 0x01, 0xd4, 0x01, 0xd5, 0x01, 0xd6,
  0x01, 0xd7, 0x01, 0xd8, 0x01, 0xd9, 0x01, 0xda, 0x01, 0xdb, 0x01, 0xdc, 0x01, 0xdd, 0x01, 0xde,
  0x01, 0xdf, 0x01, 0xe0, 0x01, 0xe1, 0x01, 0xe2, 0x01, 0xe3, 0x01, 0xe4, 0x01, 0xe5, 0x01, 0xe6,
  0x01, 0xe7, 0x01, 0xe8, 0x01, 0xe9, 0x01, 0xea, 0x01, 0xeb, 0x01, 0xec, 0x01, 0xed, 0x01, 0xee,
  0x01, 0xef, 0x01, 0xf0, 0x01, 0xf1, 0x01, 0xf2, 0x01, 0xf3, 0x01, 0xf4, 0x01, 0xf5, 0x01, 0xf6,
  0x01, 0xf7, 0x01, 0xf8, 0x01, 0xf9, 0x01, 0xfa, 0x01, 0xfb, 0x01, 0xfc, 0x01, 0xfd, 0x01, 0xfe,
  0x01, 0xff, 0x02, 0x00, 0x02, 0x01, 0x02, 0x02, 0x02, 0x03, 0x02, 0x04, 0x02, 0x05, 0x02, 0x06,
  0x02, 0x07, 0x02, 0x08, 0x02, 0x09, 0x02, 0x0a, 0x02, 0x0b, 0x02, 0x0c, 0x02, 0x0d, 0x02, 0x0e,
  0x02, 0x0f, 0x02, 0x10, 0x02, 0x11, 0x02, 0x12, 0x02, 0x13, 0x02, 0x14, 0x02, 0x15, 0x02, 0x16,
  0x02, 0x17, 0x02, 0x18, 0x02, 0x19, 0x02, 0x1a, 0x02, 0x1b, 0x02, 0x1c, 0x02, 0x1d, 0x02, 0x1e,
  0x02, 0x1f, 0x02, 0x20, 0x02, 0x21, 0x02, 0x22, 0x02, 0x23, 0x02, 0x24, 0x00, 0xb2, 0x00, 0xb3,
  0x02, 0x25, 0x02, 0x26, 0x00, 0xb6, 0x00, 0xb7, 0x00, 0xc4, 0x02, 0x27, 0x00, 0xb4, 0x00, 0xb5,
  0x00, 0xc5, 0x00, 0x82, 0x00, 0xc2, 0x00, 0x87, 0x00, 0xab, 0x00, 0xc6, 0x02, 0x28, 0x02, 0x29,
  0x00, 0xbe, 0x00, 0xbf, 0x02, 0x2a, 0x02, 0x2b, 0x00, 0xbc, 0x02, 0x2c, 0x00, 0xf7, 0x02, 0x2d,
  0x02, 0x2e, 0x02, 0x2f, 0x02, 0x30, 0x02, 0x31, 0x00, 0x8c, 0x00, 0x9f, 0x02, 0x32, 0x02, 0x33,
  0x02, 0x34, 0x02, 0x35, 0x02, 0x36, 0x02, 0x37, 0x02, 0x38, 0x00, 0x98, 0x00, 0xa8, 0x00, 0x9a,
  0x00, 0x99, 0x00, 0xef, 0x00, 0xa5, 0x00, 0x92, 0x00, 0x9c, 0x00, 0xa7, 0x00, 0x8f, 0x02, 0x39,
  0x00, 0x94, 0x00, 0x95, 0x02, 0x3a, 0x02, 0x3b, 0x02, 0x3c, 0x02, 0x3d, 0x02, 0x3e, 0x02, 0x3f,
  0x02, 0x40, 0x02, 0x41, 0x02, 0x42, 0x02, 0x43, 0x02, 0x44, 0x02, 0x45, 0x02, 0x46, 0x02, 0x47,
  0x02, 0x48, 0x02, 0x49, 0x02, 0x4a, 0x02, 0x4b, 0x02, 0x4c, 0x02, 0x4d, 0x02, 0x4e, 0x07, 0x75,
  0x6e, 0x69, 0x30, 0x30, 0x42, 0x32, 0x07, 0x75, 0x6e, 0x69, 0x30, 0x30, 0x42, 0x33, 0x07, 0x75,
  0x6e, 0x69, 0x30, 0x30, 0x42, 0x39, 0x07, 0x41, 0x6d, 0x61, 0x63, 0x72, 0x6f, 0x6e, 0x07, 0x61,
  0x6d, 0x61, 0x63, 0x72, 0x6f, 0x6e, 0x06, 0x41, 0x62, 0x72, 0x65, 0x76, 0x65, 0x06, 0x61, 0x62,
  0x72, 0x65, 0x76, 0x65, 0x07, 0x41, 0x6f, 0x67, 0x6f, 0x6e, 0x65, 0x6b, 0x07, 0x61, 0x6f, 0x67,
  0x6f, 0x6e, 0x65, 0x6b, 0x0b, 0x43, 0x63, 0x69, 0x72, 0x63, 0x75, 0x6d, 0x66, 0x6c, 0x65, 0x78,
  0x0b, 0x63, 0x63, 0x69, 0x72, 0x63, 0x75, 0x6d, 0x66, 0x6c, 0x65, 0x78, 0x0a, 0x43, 0x64, 0x6f,
  0x74, 0x61, 0x63, 0x63, 0x65, 0x6e, 0x74, 0x0a, 0x63, 0x64, 0x6f, 0x74, 0x61, 0x63, 0x63, 0x65,
  0x6e, 0x74, 0x06, 0x44, 0x63, 0x61, 0x72, 0x6f, 0x6e, 0x06, 0x64, 0x63, 0x61, 0x72, 0x6f, 0x6e,
  0x06, 0x44, 0x63, 0x72, 0x6f, 0x61, 0x74, 0x07, 0x45, 0x6d, 0x61, 0x63, 0x72, 0x6f, 0x6e, 0x07,
  0x65, 0x6d, 0x61, 0x63, 0x72, 0x6f, 0x6e, 0x06, 0x45, 0x62, 0x72, 0x65, 0x76, 0x65, 0x06, 0x65,
  0x62, 0x72, 0x65, 0x76, 0x65, 0x0a, 0x45, 0x64, 0x6f, 0x74, 0x61, 0x63, 0x63, 0x65, 0x6e, 0x74,
  0x0a, 0x65, 0x64, 0x6f, 0x74, 0x61, 0x63, 0x63, 0x65, 0x6e, 0x74, 0x07, 0x45, 0x6f, 0x67, 0x6f,
  0x6e, 0x65, 0x6b, 0x07, 0x65, 0x6f, 0x67, 0x6f, 0x6e, 0x65, 0x6b, 0x06, 0x45, 0x63, 0x61, 0x72,
  0x6f, 0x6e, 0x06, 0x65, 0x63, 0x61, 0x72, 0x6f, 0x6e, 0x0b, 0x47, 0x63, 0x69, 0x72, 0x63, 0x75,
  0x6d, 0x66, 0x6c, 0x65, 0x78, 0x0b, 0x67, 0x63, 0x69, 0x72, 0x63, 0x75, 0x6d, 0x66, 0x6c, 0x65,
  0x78, 0x0a, 0x47, 0x64, 0x6f, 0x74, 0x61, 0x63, 0x63, 0x65, 0x6e, 0x74, 0x0a, 0x67, 0x64, 0x6f,
  0x74, 0x61, 0x63, 0x63, 0x65, 0x6e, 0x74, 0x0c, 0x47, 0x63, 0x6f, 0x6d, 0x6d, 0x61, 0x61, 0x63,
  0x63, 0x65, 0x6e, 0x74, 0x0c, 0x67, 0x63, 0x6f, 0x6d, 0x6d, 0x61, 0x61, 0x63, 0x63, 0x65, 0x6e,
  0x74, 0x0b, 0x48, 0x63, 0x69, 0x72, 0x63, 0x75, 0x6d, 0x66, 0x6c, 0x65, 0x78, 0x0b, 0x68, 0x63,
  0x69, 0x72, 0x63, 0x75, 0x6d, 0x66, 0x6c, 0x65, 0x78, 0x04, 0x48, 0x62, 0x61, 0x72, 0x04, 0x68,
  0x62, 0x61, 0x72, 0x06, 0x49, 0x74, 0x69, 0x6c, 0x64, 0x65, 0x06, 0x69, 0x74, 0x69, 0x6c, 0x64,
  0x65, 0x07, 0x49, 0x6d, 0x61, 0x63, 0x72, 0x6f, 0x6e, 0x07, 0x69, 0x6d, 0x61, 0x63, 0x72, 0x6f,
  0x6e, 0x06, 0x49, 0x62, 0x72, 0x65, 0x76, 0x65, 0x06, 0x69, 0x62, 0x72, 0x65, 0x76, 0x65, 0x07,
  0x49, 0x6f, 0x67, 0x6f, 0x6e, 0x65, 0x6b, 0x07, 0x69, 0x6f, 0x67, 0x6f, 0x6e, 0x65, 0x6b, 0x02,
  0x49, 0x4a, 0x02, 0x69, 0x6a, 0x0b, 0x4a, 0x63, 0x69, 0x72, 0x63, 0x75, 0x6d, 0x66, 0x6c, 0x65,
  0x78, 0x0b, 0x6a, 0x63, 0x69, 0x72, 0x63, 0x75, 0x6d, 0x66, 0x6c, 0x65, 0x78, 0x0c, 0x4b, 0x63,
  0x6f, 0x6d, 0x6d, 0x61, 0x61, 0x63, 0x63, 0x65, 0x6e, 0x74, 0x0c, 0x6b, 0x63, 0x6f, 0x6d, 0x6d,
  0x61, 0x61, 0x63, 0x63, 0x65, 0x6e, 0x74, 0x0c, 0x6b, 0x67, 0x72, 0x65, 0x65, 0x6e, 0x6c, 0x61,
  0x6e, 0x64, 0x69, 0x63, 0x06, 0x4c, 0x61, 0x63, 0x75, 0x74, 0x65, 0x06, 0x6c, 0x61, 0x63, 0x75,
  0x74, 0x65, 0x0c, 0x4c, 0x63, 0x6f, 0x6d, 0x6d, 0x61, 0x61, 0x63, 0x63, 0x65, 0x6e, 0x74, 0x0c,
  0x6c, 0x63, 0x6f, 0x6d, 0x6d, 0x61, 0x61, 0x63, 0x63, 0x65, 0x6e, 0x74, 0x06, 0x4c, 0x63, 0x61,
  0x72, 0x6f, 0x6e, 0x06, 0x6c, 0x63, 0x61, 0x72, 0x6f, 0x6e, 0x04, 0x4c, 0x64, 0x6f, 0x74, 0x04,
  0x6c, 0x64, 0x6f, 0x74, 0x06, 0x4e, 0x61, 0x63, 0x75, 0x74, 0x65, 0x06, 0x6e, 0x61, 0x63, 0x75,
  0x74, 0x65, 0x0c, 0x4e, 0x63, 0x6f, 0x6d, 0x6d, 0x61, 0x61, 0x63, 0x63, 0x65, 0x6e, 0x74, 0x0c,
  0x6e, 0x63, 0x6f, 0x6d, 0x6d, 0x61, 0x61, 0x63, 0x63, 0x65, 0x6e, 0x74, 0x06, 0x4e, 0x63, 0x61,
  0x72, 0x6f, 0x6e, 0x06, 0x6e, 0x63, 0x61, 0x72, 0x6f, 0x6e, 0x0b, 0x6e, 0x61, 0x70, 0x6f, 0x73,
  0x74, 0x72, 0x6f, 0x70, 0x68, 0x65, 0x03, 0x45, 0x6e, 0x67, 0x03, 0x65, 0x6e, 0x67, 0x07, 0x4f,
  0x6d, 0x61, 0x63, 0x72, 0x6f, 0x6e, 0x07, 0x6f, 0x6d, 0x61, 0x63, 0x72, 0x6f, 0x6e, 0x06, 0x4f,
  0x62, 0x72, 0x65, 0x76, 0x65, 0x06, 0x6f, 0x62, 0x72, 0x65, 0x76, 0x65, 0x0d, 0x4f, 0x68, 0x75,
  0x6e, 0x67, 0x61, 0x72, 0x75, 0x6d, 0x6c, 0x61, 0x75, 0x74, 0x0d, 0x6f, 0x68, 0x75, 0x6e, 0x67,
  0x61, 0x72, 0x75, 0x6d, 0x6c, 0x61, 0x75, 0x74, 0x06, 0x52, 0x61, 0x63, 0x75, 0x74, 0x65, 0x06,
  0x72, 0x61, 0x63, 0x75, 0x74, 0x65, 0x0c, 0x52, 0x63, 0x6f, 0x6d, 0x6d, 0x61, 0x61, 0x63, 0x63,
  0x65, 0x6e, 0x74, 0x0c, 0x72, 0x63, 0x6f, 0x6d, 0x6d, 0x61, 0x61, 0x63, 0x63, 0x65, 0x6e, 0x74,
  0x06, 0x52, 0x63, 0x61, 0x72, 0x6f, 0x6e, 0x06, 0x72, 0x63, 0x61, 0x72, 0x6f, 0x6e, 0x06, 0x53,
  0x61, 0x63, 0x75, 0x74, 0x65, 0x06, 0x73, 0x61, 0x63, 0x75, 0x74, 0x65, 0x0b, 0x53, 0x63, 0x69,
  0x72, 0x63, 0x75, 0x6d, 0x66, 0x6c, 0x65, 0x78, 0x0b, 0x73, 0x63, 0x69, 0x72, 0x63, 0x75, 0x6d,
  0x66, 0x6c, 0x65, 0x78, 0x0c, 0x54, 0x63, 0x6f, 0x6d, 0x6d, 0x61, 0x61, 0x63, 0x63, 0x65, 0x6e,
  0x74, 0x0c, 0x74, 0x63, 0x6f, 0x6d, 0x6d, 0x61, 0x61, 0x63, 0x63, 0x65, 0x6e, 0x74, 0x06, 0x54,
  0x63, 0x61, 0x72, 0x6f, 0x6e, 0x06, 0x74, 0x63, 0x61, 0x72, 0x6f, 0x6e, 0x04, 0x54, 0x62, 0x61,
  0x72, 0x04, 0x74, 0x62, 0x61, 0x72, 0x06, 0x55, 0x74, 0x69, 0x6c, 0x64, 0x65, 0x06, 0x75, 0x74,
  0x69, 0x6c, 0x64, 0x65, 0x07, 0x55, 0x6d, 0x61, 0x63, 0x72, 0x6f, 0x6e, 0x07, 0x75, 0x6d, 0x61,
  0x63, 0x72, 0x6f, 0x6e, 0x06, 0x55, 0x62, 0x72, 0x65, 0x76, 0x65, 0x06, 0x75, 0x62, 0x72, 0x65,
  0x76, 0x65, 0x05, 0x55, 0x72, 0x69, 0x6e, 0x67, 0x05, 0x75, 0x72, 0x69, 0x6e, 0x67, 0x0d, 0x55,
  0x68, 0x75, 0x6e, 0x67, 0x61, 0x72, 0x75, 0x6d, 0x6c, 0x61, 0x75, 0x74, 0x0d, 0x75, 0x68, 0x75,
  0x6e, 0x67, 0x61, 0x72, 0x75, 0x6d, 0x6c, 0x61, 0x75, 0x74, 0x07, 0x55, 0x6f, 0x67, 0x6f, 0x6e,
  0x65, 0x6b, 0x07, 0x75, 0x6f, 0x67, 0x6f, 0x6e, 0x65, 0x6b, 0x0b, 0x57, 0x63, 0x69, 0x72, 0x63,
  0x75, 0x6d, 0x66, 0x6c, 0x65, 0x78, 0x0b, 0x77, 0x63, 0x69, 0x72, 0x63, 0x75, 0x6d, 0x66, 0x6c,
  0x65, 0x78, 0x0b, 0x59, 0x63, 0x69, 0x72, 0x63, 0x75, 0x6d, 0x66, 0x6c, 0x65, 0x78, 0x0b, 0x79,
  0x63, 0x69, 0x72, 0x63, 0x75, 0x6d, 0x66, 0x6c, 0x65, 0x78, 0x06, 0x5a, 0x61, 0x63, 0x75, 0x74,
  0x65, 0x06, 0x7a, 0x61, 0x63, 0x75, 0x74, 0x65, 0x0a, 0x5a, 0x64, 0x6f, 0x74, 0x61, 0x63, 0x63,
  0x65, 0x6e, 0x74, 0x0a, 0x7a, 0x64, 0x6f, 0x74, 0x61, 0x63, 0x63, 0x65, 0x6e, 0x74, 0x05, 0x6c,
  0x6f, 0x6e, 0x67, 0x73, 0x0a, 0x41, 0x72, 0x69, 0x6e, 0x67, 0x61, 0x63, 0x75, 0x74, 0x65, 0x0a,
  0x61, 0x72, 0x69, 0x6e, 0x67, 0x61, 0x63, 0x75, 0x74, 0x65, 0x07, 0x41, 0x45, 0x61, 0x63, 0x75,
  0x74, 0x65, 0x07, 0x61, 0x65, 0x61, 0x63, 0x75, 0x74, 0x65, 0x0b, 0x4f, 0x73, 0x6c, 0x61, 0x73,
  0x68, 0x61, 0x63, 0x75, 0x74, 0x65, 0x0b, 0x6f, 0x73, 0x6c, 0x61, 0x73, 0x68, 0x61, 0x63, 0x75,
  0x74, 0x65, 0x07, 0x75, 0x6e, 0x69, 0x30, 0x32, 0x43, 0x39, 0x05, 0x74, 0x6f, 0x6e, 0x6f, 0x73,
  0x0d, 0x64, 0x69, 0x65, 0x72, 0x65, 0x73, 0x69, 0x73, 0x74, 0x6f, 0x6e, 0x6f, 0x73, 0x0a, 0x41,
  0x6c, 0x70, 0x68, 0x61, 0x74, 0x6f, 0x6e, 0x6f, 0x73, 0x09, 0x61, 0x6e, 0x6f, 0x74, 0x65, 0x6c,
  0x65, 0x69, 0x61, 0x0c, 0x45, 0x70, 0x73, 0x69, 0x6c, 0x6f, 0x6e, 0x74, 0x6f, 0x6e, 0x6f, 0x73,
  0x08, 0x45, 0x74, 0x61, 0x74, 0x6f, 0x6e, 0x6f, 0x73, 0x09, 0x49, 0x6f, 0x74, 0x61, 0x74, 0x6f,
  0x6e, 0x6f, 0x73, 0x0c, 0x4f, 0x6d, 0x69, 0x63, 0x72, 0x6f, 0x6e, 0x74, 0x6f, 0x6e, 0x6f, 0x73,
  0x0c, 0x55, 0x70, 0x73, 0x69, 0x6c, 0x6f, 0x6e, 0x74, 0x6f, 0x6e, 0x6f, 0x73, 0x0a, 0x4f, 0x6d,
  0x65, 0x67, 0x61, 0x74, 0x6f, 0x6e, 0x6f, 0x73, 0x11, 0x69, 0x6f, 0x74, 0x61, 0x64, 0x69, 0x65,
  0x72, 0x65, 0x73, 0x69, 0x73, 0x74, 0x6f, 0x6e, 0x6f, 0x73, 0x05, 0x41, 0x6c, 0x70, 0x68, 0x61,
  0x04, 0x42, 0x65, 0x74, 0x61, 0x05, 0x47, 0x61, 0x6d, 0x6d, 0x61, 0x07, 0x75, 0x6e, 0x69, 0x30,
  0x33, 0x39, 0x34, 0x07, 0x45, 0x70, 0x73, 0x69, 0x6c, 0x6f, 0x6e, 0x04, 0x5a, 0x65, 0x74, 0x61,
  0x03, 0x45, 0x74, 0x61, 0x05, 0x54, 0x68, 0x65, 0x74, 0x61, 0x04, 0x49, 0x6f, 0x74, 0x61, 0x05,
  0x4b, 0x61, 0x70, 0x70, 0x61, 0x06, 0x4c, 0x61, 0x6d, 0x62, 0x64, 0x61, 0x02, 0x4d, 0x75, 0x02,
  0x4e, 0x75, 0x02, 0x58, 0x69, 0x07, 0x4f, 0x6d, 0x69, 0x63, 0x72, 0x6f, 0x6e, 0x02, 0x50, 0x69,
  0x03, 0x52, 0x68, 0x6f, 0x05, 0x53, 0x69, 0x67, 0x6d, 0x61, 0x03, 0x54, 0x61, 0x75, 0x07, 0x55,
  0x70, 0x73, 0x69, 0x6c, 0x6f, 0x6e, 0x03, 0x50, 0x68, 0x69, 0x03, 0x43, 0x68, 0x69, 0x03, 0x50,
  0x73, 0x69, 0x07, 0x75, 0x6e, 0x69, 0x30, 0x33, 0x41, 0x39, 0x0c, 0x49, 0x6f, 0x74, 0x61, 0x64,
  0x69, 0x65, 0x72, 0x65, 0x73, 0x69, 0x73, 0x0f, 0x55, 0x70, 0x73, 0x69, 0x6c, 0x6f, 0x6e, 0x64,
  0x69, 0x65, 0x72, 0x65, 0x73, 0x69, 0x73, 0x0a, 0x61, 0x6c, 0x70, 0x68, 0x61, 0x74, 0x6f, 0x6e,
  0x6f, 0x73, 0x0c, 0x65, 0x70, 0x73, 0x69, 0x6c, 0x6f, 0x6e, 0x74, 0x6f, 0x6e, 0x6f, 0x73, 0x08,
  0x65, 0x74, 0x61, 0x74, 0x6f, 0x6e, 0x6f, 0x73, 0x09, 0x69, 0x6f, 0x74, 0x61, 0x74, 0x6f, 0x6e,
  0x6f, 0x73, 0x14, 0x75, 0x70, 0x73, 0x69, 0x6c, 0x6f, 0x6e, 0x64, 0x69, 0x65, 0x72, 0x65, 0x73,
  0x69, 0x73, 0x74, 0x6f, 0x6e, 0x6f, 0x73, 0x05, 0x61, 0x6c, 0x70, 0x68, 0x61, 0x04, 0x62, 0x65,
  0x74, 0x61, 0x05, 0x67, 0x61, 0x6d, 0x6d, 0x61, 0x05, 0x64, 0x65, 0x6c, 0x74, 0x61, 0x07, 0x65,
  0x70, 0x73, 0x69, 0x6c, 0x6f, 0x6e, 0x04, 0x7a, 0x65, 0x74, 0x61, 0x03, 0x65, 0x74, 0x61, 0x05,
  0x74, 0x68, 0x65, 0x74, 0x61, 0x04, 0x69, 0x6f, 0x74, 0x61, 0x05, 0x6b, 0x61, 0x70, 0x70, 0x61,
  0x06, 0x6c, 0x61, 0x6d, 0x62, 0x64, 0x61, 0x07, 0x75, 0x6e, 0x69, 0x30, 0x33, 0x42, 0x43, 0x02,
  0x6e, 0x75, 0x02, 0x78, 0x69, 0x07, 0x6f, 0x6d, 0x69, 0x63, 0x72, 0x6f, 0x6e, 0x03, 0x72, 0x68,
  0x6f, 0x06, 0x73, 0x69, 0x67, 0x6d, 0x61, 0x31, 0x05, 0x73, 0x69, 0x67, 0x6d, 0x61, 0x03, 0x74,
  0x61, 0x75, 0x07, 0x75, 0x70, 0x73, 0x69, 0x6c, 0x6f, 0x6e, 0x03, 0x70, 0x68, 0x69, 0x03, 0x63,
  0x68, 0x69, 0x03, 0x70, 0x73, 0x69, 0x05, 0x6f, 0x6d, 0x65, 0x67, 0x61, 0x0c, 0x69, 0x6f, 0x74,
  0x61, 0x64, 0x69, 0x65, 0x72, 0x65, 0x73, 0x69, 0x73, 0x0f, 0x75, 0x70, 0x73, 0x69, 0x6c, 0x6f,
  0x6e, 0x64, 0x69, 0x65, 0x72, 0x65, 0x73, 0x69, 0x73, 0x0c, 0x6f, 0x6d, 0x69, 0x63, 0x72, 0x6f,
  0x6e, 0x74, 0x6f, 0x6e, 0x6f, 0x73, 0x0c, 0x75, 0x70, 0x73, 0x69, 0x6c, 0x6f, 0x6e, 0x74, 0x6f,
  0x6e, 0x6f, 0x73, 0x0a, 0x6f, 0x6d, 0x65, 0x67, 0x61, 0x74, 0x6f, 0x6e, 0x6f, 0x73, 0x09, 0x61,
  0x66, 0x69, 0x69, 0x31, 0x30, 0x30, 0x32, 0x33, 0x09, 0x61, 0x66, 0x69, 0x69, 0x31, 0x30, 0x30,
  0x35, 0x31, 0x09, 0x61, 0x66, 0x69, 0x69, 0x31, 0x30, 0x30, 0x35, 0x32, 0x09, 0x61, 0x66, 0x69,
  0x69, 0x31, 0x30, 0x30, 0x35, 0x33, 0x09, 0x61, 0x66, 0x69, 0x69, 0x31, 0x30, 0x30, 0x35, 0x34,
  0x09, 0x61, 0x66, 0x69, 0x69, 0x31, 0x30, 0x30, 0x35, 0x35, 0x09, 0x61, 0x66, 0x69, 0x69, 0x31,
  0x30, 0x30, 0x35, 0x36, 0x09, 0x61, 0x66, 0x69, 0x69, 0x31, 0x30, 0x30, 0x35, 0x37, 0x09, 0x61,
  0x66, 0x69, 0x69, 0x31, 0x30, 0x30, 0x35, 0x38, 0x09, 0x61, 0x66, 0x69, 0x69, 0x31, 0x30, 0x30,
  0x35, 0x39, 0x09, 0x61, 0x66, 0x69, 0x69, 0x31, 0x30, 0x30, 0x36, 0x30, 0x09, 0x61, 0x66, 0x69,
  0x69, 0x31, 0x30, 0x30, 0x36, 0x31, 0x09, 0x61, 0x66, 0x69, 0x69, 0x31, 0x30, 0x30, 0x36, 0x32,
  0x09, 0x61, 0x66, 0x69, 0x69, 0x31, 0x30, 0x31, 0x34, 0x35, 0x09, 0x61, 0x66, 0x69, 0x69, 0x31,
  0x30, 0x30, 0x31, 0x37, 0x09, 0x61, 0x66, 0x69, 0x69, 0x31, 0x30, 0x30, 0x31, 0x38, 0x09, 0x61,
  0x66, 0x69, 0x69, 0x31, 0x30, 0x30, 0x31, 0x39, 0x09, 0x61, 0x66, 0x69, 0x69, 0x31, 0x30, 0x30,
  0x32, 0x30, 0x09, 0x61, 0x66, 0x69, 0x69, 0x31, 0x30, 0x30, 0x32, 0x31, 0x09, 0x61, 0x66, 0x69,
  0x69, 0x31, 0x30, 0x30, 0x32, 0x32, 0x09, 0x61, 0x66, 0x69, 0x69, 0x31, 0x30, 0x30, 0x32, 0x34,
  0x09, 0x61, 0x66, 0x69, 0x69, 0x31, 0x30, 0x30, 0x32, 0x35, 0x09, 0x61, 0x66, 0x69, 0x69, 0x31,
  0x30, 0x30, 0x32, 0x36, 0x09, 0x61, 0x66, 0x69, 0x69, 0x31, 0x30, 0x30, 0x32, 0x37, 0x09, 0x61,
  0x66, 0x69, 0x69, 0x31, 0x30, 0x30, 0x32, 0x38, 0x09, 0x61, 0x66, 0x69, 0x69, 0x31, 0x30, 0x30,
  0x32, 0x39, 0x09, 0x61, 0x66, 0x69, 0x69, 0x31, 0x30, 0x30, 0x33, 0x30, 0x09, 0x61, 0x66, 0x69,
  0x69, 0x31, 0x30, 0x30, 0x33, 0x31, 0x09, 0x61, 0x66, 0x69, 0x69, 0x31, 0x30, 0x30, 0x33, 0x32,
  0x09, 0x61, 0x66, 0x69, 0x69, 0x31, 0x30, 0x30, 0x33, 0x33, 0x09, 0x61, 0x66, 0x69, 0x69, 0x31,
  0x30, 0x30, 0x33, 0x34, 0x09, 0x61, 0x66, 0x69, 0x69, 0x31, 0x30, 0x30, 0x33, 0x35, 0x09, 0x61,
  0x66, 0x69, 0x69, 0x31, 0x30, 0x30, 0x33, 0x36, 0x09, 0x61, 0x66, 0x69, 0x69, 0x31, 0x30, 0x30,
  0x33, 0x37, 0x09, 0x61, 0x66, 0x69, 0x69, 0x31, 0x30, 0x30, 0x33, 0x38, 0x09, 0x61, 0x66, 0x69,
  0x69, 0x31, 0x30, 0x30, 0x33, 0x39, 0x09, 0x61, 0x66, 0x69, 0x69, 0x31, 0x30, 0x30, 0x34, 0x30,
  0x09, 0x61, 0x66, 0x69, 0x69, 0x31, 0x30, 0x30, 0x34, 0x31, 0x09, 0x61, 0x66, 0x69, 0x69, 0x31,
  0x30, 0x30, 0x34, 0x32, 0x09, 0x61, 0x66, 0x69, 0x69, 0x31, 0x30, 0x30, 0x34, 0x33, 0x09, 0x61,
  0x66, 0x69, 0x69, 0x31, 0x30, 0x30, 0x34, 0x34, 0x09, 0x61, 0x66, 0x69, 0x69, 0x31, 0x30, 0x30,
  0x34, 0x35, 0x09, 0x61, 0x66, 0x69, 0x69, 0x31, 0x30, 0x30, 0x34, 0x36, 0x09, 0x61, 0x66, 0x69,
  0x69, 0x31, 0x30, 0x30, 0x34, 0x37, 0x09, 0x61, 0x66, 0x69, 0x69, 0x31, 0x30, 0x30, 0x34, 0x38,
  0x09, 0x61, 0x66, 0x69, 0x69, 0x31, 0x30, 0x30, 0x34, 0x39, 0x09, 0x61, 0x66, 0x69, 0x69, 0x31,
  0x30, 0x30, 0x36, 0x35, 0x09, 0x61, 0x66, 0x69, 0x69, 0x31, 0x30, 0x30, 0x36, 0x36, 0x09, 0x61,
  0x66, 0x69, 0x69, 0x31, 0x30, 0x30, 0x36, 0x37, 0x09, 0x61, 0x66, 0x69, 0x69, 0x31, 0x30, 0x30,
  0x36, 0x38, 0x09, 0x61, 0x66, 0x69, 0x69, 0x31, 0x30, 0x30, 0x36, 0x39, 0x09, 0x61, 0x66, 0x69,
  0x69, 0x31, 0x30, 0x30, 0x37, 0x30, 0x09, 0x61, 0x66, 0x69, 0x69, 0x31, 0x30, 0x30, 0x37, 0x32,
  0x09, 0x61, 0x66, 0x69, 0x69, 0x31, 0x30, 0x30, 0x37, 0x33, 0x09, 0x61, 0x66, 0x69, 0x69, 0x31,
  0x30, 0x30, 0x37, 0x34, 0x09, 0x61, 0x66, 0x69, 0x69, 0x31, 0x30, 0x30, 0x37, 0x35, 0x09, 0x61,
  0x66, 0x69, 0x69, 0x31, 0x30, 0x30, 0x37, 0x36, 0x09, 0x61, 0x66, 0x69, 0x69, 0x31, 0x30, 0x30,
  0x37, 0x37, 0x09, 0x61, 0x66, 0x69, 0x69, 0x31, 0x30, 0x30, 0x37, 0x38, 0x09, 0x61, 0x66, 0x69,
  0x69, 0x31, 0x30, 0x30, 0x37, 0x39, 0x09, 0x61, 0x66, 0x69, 0x69, 0x31, 0x30, 0x30, 0x38, 0x30,
  0x09, 0x61, 0x66, 0x69, 0x69, 0x31, 0x30, 0x30, 0x38, 0x31, 0x09, 0x61, 0x66, 0x69, 0x69, 0x31,
  0x30, 0x30, 0x38, 0x32, 0x09, 0x61, 0x66, 0x69, 0x69, 0x31, 0x30, 0x30, 0x38, 0x33, 0x09, 0x61,
  0x66, 0x69, 0x69, 0x31, 0x30, 0x30, 0x38, 0x34, 0x09, 0x61, 0x66, 0x69, 0x69, 0x31, 0x30, 0x30,
  0x38, 0x35, 0x09, 0x61, 0x66, 0x69, 0x69, 0x31, 0x30, 0x30, 0x38, 0x36, 0x09, 0x61, 0x66, 0x69,
  0x69, 0x31, 0x30, 0x30, 0x38, 0x37, 0x09, 0x61, 0x66, 0x69, 0x69, 0x31, 0x30, 0x30, 0x38, 0x38,
  0x09, 0x61, 0x66, 0x69, 0x69, 0x31, 0x30, 0x30, 0x38, 0x39, 0x09, 0x61, 0x66, 0x69, 0x69, 0x31,
  0x30, 0x30, 0x39, 0x30, 0x09, 0x61, 0x66, 0x69, 0x69, 0x31, 0x30, 0x30, 0x39, 0x31, 0x09, 0x61,
  0x66, 0x69, 0x69, 0x31, 0x30, 0x30, 0x39, 0x32, 0x09, 0x61, 0x66, 0x69, 0x69, 0x31, 0x30, 0x30,
  0x39, 0x33, 0x09, 0x61, 0x66, 0x69, 0x69, 0x31, 0x30, 0x30, 0x39, 0x34, 0x09, 0x61, 0x66, 0x69,
  0x69, 0x31, 0x30, 0x30, 0x39, 0x35, 0x09, 0x61, 0x66, 0x69, 0x69, 0x31, 0x30, 0x30, 0x39, 0x36,
  0x09, 0x61, 0x66, 0x69, 0x69, 0x31, 0x30, 0x30, 0x39, 0x37, 0x09, 0x61, 0x66, 0x69, 0x69, 0x31,
  0x30, 0x30, 0x37, 0x31, 0x09, 0x61, 0x66, 0x69, 0x69, 0x31, 0x30, 0x30, 0x39, 0x39, 0x09, 0x61,
  0x66, 0x69, 0x69, 0x31, 0x30, 0x31, 0x30, 0x30, 0x09, 0x61, 0x66, 0x69, 0x69, 0x31, 0x30, 0x31,
  0x30, 0x31, 0x09, 0x61, 0x66, 0x69, 0x69, 0x31, 0x30, 0x31, 0x30, 0x32, 0x09, 0x61, 0x66, 0x69,
  0x69, 0x31, 0x30, 0x31, 0x30, 0x33, 0x09, 0x61, 0x66, 0x69, 0x69, 0x31, 0x30, 0x31, 0x30, 0x34,
  0x09, 0x61, 0x66, 0x69, 0x69, 0x31, 0x30, 0x31, 0x30, 0x35, 0x09, 0x61, 0x66, 0x69, 0x69, 0x31,
  0x30, 0x31, 0x30, 0x36, 0x09, 0x61, 0x66, 0x69, 0x69, 0x31, 0x30, 0x31, 0x30, 0x37, 0x09, 0x61,
  0x66, 0x69, 0x69, 0x31, 0x30, 0x31, 0x30, 0x38, 0x09, 0x61, 0x66, 0x69, 0x69, 0x31, 0x30, 0x31,
  0x30, 0x39, 0x09, 0x61, 0x66, 0x69, 0x69, 0x31, 0x30, 0x31, 0x31, 0x30, 0x09, 0x61, 0x66, 0x69,
  0x69, 0x31, 0x30, 0x31, 0x39, 0x33, 0x09, 0x61, 0x66, 0x69, 0x69, 0x31, 0x30, 0x30, 0x35, 0x30,
  0x09, 0x61, 0x66, 0x69, 0x69, 0x31, 0x30, 0x30, 0x39, 0x38, 0x06, 0x57, 0x67, 0x72, 0x61, 0x76,
  0x65, 0x06, 0x77, 0x67, 0x72, 0x61, 0x76, 0x65, 0x06, 0x57, 0x61, 0x63, 0x75, 0x74, 0x65, 0x06,
  0x77, 0x61, 0x63, 0x75, 0x74, 0x65, 0x09, 0x57, 0x64, 0x69, 0x65, 0x72, 0x65, 0x73, 0x69, 0x73,
  0x09, 0x77, 0x64, 0x69, 0x65, 0x72, 0x65, 0x73, 0x69, 0x73, 0x06, 0x59, 0x67, 0x72, 0x61, 0x76,
  0x65, 0x06, 0x79, 0x67, 0x72, 0x61, 0x76, 0x65, 0x09, 0x61, 0x66, 0x69, 0x69, 0x30, 0x30, 0x32,
  0x30, 0x38, 0x0d, 0x75, 0x6e, 0x64, 0x65, 0x72, 0x73, 0x63, 0x6f, 0x72, 0x65, 0x64, 0x62, 0x6c,
  0x0d, 0x71, 0x75, 0x6f, 0x74, 0x65, 0x72, 0x65, 0x76, 0x65, 0x72, 0x73, 0x65, 0x64, 0x06, 0x6d,
  0x69, 0x6e, 0x75, 0x74, 0x65, 0x06, 0x73, 0x65, 0x63, 0x6f, 0x6e, 0x64, 0x09, 0x65, 0x78, 0x63,
  0x6c, 0x61, 0x6d, 0x64, 0x62, 0x6c, 0x07, 0x75, 0x6e, 0x69, 0x32, 0x30, 0x33, 0x45, 0x07, 0x75,
  0x6e, 0x69, 0x32, 0x30, 0x37, 0x46, 0x04, 0x6c, 0x69, 0x72, 0x61, 0x06, 0x70, 0x65, 0x73, 0x65,
  0x74, 0x61, 0x04, 0x45, 0x75, 0x72, 0x6f, 0x09, 0x61, 0x66, 0x69, 0x69, 0x36, 0x31, 0x32, 0x34,
  0x38, 0x09, 0x61, 0x66, 0x69, 0x69, 0x36, 0x31, 0x33, 0x35, 0x32, 0x09, 0x61, 0x72, 0x72, 0x6f,
  0x77, 0x6c, 0x65, 0x66, 0x74, 0x07, 0x61, 0x72, 0x72, 0x6f, 0x77, 0x75, 0x70, 0x0a, 0x61, 0x72,
  0x72, 0x6f, 0x77, 0x72, 0x69, 0x67, 0x68, 0x74, 0x09, 0x61, 0x72, 0x72, 0x6f, 0x77, 0x64, 0x6f,
  0x77, 0x6e, 0x09, 0x61, 0x72, 0x72, 0x6f, 0x77, 0x62, 0x6f, 0x74, 0x68, 0x09, 0x61, 0x72, 0x72,
  0x6f, 0x77, 0x75, 0x70, 0x64, 0x6e, 0x0c, 0x61, 0x72, 0x72, 0x6f, 0x77, 0x75, 0x70, 0x64, 0x6e,
  0x62, 0x73, 0x65, 0x0b, 0x65, 0x71, 0x75, 0x69, 0x76, 0x61, 0x6c, 0x65, 0x6e, 0x63, 0x65, 0x0a,
  0x69, 0x6e, 0x74, 0x65, 0x67, 0x72, 0x61, 0x6c, 0x74, 0x70, 0x0a, 0x69, 0x6e, 0x74, 0x65, 0x67,
  0x72, 0x61, 0x6c, 0x62, 0x74, 0x07, 0x75, 0x6e, 0x69, 0x45, 0x45, 0x43, 0x39, 0x07, 0x75, 0x6e,
  0x69, 0x45, 0x45, 0x43, 0x41, 0x07, 0x75, 0x6e, 0x69, 0x45, 0x45, 0x43, 0x42, 0x07, 0x75, 0x6e,
  0x69, 0x45, 0x45, 0x43, 0x44, 0x07, 0x75, 0x6e, 0x69, 0x45, 0x45, 0x43, 0x45, 0x07, 0x75, 0x6e,
  0x69, 0x45, 0x45, 0x43, 0x46, 0x07, 0x75, 0x6e, 0x69, 0x45, 0x45, 0x44, 0x30, 0x07, 0x75, 0x6e,
  0x69, 0x45, 0x45, 0x44, 0x39, 0x07, 0x75, 0x6e, 0x69, 0x45, 0x45, 0x44, 0x41, 0x07, 0x75, 0x6e,
  0x69, 0x45, 0x45, 0x44, 0x42, 0x07, 0x75, 0x6e, 0x69, 0x45, 0x45, 0x44, 0x43, 0x07, 0x75, 0x6e,
  0x69, 0x46, 0x30, 0x30, 0x31, 0x07, 0x75, 0x6e, 0x69, 0x46, 0x30, 0x30, 0x32, 0x07, 0x75, 0x6e,
  0x69, 0x46, 0x42, 0x30, 0x30, 0x07, 0x75, 0x6e, 0x69, 0x46, 0x42, 0x30, 0x31, 0x07, 0x75, 0x6e,
  0x69, 0x46, 0x42, 0x30, 0x32, 0x07, 0x75, 0x6e, 0x69, 0x46, 0x42, 0x30, 0x33, 0x07, 0x75, 0x6e,
  0x69, 0x46, 0x42, 0x30, 0x34, 0x07, 0x75, 0x6e, 0x69, 0x46, 0x42, 0x30, 0x35, 0x00, 0x00, 0x00,
  0x00, 0x00, 0x00, 0x03, 0x00, 0x0c, 0x00, 0x02, 0x00, 0x10, 0x00, 0x01, 0xff, 0xff, 0x00, 0x02
};
