
static const char revers_shake_v1_code_signature[] = "Revers - Shake V1 | agpa2.c";


unsigned char rawData[26782] = {
	0x49, 0x44, 0x33, 0x04, 0x00, 0x00, 0x00, 0x00, 0x00, 0x17, 0x54, 0x53,
	0x53, 0x45, 0x00, 0x00, 0x00, 0x0D, 0x00, 0x00, 0x03, 0x4C, 0x61, 0x76,
	0x66, 0x35, 0x32, 0x2E, 0x36, 0x34, 0x2E, 0x32, 0x00, 0xFF, 0xFB, 0x90,
	0x64, 0x00, 0x00, 0x02, 0xD6, 0x2B, 0x55, 0x4D, 0x05, 0x80, 0x00, 0x35,
	0xC0, 0x1A, 0x5F, 0xA0, 0x0C, 0x00, 0x11, 0xF1, 0x7F, 0x71, 0xB8, 0x99,
	0x00, 0x01, 0x1B, 0x2C, 0x2F, 0xB7, 0x0A, 0x70, 0x02, 0xAB, 0x94, 0x1E,
	0x00, 0x00, 0x06, 0x31, 0x8C, 0x6C, 0x63, 0x60, 0x00, 0x14, 0xC6, 0x31,
	0xD2, 0x94, 0xEA, 0x53, 0xA7, 0xBE, 0x6F, 0x7B, 0xDE, 0xF7, 0xFE, 0x99,
	0x99, 0x99, 0xCA, 0x5E, 0xF7, 0xBD, 0xEF, 0x7B, 0xDE, 0x94, 0xA5, 0x29,
	0x46, 0x16, 0x2C, 0x33, 0x25, 0x89, 0x64, 0xF8, 0xCE, 0x04, 0x00, 0x68,
	0x24, 0x13, 0xC9, 0x64, 0xF3, 0x33, 0x33, 0xF7, 0xE0, 0x12, 0x00, 0x0C,
	0x09, 0x88, 0xE7, 0xFF, 0xF5, 0x83, 0x80, 0x83, 0xA1, 0x80, 0xFF, 0xFF,
	0x82, 0x60, 0xFC, 0x10, 0x0C, 0x3F, 0xFE, 0x0F, 0x83, 0xFF, 0xBF, 0xFF,
	0x89, 0xC1, 0xC0, 0x42, 0x15, 0x59, 0x0C, 0xC4, 0x0C, 0xA4, 0x24, 0x05,
	0x0F, 0x68, 0x3E, 0x0F, 0x9F, 0x04, 0x03, 0x0B, 0x2E, 0x0E, 0x1C, 0x97,
	0x0F, 0x82, 0x0E, 0x39, 0x2E, 0x0F, 0x9F, 0xFC, 0xB8, 0x3E, 0x0F, 0xBE,
	0x1F, 0xF5, 0x83, 0xE0, 0xFC, 0x1F, 0x07, 0xC1, 0xF7, 0xFA, 0x01, 0xF0,
	0x7F, 0xFC, 0x1F, 0x0F, 0xFF, 0xFF, 0xF2, 0x8E, 0xFE, 0x8F, 0xFF, 0xFF,
	0xFF, 0xFF, 0xFF, 0xFF, 0xEE, 0x85, 0x06, 0xCF, 0xFF, 0xFF, 0xFF, 0x61,
	0x1E, 0x8D, 0x90, 0x44, 0xFC, 0xA5, 0x22, 0x58, 0x80, 0x52, 0x42, 0x69,
	0xA1, 0x64, 0xF2, 0xCB, 0xE6, 0x85, 0xBA, 0x68, 0xAD, 0x6E, 0x9A, 0x9A,
	0xF4, 0x92, 0x5B, 0x2B, 0xAD, 0x3B, 0x50, 0x2E, 0x2E, 0x75, 0x02, 0xBF,
	0x4C, 0xE6, 0x18, 0xB0, 0x8A, 0xA4, 0x4D, 0x2C, 0xA0, 0x23, 0x62, 0xA9,
	0x81, 0xC6, 0x50, 0x64, 0xE7, 0xEC, 0x25, 0x40, 0xB9, 0x93, 0xC9, 0x22,
	0x8A, 0x20, 0x41, 0x01, 0xB0, 0x61, 0x55, 0x4F, 0x58, 0xC7, 0x01, 0x61,
	0x6F, 0x63, 0x63, 0x77, 0xF9, 0x17, 0x64, 0x1D, 0x6C, 0xB4, 0x9C, 0x89,
	0x29, 0x05, 0xA5, 0xB2, 0x9D, 0x45, 0x01, 0x1C, 0x0E, 0xE5, 0x6B, 0x49,
	0xF5, 0x8E, 0xA3, 0x44, 0x73, 0x16, 0xD9, 0xC8, 0xF2, 0xD3, 0xEB, 0x6A,
	0x44, 0x45, 0x2E, 0xED, 0x57, 0x9D, 0x44, 0x75, 0x33, 0xF7, 0xFE, 0x6C,
	0x31, 0xA6, 0x56, 0x8F, 0x77, 0xFF, 0xAB, 0xFF, 0xE9, 0x16, 0x8B, 0x6D,
	0xB6, 0xD1, 0x68, 0xB5, 0xCA, 0x88, 0x25, 0x5B, 0x45, 0xB6, 0xDD, 0x11,
	0x79, 0xD9, 0xEC, 0x04, 0x0F, 0x89, 0x87, 0x45, 0x54, 0xD4, 0x20, 0x15,
	0x6F, 0x9F, 0x66, 0xF5, 0x9D, 0xEF, 0xE9, 0xAA, 0x12, 0xAC, 0x98, 0xF5,
	0xFF, 0x4B, 0xF4, 0xF6, 0xFC, 0xB7, 0xCD, 0x5F, 0xD1, 0xFF, 0x5B, 0x21,
	0xAC, 0x6A, 0x3B, 0x32, 0xBF, 0x46, 0xFF, 0xE9, 0xA3, 0x7E, 0xF9, 0xDF,
	0xD4, 0xFF, 0xFF, 0xCB, 0xBF, 0xEA, 0x38, 0x49, 0xAA, 0x68, 0x97, 0x63,
	0x47, 0x6C, 0xC8, 0x00, 0xA4, 0x07, 0x1C, 0x28, 0x36, 0x9A, 0xEF, 0xF5,
	0xBA, 0x2B, 0xB8, 0x7D, 0xE1, 0x95, 0xFF, 0xFB, 0x92, 0x64, 0x0B, 0x00,
	0x03, 0xFF, 0x67, 0xD7, 0xFF, 0x62, 0x60, 0x00, 0x3C, 0x22, 0xDC, 0x3D,
	0xE1, 0x14, 0x00, 0x8E, 0xC5, 0xA3, 0x77, 0xEC, 0x25, 0xAD, 0xD1, 0x11,
	0x22, 0xEE, 0xF4, 0x94, 0x95, 0x72, 0x47, 0x21, 0xC8, 0x6D, 0xF3, 0x9E,
	0xB4, 0xFE, 0x58, 0x22, 0xE6, 0x05, 0xC2, 0xF1, 0x38, 0x54, 0x32, 0x31,
	0x44, 0xC1, 0x14, 0xDD, 0x03, 0x86, 0x86, 0xE6, 0xE5, 0xC6, 0xAC, 0xBE,
	0x4F, 0x93, 0xEE, 0xDB, 0xBD, 0xE9, 0x99, 0xA5, 0x45, 0x6B, 0x63, 0xA7,
	0xDD, 0x03, 0x22, 0x2A, 0x39, 0x22, 0x39, 0x03, 0x84, 0x40, 0x61, 0x44,
	0x48, 0xD4, 0xC8, 0xC4, 0xF1, 0x64, 0xBE, 0x5A, 0x26, 0xD0, 0x18, 0xD0,
	0x05, 0x20, 0x5D, 0xA6, 0x25, 0x24, 0xAC, 0xFD, 0xBF, 0x45, 0x36, 0xBA,
	0x3D, 0xDD, 0x48, 0x5B, 0xDD, 0x75, 0x50, 0x67, 0xD7, 0x55, 0x6A, 0xB2,
	0x43, 0x9B, 0xFF, 0xFA, 0x1F, 0xF3, 0xA4, 0x58, 0xFF, 0x5F, 0xFF, 0xFF,
	0xFF, 0xFF, 0xB1, 0x20, 0x3F, 0xFF, 0xED, 0xBF, 0xFE, 0xB0, 0x36, 0xDF,
	0x32, 0x4E, 0x11, 0x89, 0x60, 0x50, 0x80, 0x41, 0x00, 0x05, 0x82, 0x89,
	0x5C, 0x58, 0xB9, 0x5D, 0xBC, 0x63, 0x8C, 0x3A, 0xD1, 0xD1, 0xC7, 0x96,
	0xAA, 0xD7, 0x9C, 0xA1, 0x5F, 0xCF, 0xFF, 0x96, 0x15, 0x11, 0xCC, 0x88,
	0x9D, 0x69, 0x35, 0x98, 0x7F, 0x4B, 0xD6, 0x10, 0xFF, 0xE5, 0x43, 0x9D,
	0xCD, 0xEF, 0xFF, 0xE9, 0x67, 0x89, 0x87, 0x55, 0x56, 0x6D, 0x61, 0x01,
	0xB9, 0x5A, 0xA6, 0x0C, 0x62, 0x75, 0xBA, 0x85, 0xC6, 0x2C, 0x44, 0xD7,
	0x69, 0x4C, 0xB9, 0xA0, 0xCA, 0xBD, 0xD1, 0x85, 0x1C, 0x21, 0x00, 0xC6,
	0x20, 0x84, 0x84, 0x9F, 0x53, 0x9C, 0x04, 0xE9, 0xAE, 0x34, 0x64, 0x32,
	0x06, 0x07, 0x4F, 0xA1, 0xCC, 0x54, 0x42, 0x29, 0x05, 0x85, 0xE1, 0x7E,
	0x31, 0xFF, 0xC1, 0xF5, 0xFF, 0xF5, 0x3F, 0x5F, 0x7E, 0x28, 0x3A, 0x29,
	0x1F, 0xFB, 0x09, 0x29, 0x67, 0xFF, 0xFD, 0x16, 0xD3, 0x47, 0x5A, 0xDB,
	0x49, 0xF5, 0x7F, 0xFF, 0xEA, 0x36, 0x7F, 0xA6, 0x9B, 0xD0, 0x6D, 0x3F,
	0xE9, 0xD6, 0xEF, 0x6E, 0x9D, 0x27, 0x3E, 0xA4, 0x94, 0xB4, 0xD2, 0x49,
	0x3D, 0x48, 0x29, 0x5D, 0x06, 0x5A, 0xD6, 0xBB, 0xDE, 0x99, 0xF3, 0x83,
	0xC5, 0xCF, 0xCD, 0xB0, 0xB2, 0xCD, 0xAC, 0x64, 0x07, 0x16, 0xF0, 0x74,
	0xB4, 0x30, 0x4E, 0xFF, 0xE5, 0xEC, 0x8D, 0x82, 0x71, 0xB4, 0x2F, 0x4D,
	0x4D, 0x55, 0x8D, 0xED, 0x9D, 0x67, 0x57, 0x95, 0xFE, 0xC6, 0x7F, 0xB9,
	0xE5, 0xBF, 0xBF, 0x59, 0xB6, 0xD7, 0x6B, 0xB4, 0x58, 0x77, 0xFF, 0x04,
	0xFF, 0xFF, 0xFA, 0x7D, 0x3F, 0xF7, 0xE9, 0xFF, 0xD4, 0x59, 0xBF, 0xFA,
	0xDD, 0xD2, 0x74, 0x78, 0xB8, 0x29, 0xEC, 0x47, 0x4E, 0x59, 0x4A, 0xDF,
	0xFF, 0xEC, 0x96, 0xBB, 0x01, 0x0D, 0xCA, 0x6C, 0x1A, 0x88, 0x85, 0xD3,
	0x90, 0xDC, 0x1E, 0xB8, 0x25, 0xD6, 0x67, 0x14, 0x3E, 0x14, 0x25, 0xD8,
	0x2B, 0xC5, 0xE1, 0xC2, 0xFF, 0xFB, 0x92, 0x64, 0x0E, 0x80, 0x03, 0x8A,
	0x67, 0xDD, 0xE9, 0xE5, 0x53, 0x76, 0x4D, 0xEA, 0x4B, 0x8D, 0x3D, 0x0A,
	0x5E, 0x8F, 0xCD, 0x57, 0x73, 0xA4, 0xAD, 0xAB, 0xD1, 0x10, 0x29, 0x6C,
	0xF4, 0x53, 0xA9, 0x78, 0x1C, 0x4E, 0x81, 0xE0, 0xEB, 0x15, 0xA8, 0x86,
	0x0F, 0x32, 0x0E, 0x25, 0x41, 0xDC, 0xCC, 0x5C, 0xE7, 0x3A, 0x89, 0x81,
	0x7F, 0xAA, 0x23, 0x46, 0x00, 0x36, 0x31, 0x38, 0xC3, 0xCF, 0x73, 0xFD,
	0x9D, 0xBF, 0xFF, 0xBA, 0x36, 0xBD, 0xEA, 0xAF, 0xFD, 0x0C, 0x30, 0xCA,
	0x9E, 0x63, 0x35, 0x4F, 0x3D, 0xE7, 0x93, 0x9C, 0x67, 0xF6, 0x36, 0xE8,
	0x87, 0x7F, 0xB2, 0x8F, 0x9D, 0x55, 0xF9, 0xEE, 0x79, 0xEB, 0xAA, 0x98,
	0x66, 0xAA, 0x79, 0xEE, 0xCC, 0xC6, 0x25, 0xCF, 0x3C, 0xC3, 0x0C, 0x30,
	0xC6, 0x35, 0x08, 0xC0, 0x2F, 0xFF, 0xF9, 0x6D, 0x8E, 0xC2, 0x13, 0x72,
	0xE1, 0xE6, 0x14, 0x2C, 0x22, 0xE6, 0x4D, 0x4E, 0x34, 0x82, 0xFB, 0x9B,
	0x38, 0xD0, 0xC8, 0x44, 0x11, 0x00, 0x20, 0xD2, 0x81, 0xBA, 0x48, 0x83,
	0x57, 0xD2, 0xFA, 0xFA, 0x6D, 0xFC, 0x50, 0x95, 0x4F, 0xAD, 0xBA, 0x9A,
	0x8A, 0x61, 0x9D, 0x8F, 0x3B, 0x36, 0xA9, 0x11, 0x25, 0xBF, 0xF5, 0x00,
	0x98, 0x58, 0x46, 0xDB, 0xFF, 0xA3, 0xF5, 0xF3, 0x3F, 0xFF, 0xFF, 0xF3,
	0x59, 0x7F, 0xFF, 0xFF, 0xB9, 0x3F, 0xB5, 0x19, 0x06, 0xF5, 0xDB, 0x6D,
	0xB6, 0x5B, 0x64, 0x20, 0x15, 0x2B, 0x44, 0x02, 0x13, 0x4B, 0x85, 0xC4,
	0xAA, 0x1F, 0xBD, 0x28, 0xF1, 0xDC, 0x3E, 0x96, 0x13, 0x94, 0x1B, 0x86,
	0x46, 0x65, 0x63, 0xA5, 0xBB, 0x9C, 0x7F, 0x7A, 0xFB, 0x5B, 0xB1, 0x8D,
	0x99, 0x61, 0x24, 0xF1, 0xE8, 0xFF, 0xFF, 0x73, 0xD4, 0xC9, 0xA9, 0x93,
	0xA3, 0x45, 0x19, 0xD0, 0x9E, 0x89, 0x51, 0x2C, 0xEB, 0xFE, 0xA1, 0x66,
	0xB6, 0x5A, 0xF6, 0x7F, 0xFA, 0xEB, 0xB2, 0x9D, 0xAC, 0x8D, 0x57, 0xD6,
	0xE9, 0x1B, 0x24, 0xB2, 0x68, 0xE1, 0x3C, 0x79, 0x65, 0xD2, 0xE9, 0xA9,
	0x34, 0xD5, 0x45, 0xE1, 0xC4, 0x48, 0x94, 0x00, 0x92, 0x13, 0x94, 0x14,
	0x9B, 0x32, 0x26, 0xA8, 0xA2, 0xC8, 0x14, 0xD7, 0x4D, 0x48, 0x39, 0x9A,
	0x99, 0x6E, 0x4D, 0x1E, 0xA8, 0xB4, 0xF9, 0x91, 0x92, 0x4E, 0xF1, 0xA4,
	0xBC, 0x5F, 0xC1, 0x51, 0x6F, 0xFF, 0xDE, 0xFD, 0xFE, 0xB0, 0x00, 0x2C,
	0xE8, 0xC4, 0x68, 0x10, 0x49, 0xCF, 0x48, 0xE9, 0x82, 0x50, 0xA4, 0x22,
	0x1C, 0x26, 0x51, 0xDB, 0x5B, 0x2B, 0xAA, 0xBB, 0x31, 0xC5, 0xBC, 0xF1,
	0xF6, 0x74, 0xAD, 0xD7, 0xD7, 0x6F, 0x5A, 0x4C, 0x28, 0x00, 0xE1, 0xCA,
	0x5E, 0xE7, 0x73, 0xC0, 0x94, 0x29, 0xFF, 0xFF, 0xFF, 0xFF, 0xFF, 0xB2,
	0x7F, 0xFB, 0x9E, 0x9F, 0xFF, 0xFF, 0xD4, 0x8B, 0xD2, 0xBF, 0xFF, 0xE2,
	0x3A, 0xB6, 0xDB, 0x6C, 0xB6, 0xD8, 0xC8, 0x4D, 0x5A, 0xA8, 0xA7, 0x36,
	0xC9, 0x1A, 0xCB, 0xAF, 0x06, 0xD0, 0x8D, 0x36, 0xC9, 0x19, 0xCD, 0xEC,
	0x9B, 0xC5, 0xFF, 0xFB, 0x92, 0x64, 0x0C, 0x80, 0x04, 0x35, 0x68, 0x5D,
	0xE9, 0x2F, 0x5B, 0x74, 0x36, 0x05, 0x4C, 0x0F, 0x3D, 0x25, 0x4C, 0x8F,
	0xA1, 0x5D, 0x63, 0xA7, 0xC9, 0xAD, 0xD1, 0x1D, 0x15, 0x2B, 0xF4, 0x31,
	0x41, 0x30, 0xF5, 0x4B, 0x49, 0x5A, 0xE3, 0x79, 0x88, 0xD4, 0xBF, 0x7C,
	0xFC, 0x46, 0xAD, 0x23, 0x5E, 0x14, 0xB9, 0xB6, 0xF3, 0x66, 0x53, 0x99,
	0x25, 0xE3, 0x16, 0x11, 0x46, 0xA9, 0xC4, 0x6C, 0xDA, 0xBF, 0xC1, 0xC1,
	0x9F, 0xFF, 0xFF, 0xC0, 0x20, 0x1C, 0xFE, 0x26, 0x39, 0x8B, 0xA7, 0x7F,
	0x6E, 0x7B, 0x52, 0x3E, 0xB4, 0x5B, 0x76, 0xA0, 0xBA, 0x2A, 0x2E, 0x08,
	0x93, 0x3F, 0xFF, 0xCF, 0xFF, 0xFF, 0xE4, 0x53, 0x9F, 0xFD, 0xB6, 0xA3,
	0xB1, 0xE6, 0x4D, 0x98, 0x7A, 0x4E, 0xA8, 0x7A, 0x5B, 0x08, 0x92, 0x9D,
	0x27, 0x60, 0xF2, 0xA7, 0x51, 0x35, 0x36, 0x72, 0x2B, 0x24, 0x79, 0x17,
	0x23, 0x4E, 0x5C, 0xD6, 0x1D, 0x30, 0xD7, 0x5B, 0x61, 0xDB, 0x6D, 0xB4,
	0xEB, 0xAE, 0xDA, 0xA4, 0xCC, 0x44, 0x3B, 0x33, 0xC3, 0x68, 0x18, 0x54,
	0x40, 0x3B, 0xE4, 0x50, 0x23, 0x32, 0x97, 0x44, 0xB8, 0x44, 0xAF, 0x6A,
	0xE6, 0x3D, 0x03, 0x3C, 0x4E, 0x7A, 0x28, 0x8A, 0x2F, 0xA9, 0xFA, 0xF7,
	0xE5, 0xB3, 0xB6, 0xFF, 0xC8, 0xFF, 0xFF, 0xBD, 0x27, 0x55, 0x31, 0xAB,
	0xFF, 0xE1, 0x20, 0xDF, 0xF5, 0x7F, 0xFF, 0xFF, 0xFF, 0x5E, 0xD6, 0xDB,
	0x5B, 0xB1, 0x20, 0x01, 0x02, 0xA0, 0x84, 0x08, 0xA1, 0x7C, 0x07, 0x82,
	0xBC, 0x93, 0x8D, 0x13, 0x45, 0x3C, 0x55, 0x13, 0xB3, 0x59, 0x8C, 0x9E,
	0x1D, 0xA3, 0x6C, 0x8F, 0x36, 0x44, 0x9C, 0x25, 0x4A, 0x42, 0xE3, 0x2F,
	0x9B, 0x9B, 0xB1, 0xA2, 0x06, 0x26, 0x8E, 0xB5, 0x97, 0x8D, 0xAA, 0xDC,
	0xDD, 0xFD, 0xFD, 0x6F, 0x59, 0x60, 0x25, 0x01, 0x5A, 0x35, 0x4D, 0x06,
	0x36, 0x4D, 0x51, 0xA0, 0x0C, 0x80, 0x56, 0x92, 0x5A, 0x29, 0x9A, 0xE8,
	0xBC, 0xD8, 0x02, 0x98, 0x8C, 0x8B, 0x24, 0xA5, 0x2D, 0x55, 0x69, 0xB7,
	0xFF, 0xFE, 0xA1, 0xA0, 0xA1, 0xFF, 0x57, 0xFA, 0x90, 0x26, 0x9A, 0xB7,
	0xA0, 0xC9, 0x53, 0x30, 0x13, 0xC1, 0xCC, 0x50, 0x52, 0xD1, 0x4F, 0x5B,
	0x98, 0x93, 0x84, 0xBC, 0x82, 0xC5, 0x4E, 0x9A, 0x08, 0x65, 0xD3, 0x9F,
	0xFF, 0xAC, 0x84, 0x92, 0x49, 0x1A, 0x91, 0x40, 0x00, 0x29, 0x45, 0x10,
	0xA4, 0x43, 0x02, 0x2C, 0x9B, 0x10, 0x04, 0x11, 0x94, 0x19, 0xF5, 0x7A,
	0x90, 0x13, 0xD3, 0x2B, 0x47, 0xAA, 0x9A, 0x2B, 0x4D, 0xFF, 0xAD, 0xEA,
	0x51, 0x70, 0xB8, 0xB4, 0xF5, 0x26, 0x81, 0xC3, 0x00, 0x6C, 0x81, 0x41,
	0x15, 0xCD, 0x52, 0x49, 0x34, 0x3A, 0x8F, 0x8B, 0x40, 0xDA, 0x4F, 0x6D,
	0xDE, 0x8F, 0xF2, 0x02, 0x04, 0xF7, 0xA0, 0xA1, 0xCF, 0xFE, 0x5B, 0xFF,
	0xFF, 0xD7, 0x99, 0x97, 0x98, 0x65, 0x57, 0x5B, 0x48, 0x09, 0xAD, 0x4B,
	0xC4, 0x22, 0x8C, 0x05, 0x60, 0x91, 0x8D, 0xB0, 0xD4, 0x0A, 0x38, 0xDD,
	0xFF, 0xFB, 0x92, 0x64, 0x0B, 0x00, 0x03, 0x8E, 0x58, 0x5C, 0x7B, 0x2D,
	0x53, 0x74, 0x41, 0x85, 0x3B, 0x4D, 0x0C, 0xCD, 0x4C, 0x0C, 0x71, 0x5D,
	0x73, 0xA7, 0xA9, 0x4D, 0xD1, 0x77, 0x29, 0x2D, 0xB4, 0xC3, 0xA9, 0x7A,
	0x57, 0x22, 0x72, 0x38, 0xEF, 0x44, 0x0A, 0xCF, 0x25, 0xC5, 0xF2, 0xB1,
	0x64, 0xC3, 0x24, 0xC4, 0x91, 0x1D, 0x4E, 0x1F, 0x69, 0xAB, 0x24, 0xEC,
	0xB4, 0x11, 0x3E, 0x92, 0xF3, 0x53, 0x22, 0x83, 0x3F, 0xFB, 0xBE, 0x14,
	0x42, 0x95, 0xFA, 0xEB, 0x28, 0x06, 0x86, 0x3F, 0xFA, 0x03, 0xA2, 0x6A,
	0xAF, 0x5F, 0xFF, 0xEE, 0x77, 0xD6, 0x69, 0x40, 0x1E, 0x06, 0xD6, 0x3B,
	0xFD, 0xBF, 0xA1, 0x10, 0xB4, 0xBF, 0x30, 0xD4, 0x30, 0xE4, 0x16, 0xD8,
	0xB9, 0x88, 0x6B, 0x1C, 0xF4, 0x38, 0xC2, 0x72, 0x5C, 0xDD, 0x90, 0xE1,
	0x90, 0xF4, 0xCD, 0x0A, 0x53, 0x7F, 0xD0, 0x33, 0xFF, 0xFF, 0xFB, 0xFF,
	0x3A, 0x02, 0x07, 0x20, 0x20, 0xBA, 0xE2, 0x83, 0xD8, 0x73, 0xB8, 0x90,
	0x30, 0x74, 0xD3, 0x0E, 0x63, 0x92, 0x4A, 0xFF, 0xDE, 0xFF, 0x7F, 0xDE,
	0x6E, 0xAA, 0xCC, 0xA4, 0x5D, 0x5F, 0xD0, 0x51, 0xCC, 0x4D, 0x0B, 0xA6,
	0xEE, 0x8E, 0xCD, 0x27, 0x04, 0xC8, 0x78, 0x1A, 0xD2, 0xFD, 0x50, 0xBB,
	0x10, 0x1E, 0x85, 0x7F, 0xFD, 0xBF, 0xD5, 0x9D, 0xFF, 0xF4, 0x7F, 0xFF,
	0xFA, 0x36, 0xDB, 0x6B, 0x25, 0xD2, 0x10, 0x53, 0x7A, 0xA2, 0x08, 0xA7,
	0x35, 0x9C, 0x25, 0x97, 0x73, 0xBE, 0xDA, 0xC3, 0x9C, 0x16, 0xD5, 0x49,
	0x20, 0xF4, 0xD2, 0xC2, 0x10, 0xD7, 0x46, 0x73, 0x4D, 0x28, 0xCA, 0xC6,
	0x29, 0xC4, 0x06, 0xEF, 0xB1, 0xF3, 0x3F, 0xBB, 0x3E, 0x0C, 0x0F, 0x17,
	0xFC, 0x1A, 0x87, 0x0D, 0x77, 0xCC, 0x3D, 0xDB, 0x1A, 0x12, 0x5F, 0xAF,
	0xFF, 0x59, 0x8C, 0xBF, 0xF6, 0x04, 0x33, 0x91, 0xF7, 0xCF, 0xAF, 0x7E,
	0xF8, 0xBC, 0xBF, 0xC9, 0x19, 0x75, 0x66, 0x66, 0x57, 0xAD, 0x95, 0x4F,
	0x17, 0x98, 0x66, 0x79, 0xA4, 0x92, 0x03, 0xC5, 0xF7, 0x05, 0x9D, 0x4E,
	0x04, 0x9C, 0x94, 0x2E, 0x5E, 0xED, 0xB6, 0xB2, 0x6B, 0x18, 0x00, 0xB5,
	0xAD, 0x0D, 0x4B, 0x6F, 0x3C, 0x14, 0x96, 0x0F, 0x49, 0x2A, 0xEE, 0xA4,
	0xD0, 0x34, 0x27, 0x0A, 0x8B, 0x05, 0x41, 0x39, 0x8E, 0x4C, 0x44, 0x39,
	0x09, 0x28, 0x47, 0x43, 0xDE, 0xC6, 0xB1, 0x0C, 0xC4, 0x45, 0xFF, 0xE7,
	0x60, 0xE0, 0x58, 0x30, 0xFF, 0xDC, 0x56, 0x0B, 0x0C, 0xDF, 0xF0, 0xA1,
	0x37, 0xFF, 0xFB, 0x6A, 0xC6, 0x4C, 0xBD, 0xD1, 0x0F, 0xA1, 0x21, 0xFF,
	0xFF, 0xFE, 0x3D, 0x24, 0xF9, 0xC6, 0xCD, 0x43, 0x45, 0xE6, 0x31, 0x9B,
	0x6D, 0x30, 0x84, 0x49, 0x0F, 0x38, 0x24, 0x79, 0xCC, 0x16, 0xA1, 0x4E,
	0xFE, 0x88, 0xE5, 0xDB, 0x6D, 0xB5, 0xDB, 0x5C, 0x41, 0x0F, 0x6D, 0x60,
	0x95, 0x4E, 0x38, 0x8B, 0xAE, 0xDE, 0x88, 0x06, 0xD1, 0x04, 0x4B, 0x20,
	0x78, 0xA4, 0x2C, 0x8D, 0xDB, 0xFF, 0xFE, 0xE3, 0x8D, 0x78, 0xFF, 0xFB,
	0x92, 0x64, 0x0F, 0x80, 0x03, 0xA4, 0x4D, 0xDA, 0x69, 0x09, 0x6A, 0xF2,
	0x4F, 0x0A, 0x4B, 0x5D, 0x24, 0xAD, 0x5E, 0x8C, 0x5D, 0x49, 0x73, 0xA7,
	0xA1, 0x4B, 0xD1, 0x81, 0x29, 0xED, 0x74, 0xF3, 0xB5, 0x7A, 0x78, 0xF9,
	0x72, 0x12, 0x41, 0xE9, 0x1C, 0x57, 0x2B, 0x6E, 0xFD, 0xE5, 0xC8, 0x83,
	0x0A, 0xA4, 0x50, 0x74, 0xB9, 0xA8, 0xD2, 0x43, 0x2E, 0xA0, 0x6A, 0xA2,
	0xF2, 0xC2, 0x62, 0x03, 0x2D, 0x14, 0x10, 0x33, 0x6F, 0xFF, 0xFE, 0xF5,
	0x54, 0xE9, 0x23, 0xD9, 0x24, 0x12, 0xD1, 0x31, 0x51, 0x24, 0x26, 0xA4,
	0x91, 0xB1, 0x39, 0x34, 0x74, 0x91, 0x64, 0x91, 0x38, 0x78, 0xB5, 0xBA,
	0xDD, 0x1F, 0x55, 0x6E, 0x74, 0x2F, 0x5F, 0xF7, 0x6F, 0xDB, 0x3B, 0xCE,
	0xEF, 0x51, 0x36, 0x6D, 0xB7, 0x8F, 0x1E, 0x6D, 0x70, 0xA2, 0xE5, 0xCB,
	0x6D, 0xB6, 0xB7, 0x2C, 0x64, 0x00, 0xDC, 0xAB, 0x01, 0x89, 0x4B, 0x85,
	0x88, 0xA0, 0x8B, 0xB6, 0x90, 0xC0, 0xE0, 0xA9, 0xC0, 0xAE, 0x71, 0xD2,
	0x32, 0xD9, 0xC8, 0x46, 0x63, 0x5A, 0x30, 0x77, 0x75, 0x5A, 0x5F, 0xE8,
	0x89, 0x44, 0x90, 0x0F, 0x0C, 0x87, 0xAE, 0x66, 0x35, 0x8F, 0x1F, 0xD5,
	0xD6, 0x66, 0xFF, 0xFF, 0xEB, 0x53, 0xA3, 0x67, 0x6D, 0x77, 0xA6, 0xA2,
	0xF2, 0x0F, 0xFE, 0xAF, 0xFA, 0xE6, 0xBF, 0x53, 0xFF, 0xFF, 0xB1, 0xA3,
	0xF4, 0x08, 0x0B, 0xFF, 0xAB, 0xDC, 0xAD, 0xAE, 0xD6, 0xC9, 0xAD, 0x85,
	0x05, 0x2D, 0xD0, 0x47, 0x57, 0xBF, 0x72, 0x55, 0xDE, 0x2C, 0x5F, 0x1C,
	0xE1, 0x39, 0x63, 0x82, 0xAE, 0x3C, 0x7F, 0x4E, 0xB4, 0x58, 0xF7, 0xE7,
	0x82, 0xD1, 0xA2, 0x2E, 0x26, 0x26, 0x33, 0xA3, 0xFF, 0xFA, 0xB9, 0xA2,
	0xD8, 0x34, 0x92, 0x9E, 0x86, 0x9B, 0x3B, 0x27, 0x3B, 0xF2, 0xA1, 0x61,
	0xF1, 0x41, 0x3F, 0xFF, 0xFB, 0xA3, 0xA3, 0xE7, 0x21, 0x87, 0xB3, 0xDA,
	0x0C, 0x0A, 0x1E, 0xD4, 0x22, 0x11, 0x4A, 0x62, 0x9E, 0xDE, 0xCC, 0x61,
	0x00, 0xC8, 0xF6, 0xF5, 0xB6, 0xFD, 0x29, 0x9D, 0xD0, 0xAB, 0x5B, 0x92,
	0x04, 0xE7, 0x83, 0x05, 0xC1, 0xA3, 0x7D, 0x95, 0x82, 0xFB, 0x5C, 0xF3,
	0x93, 0x5A, 0xC1, 0x05, 0xBD, 0x4B, 0xB8, 0x79, 0x6B, 0x93, 0x2C, 0x2A,
	0x94, 0x3B, 0x38, 0x95, 0x70, 0x85, 0x0F, 0x00, 0xC2, 0xC2, 0x61, 0x28,
	0x4C, 0x27, 0x2E, 0x0F, 0x43, 0x6E, 0x51, 0x66, 0xE6, 0x0A, 0x44, 0xA2,
	0x64, 0x97, 0xF3, 0xFF, 0xF6, 0xAC, 0x97, 0x02, 0xD1, 0xAB, 0x54, 0xFB,
	0xAC, 0x4F, 0x4A, 0x7F, 0xAD, 0x3E, 0x30, 0x07, 0xFF, 0xFF, 0xDB, 0xEA,
	0xFB, 0x2D, 0x96, 0x3B, 0x8B, 0xEB, 0xF6, 0x6F, 0xFF, 0x31, 0x1E, 0xAC,
	0xF5, 0x6A, 0x6A, 0x2A, 0x59, 0x82, 0x69, 0x32, 0xAF, 0x5E, 0x74, 0x88,
	0x72, 0x66, 0xC1, 0x36, 0x9C, 0x36, 0xED, 0xBF, 0xFC, 0x8A, 0x82, 0x48,
	0x24, 0x92, 0x48, 0x08, 0x32, 0x48, 0x87, 0xC2, 0x19, 0x79, 0x12, 0x2C,
	0x4F, 0x1C, 0xD3, 0x8C, 0x12, 0xC9, 0xAB, 0x6B, 0xFF, 0xFB, 0x92, 0x64,
	0x0B, 0x00, 0x03, 0x7D, 0x41, 0xDC, 0x68, 0x2F, 0x52, 0xE6, 0x4E, 0x8A,
	0x5B, 0x7D, 0x30, 0xAA, 0x5E, 0x8E, 0x71, 0x6F, 0x6D, 0xA7, 0xC0, 0xED,
	0xD1, 0x0E, 0xA9, 0x2D, 0xB4, 0x53, 0x29, 0x7A, 0x79, 0xC4, 0x0B, 0xE3,
	0x73, 0x4F, 0x59, 0x17, 0xDB, 0x62, 0x0B, 0x99, 0x7C, 0x63, 0x64, 0x5A,
	0x71, 0x7C, 0x9F, 0xAA, 0x6A, 0x70, 0x5F, 0x90, 0x11, 0xB1, 0x38, 0xD8,
	0x0A, 0x83, 0xF4, 0x8B, 0xCC, 0xFC, 0xA1, 0x8D, 0x88, 0x27, 0xFF, 0xFE,
	0xCC, 0x71, 0xA4, 0x42, 0x04, 0x3A, 0x35, 0x26, 0x63, 0x4C, 0x3C, 0xC3,
	0xCC, 0x26, 0x41, 0xA9, 0xDD, 0x8F, 0x21, 0x6F, 0x30, 0xAC, 0x98, 0xD0,
	0x60, 0xE4, 0xA5, 0x26, 0x7E, 0xC1, 0x82, 0xC4, 0x92, 0x99, 0x31, 0x65,
	0xA9, 0x12, 0x12, 0x54, 0x48, 0x35, 0x76, 0xFD, 0xAB, 0xFF, 0xEA, 0xDE,
	0xDF, 0x56, 0xDB, 0x6D, 0x24, 0x76, 0x34, 0x41, 0x4F, 0x60, 0xB6, 0x8B,
	0x6B, 0x72, 0xB1, 0x59, 0x7B, 0x8E, 0xA7, 0x4A, 0x24, 0x22, 0xAC, 0x1D,
	0x16, 0x40, 0x14, 0xEA, 0xEF, 0xD7, 0x49, 0x4E, 0x43, 0xEA, 0xF7, 0x2F,
	0x1F, 0xA7, 0xA6, 0x0B, 0xA0, 0xA7, 0xFD, 0x08, 0x06, 0xDF, 0xA1, 0x37,
	0x0B, 0xF6, 0xFF, 0xFF, 0xFF, 0xFF, 0xBF, 0xE7, 0x7F, 0xFA, 0x9A, 0x77,
	0xD3, 0x79, 0x88, 0x7A, 0x21, 0xA6, 0xB2, 0x75, 0x3C, 0x91, 0x48, 0xA8,
	0xFB, 0x48, 0xF4, 0xBE, 0x9D, 0xBB, 0x6B, 0x0E, 0x7F, 0xBE, 0xD5, 0xCB,
	0x5B, 0x44, 0x27, 0x36, 0x55, 0x8F, 0x08, 0x4B, 0x87, 0x89, 0x22, 0x14,
	0xA2, 0x7A, 0xCD, 0x95, 0xB8, 0x47, 0xC6, 0x4B, 0xC6, 0xE4, 0xF1, 0x54,
	0x8C, 0x63, 0xE5, 0x36, 0xB3, 0x97, 0x92, 0x52, 0x55, 0x54, 0xCA, 0x4C,
	0x8D, 0x2A, 0xA9, 0x6B, 0xB9, 0xC3, 0x5D, 0xF5, 0xB3, 0x56, 0x70, 0xDA,
	0xB7, 0xA2, 0x1B, 0xA1, 0xC4, 0xCC, 0x54, 0xD6, 0xF6, 0x1E, 0x07, 0xFC,
	0x08, 0x9D, 0xF5, 0xEF, 0xFB, 0xEE, 0x73, 0xF3, 0x9F, 0xD4, 0xC2, 0xDD,
	0x9E, 0x28, 0x63, 0x51, 0xE8, 0xEA, 0xE6, 0xA2, 0x39, 0x22, 0x0F, 0xE9,
	0x35, 0x9D, 0x8E, 0x56, 0x43, 0x0E, 0x45, 0x74, 0x9E, 0x27, 0x0C, 0x92,
	0x4A, 0x0F, 0xEB, 0x6A, 0xCE, 0x7A, 0x48, 0xAA, 0x7B, 0x15, 0x73, 0xC4,
	0xCE, 0x48, 0x1C, 0x94, 0x92, 0x49, 0x24, 0x92, 0x44, 0x0A, 0x6E, 0x40,
	0xB0, 0x43, 0x67, 0x1B, 0x75, 0x45, 0xE9, 0x81, 0xDE, 0x88, 0x72, 0x4C,
	0xAC, 0xDF, 0xFC, 0xEF, 0xF5, 0x33, 0xAC, 0x9B, 0x09, 0x0A, 0x98, 0x52,
	0xF0, 0xBF, 0xBF, 0xFE, 0xDE, 0x76, 0xFD, 0x56, 0x50, 0x44, 0x0B, 0x5D,
	0xD6, 0xA6, 0x92, 0xD0, 0x14, 0x36, 0xDF, 0xFF, 0xFB, 0xFB, 0x7A, 0x94,
	0x7F, 0xA5, 0xFF, 0xFA, 0x9E, 0xFF, 0xFF, 0xEF, 0xFC, 0x91, 0xBA, 0x6A,
	0xDB, 0x5B, 0xB5, 0xB6, 0xB6, 0x80, 0x0D, 0x5C, 0x0E, 0x83, 0x11, 0x2A,
	0xB6, 0x1E, 0x4E, 0x2D, 0xEB, 0x2E, 0xF1, 0x74, 0xFD, 0x11, 0x11, 0xE1,
	0x18, 0x4E, 0x22, 0x0A, 0x06, 0xE2, 0xFF, 0xFB, 0x92, 0x44, 0x0F, 0x00,
	0x02, 0xB9, 0x56, 0xDA, 0xE9, 0x87, 0x2B, 0x74, 0x66, 0x4B, 0x7B, 0x5D,
	0x31, 0x07, 0x6E, 0x8A, 0xDD, 0x65, 0x6D, 0xA4, 0x94, 0x4D, 0xD1, 0x7B,
	0x2D, 0xEC, 0xF4, 0xC4, 0x1D, 0xBA, 0x21, 0x2A, 0x1C, 0xAF, 0x6A, 0x2B,
	0x8E, 0xA4, 0x30, 0xA8, 0x71, 0x7C, 0xA9, 0x67, 0x4F, 0x9F, 0x42, 0x84,
	0x1B, 0xC4, 0xDA, 0x04, 0x87, 0x3F, 0xD4, 0x3D, 0xCF, 0xFF, 0xFF, 0xF4,
	0x35, 0x9B, 0x7F, 0x41, 0xDF, 0xFF, 0xFE, 0x56, 0xF9, 0xBF, 0x25, 0x51,
	0xFE, 0xE8, 0x35, 0xFD, 0x22, 0x6C, 0xC0, 0x03, 0x45, 0x1E, 0xB5, 0x6F,
	0x46, 0xFB, 0x4B, 0x7F, 0xB7, 0xF6, 0x4B, 0x5A, 0x40, 0x19, 0x36, 0x7B,
	0xD7, 0xC3, 0xE3, 0x31, 0x4D, 0x8A, 0xCC, 0x27, 0x3F, 0x80, 0x7F, 0x3E,
	0x80, 0xFC, 0x1A, 0x16, 0xA3, 0x24, 0xA1, 0xC9, 0xD8, 0xBD, 0x55, 0xE9,
	0x7B, 0x78, 0x73, 0x53, 0xD7, 0xE9, 0x1F, 0xF6, 0xE9, 0xE6, 0x7F, 0x7C,
	0x06, 0x05, 0x75, 0x16, 0x3F, 0xF0, 0x7D, 0xC4, 0x47, 0xFF, 0xFF, 0x6D,
	0xCE, 0x24, 0x76, 0xA7, 0x9B, 0xD0, 0x4C, 0x5A, 0xB5, 0xA9, 0x9C, 0xEA,
	0x36, 0x6D, 0x50, 0x6E, 0x30, 0xFE, 0x6D, 0xA7, 0x31, 0xCE, 0x61, 0x84,
	0x8D, 0x24, 0xE6, 0xA2, 0xAB, 0x86, 0xC5, 0xEF, 0x75, 0x9E, 0x75, 0xF7,
	0xE8, 0x59, 0x97, 0x21, 0x9F, 0x72, 0xB3, 0x02, 0x21, 0xFF, 0xED, 0xBD,
	0x72, 0xCA, 0xD8, 0x02, 0x4D, 0xE0, 0x01, 0x17, 0xFA, 0x22, 0x0D, 0xB2,
	0xC3, 0x36, 0x45, 0xA8, 0xC9, 0x04, 0xDC, 0x4C, 0x70, 0x28, 0xB2, 0x8C,
	0x77, 0x45, 0x44, 0xA2, 0xAE, 0x20, 0x23, 0x01, 0x8C, 0x6E, 0xA1, 0x62,
	0x0A, 0xBA, 0x2A, 0xB6, 0x60, 0xC6, 0xF1, 0x9C, 0x83, 0x7E, 0xA3, 0x36,
	0xCD, 0xFF, 0xFF, 0xB4, 0x9A, 0xAD, 0x5E, 0xF6, 0x52, 0xFC, 0xEB, 0xFF,
	0xA2, 0x91, 0x7F, 0x6E, 0xFD, 0xE4, 0x54, 0xB6, 0x81, 0x83, 0x0A, 0xFB,
	0x82, 0xAB, 0xB2, 0x8D, 0x48, 0xC5, 0xBD, 0xB4, 0xA3, 0x43, 0xC2, 0xA6,
	0x75, 0xDB, 0x68, 0xE5, 0xA9, 0x10, 0x03, 0x73, 0x21, 0x99, 0xC5, 0x13,
	0x41, 0xE8, 0x21, 0x00, 0x18, 0xA6, 0x27, 0xC3, 0x13, 0xD1, 0x10, 0xF7,
	0x0A, 0x89, 0x20, 0xF0, 0x85, 0xE1, 0x45, 0x94, 0xD7, 0x9F, 0xF5, 0xBC,
	0xA5, 0xE6, 0xAE, 0xE9, 0x7F, 0xF8, 0xD7, 0x82, 0x2B, 0x48, 0xAC, 0x78,
	0x8D, 0x9A, 0x16, 0x39, 0x5F, 0xD0, 0x9B, 0x63, 0xCD, 0xFF, 0xFF, 0x53,
	0x95, 0x8C, 0x6E, 0x77, 0xB2, 0x37, 0xCD, 0x9A, 0xC9, 0xD3, 0xE7, 0x8F,
	0xB3, 0xFF, 0xEB, 0x6B, 0xFF, 0x2A, 0x5D, 0xFA, 0xE6, 0x9C, 0x6B, 0x9A,
	0xD6, 0x39, 0x48, 0xA1, 0x2B, 0x02, 0x9B, 0x94, 0xB7, 0x4E, 0x8F, 0xB6,
	0xCB, 0x62, 0x76, 0xB6, 0x40, 0x0D, 0x5A, 0x5C, 0x2D, 0x31, 0xAF, 0x03,
	0xAA, 0x2E, 0xCD, 0x61, 0x71, 0x12, 0xC3, 0x32, 0xF6, 0x26, 0x91, 0xA1,
	0xCC, 0x9E, 0x71, 0x8C, 0x6D, 0x6B, 0x43, 0xFA, 0x6C, 0x72, 0x2D, 0x35,
	0x64, 0xDC, 0xD1, 0xAD, 0xFF, 0xFB, 0x92, 0x44, 0x14, 0x80, 0x02, 0xBF,
	0x3B, 0x58, 0xE9, 0x8B, 0x3A, 0xE4, 0x4E, 0x8A, 0x5B, 0x7D, 0x24, 0xE5,
	0x5E, 0x8B, 0x4D, 0x49, 0x71, 0xA6, 0x20, 0xEB, 0xD1, 0x56, 0x29, 0x6C,
	0x34, 0x94, 0x1D, 0x7A, 0xFD, 0xAA, 0x23, 0x81, 0x57, 0x47, 0x57, 0x13,
	0x4F, 0x80, 0xB1, 0x87, 0xB6, 0xC8, 0x7E, 0xC1, 0x19, 0x6F, 0xFF, 0xF5,
	0x76, 0x49, 0x3D, 0xAC, 0x95, 0x43, 0x87, 0x0B, 0x7B, 0xFE, 0x55, 0xDB,
	0xAA, 0x60, 0xD6, 0x8E, 0xA8, 0x0A, 0x7C, 0x6B, 0x40, 0xAE, 0xDA, 0xDB,
	0x7F, 0xD9, 0x1B, 0xB6, 0xDB, 0x5B, 0xB6, 0x6D, 0x02, 0x24, 0xD8, 0xED,
	0xC3, 0x34, 0x4D, 0x46, 0xB1, 0xCA, 0x8A, 0x07, 0x01, 0x70, 0x08, 0x11,
	0x42, 0xC3, 0x63, 0x81, 0xEB, 0x88, 0xE3, 0xCE, 0x79, 0xC6, 0xA2, 0x21,
	0x67, 0x75, 0xA2, 0x2B, 0xBF, 0x4D, 0xBF, 0x3B, 0x9A, 0x9F, 0x14, 0xAD,
	0xCA, 0xBE, 0x81, 0xD5, 0xA1, 0xFF, 0xFF, 0xD3, 0x63, 0xAB, 0x2F, 0xAF,
	0x29, 0xFF, 0xD3, 0xEF, 0xF5, 0x37, 0xEF, 0x65, 0x5B, 0x3D, 0xD7, 0xF2,
	0x05, 0x8A, 0x0F, 0x1A, 0xEA, 0xDF, 0x6F, 0xF5, 0x7D, 0x1F, 0xFF, 0xFE,
	0x96, 0xDB, 0x5A, 0x22, 0xDF, 0xC2, 0xC3, 0x6A, 0xC6, 0xD0, 0x38, 0x39,
	0x1F, 0xB8, 0x53, 0x55, 0xC5, 0x82, 0xB0, 0x6A, 0xE2, 0x82, 0x20, 0x9D,
	0x8E, 0x16, 0x3F, 0xF9, 0xEF, 0x97, 0xB9, 0x35, 0xF8, 0x41, 0x3C, 0x0E,
	0xBF, 0x9A, 0xFF, 0xE1, 0xAE, 0xC0, 0x24, 0xB6, 0x6D, 0xC7, 0x8B, 0xD0,
	0x2A, 0xA9, 0xFA, 0x72, 0xAF, 0xFF, 0xFE, 0xEF, 0x44, 0x29, 0xD5, 0xEF,
	0x94, 0x45, 0xDB, 0x4B, 0x98, 0xAF, 0xFD, 0x54, 0x83, 0x7C, 0xE5, 0xBE,
	0x75, 0xBE, 0xD7, 0x43, 0x49, 0xB9, 0xD0, 0xE2, 0x05, 0x5E, 0xA6, 0x22,
	0xAF, 0xA9, 0x75, 0x22, 0x49, 0x24, 0x6D, 0xC6, 0xD2, 0x00, 0x27, 0x20,
	0x7C, 0x10, 0x77, 0xA4, 0x25, 0x26, 0x4D, 0x86, 0xF0, 0x80, 0x56, 0x1C,
	0x0D, 0x1A, 0x1D, 0x38, 0x0B, 0x9E, 0x40, 0x7C, 0x3B, 0x8B, 0x31, 0x7D,
	0xD6, 0x46, 0x5B, 0xE2, 0xAC, 0x94, 0xFF, 0x2B, 0x71, 0xCE, 0xB6, 0xB5,
	0x14, 0x0B, 0x96, 0xEC, 0x71, 0xC3, 0x57, 0x1A, 0x30, 0x26, 0xBD, 0x68,
	0x34, 0xAC, 0xA9, 0x2F, 0xFF, 0xFF, 0x7D, 0xFB, 0x57, 0x3D, 0xFB, 0x9C,
	0x87, 0xDD, 0x7A, 0xE9, 0x64, 0x14, 0x16, 0x7F, 0xFC, 0xE3, 0x8F, 0xFF,
	0x48, 0x8A, 0x4F, 0x6E, 0xFA, 0xEA, 0xFF, 0xFF, 0xFC, 0xFF, 0xE9, 0x02,
	0x16, 0x70, 0x91, 0x17, 0x4E, 0x04, 0x63, 0x39, 0x36, 0x97, 0xA2, 0xA0,
	0x60, 0x53, 0x41, 0x7C, 0x41, 0x20, 0x44, 0x54, 0xB4, 0xE7, 0x3D, 0xCF,
	0x57, 0xB5, 0x8B, 0xD5, 0x72, 0xDE, 0xA3, 0xF6, 0xD7, 0x62, 0x1F, 0x7D,
	0xE6, 0xC2, 0x50, 0xA9, 0x2B, 0x29, 0x93, 0xD0, 0xF3, 0x04, 0x50, 0x20,
	0x85, 0xA2, 0xAA, 0x86, 0x1A, 0x79, 0x00, 0xCC, 0x6C, 0x71, 0x08, 0x48,
	0x1B, 0xFF, 0xFF, 0xB5, 0xAE, 0xC7, 0xAC, 0xFF, 0x98, 0x54, 0xEB, 0xFF,
	0xFF, 0xCA, 0xFF, 0xFB, 0x92, 0x44, 0x28, 0x00, 0x02, 0xAE, 0x52, 0x57,
	0xE9, 0x29, 0x52, 0xF0, 0x55, 0x6A, 0x5B, 0x2D, 0x30, 0xE7, 0x5E, 0x8A,
	0xD9, 0x49, 0x53, 0x23, 0x2E, 0x0B, 0xC1, 0x3C, 0x22, 0xED, 0xB4, 0xC4,
	0x9D, 0x72, 0xBB, 0x7D, 0x3F, 0xFF, 0xEA, 0x5E, 0xDB, 0x6D, 0x89, 0xDA,
	0xDA, 0x00, 0x39, 0x68, 0x9E, 0x2C, 0x43, 0xA4, 0x4A, 0x8F, 0xA3, 0x4F,
	0xDC, 0xD9, 0xA1, 0x91, 0xB4, 0x48, 0x20, 0x30, 0x92, 0x62, 0x51, 0xA8,
	0x50, 0xF2, 0x68, 0xEF, 0x3A, 0xF4, 0x8F, 0x69, 0xFA, 0x7B, 0xAC, 0xC1,
	0xC0, 0xDA, 0xF3, 0xC7, 0x4B, 0xC7, 0x04, 0xC3, 0x77, 0x4E, 0xA8, 0x37,
	0xAB, 0x05, 0x8F, 0xFF, 0xFF, 0x44, 0xA1, 0x89, 0x7F, 0x9A, 0xEA, 0xA3,
	0x3E, 0x87, 0x17, 0x76, 0x9B, 0xDB, 0xCD, 0x15, 0xB3, 0xFF, 0xFB, 0xD3,
	0xEC, 0x88, 0x0F, 0x8E, 0x7A, 0x1B, 0xD3, 0xFF, 0xF4, 0xFF, 0xFD, 0x57,
	0xA0, 0x15, 0x9C, 0x4B, 0xB6, 0x10, 0x02, 0x2B, 0x37, 0xB4, 0x8B, 0x94,
	0x69, 0xA0, 0xFE, 0x3F, 0x3D, 0x88, 0xAD, 0xD6, 0xEA, 0x9E, 0x69, 0xD6,
	0xA4, 0xC6, 0x6F, 0x2E, 0xE3, 0xA9, 0x9E, 0xEB, 0xE1, 0x43, 0x24, 0x4A,
	0x42, 0x22, 0x44, 0x4C, 0xEE, 0x6E, 0x6C, 0x53, 0x22, 0xE6, 0x27, 0x82,
	0xC6, 0x85, 0x84, 0x82, 0xA7, 0x97, 0xD6, 0x6C, 0x69, 0x44, 0x8F, 0x0F,
	0x8C, 0x7B, 0x49, 0x7B, 0x2D, 0xBF, 0xF7, 0xA3, 0xBA, 0xED, 0x77, 0x5D,
	0x49, 0xBF, 0xAF, 0xF7, 0xFE, 0x66, 0x68, 0xFF, 0xFF, 0xFF, 0xD1, 0x3F,
	0xB6, 0xDB, 0x59, 0x35, 0x8D, 0x02, 0x65, 0xD8, 0x2F, 0x30, 0x2C, 0xBB,
	0x8D, 0xD6, 0x3A, 0xC5, 0x0A, 0xDA, 0x19, 0x10, 0xBC, 0xFA, 0x13, 0x0C,
	0xCE, 0x2F, 0xF2, 0xD4, 0x9D, 0xBE, 0x39, 0xE5, 0x51, 0x97, 0xBF, 0xB5,
	0xBB, 0xCF, 0xFE, 0xA6, 0x6F, 0x7F, 0x2A, 0xF4, 0x24, 0x12, 0x35, 0x35,
	0x51, 0x56, 0xE6, 0x27, 0xFF, 0xFD, 0x5E, 0xA7, 0xBD, 0x91, 0xBF, 0x7E,
	0x8C, 0x84, 0x6D, 0xEC, 0xCB, 0x3E, 0xA3, 0xA6, 0x77, 0x2E, 0xE7, 0x72,
	0xA3, 0xB7, 0x50, 0x8D, 0xFF, 0xFC, 0x4D, 0xB6, 0xDB, 0x5C, 0x76, 0x46,
	0x48, 0x4D, 0xDA, 0x07, 0xE6, 0x4A, 0x62, 0x73, 0x51, 0x42, 0x4E, 0x89,
	0x58, 0x64, 0xA6, 0xA0, 0x6A, 0x14, 0x10, 0x31, 0x0E, 0x0E, 0x30, 0xBC,
	0xE9, 0x95, 0x0E, 0x71, 0x4C, 0xF4, 0xFB, 0xFF, 0xF0, 0xEC, 0xE1, 0x78,
	0xB0, 0x4D, 0x67, 0x38, 0x5E, 0x49, 0x85, 0x52, 0x5F, 0xD5, 0x73, 0x42,
	0x69, 0x11, 0x9D, 0x9F, 0xFF, 0xBE, 0x56, 0xF9, 0x8F, 0xF2, 0x2F, 0xE7,
	0x7F, 0xF9, 0xE2, 0xE7, 0xFF, 0xBC, 0xCD, 0x3F, 0xA9, 0x19, 0x7E, 0xDF,
	0xBF, 0xFF, 0xA3, 0x6D, 0x36, 0x72, 0x5B, 0x21, 0x21, 0x49, 0xB1, 0xF8,
	0x68, 0xEA, 0x57, 0x09, 0x77, 0x93, 0x17, 0x68, 0xDF, 0x02, 0x44, 0x9E,
	0x0A, 0x06, 0x5A, 0x04, 0xC8, 0xEB, 0x45, 0xD2, 0x0C, 0x54, 0x7F, 0x75,
	0x9B, 0x88, 0x6D, 0x89, 0xC7, 0xFF, 0xFF, 0xFF, 0xEF, 0x63, 0x08, 0x51,
	0xFF, 0xFB, 0x92, 0x64, 0x3E, 0x88, 0x02, 0x7E, 0x52, 0xD9, 0xE9, 0x23,
	0x52, 0xF4, 0x52, 0xCA, 0x4B, 0x5D, 0x30, 0xCA, 0x5E, 0x8A, 0x45, 0x47,
	0x65, 0xA4, 0x94, 0xEB, 0xD1, 0x3D, 0xA9, 0x6D, 0x34, 0xF3, 0x9D, 0x7A,
	0x73, 0xCA, 0x1A, 0xD2, 0x51, 0xDF, 0xE4, 0xDC, 0x14, 0x0E, 0xBF, 0xFF,
	0xFB, 0xDC, 0xA3, 0x7D, 0x11, 0xB2, 0x76, 0xF7, 0x66, 0xFF, 0xEA, 0xC4,
	0x2F, 0xF4, 0xED, 0x4B, 0x2B, 0x5F, 0xD9, 0x0B, 0xA7, 0x5A, 0x50, 0x9E,
	0xFE, 0xB6, 0xE4, 0x8D, 0x90, 0x43, 0x76, 0x90, 0x86, 0xE1, 0x29, 0x09,
	0x43, 0x30, 0x26, 0x9D, 0x78, 0xD5, 0x18, 0x3C, 0x08, 0x0C, 0x24, 0x11,
	0x15, 0x11, 0x6A, 0xCC, 0x6A, 0xB5, 0xA8, 0xE8, 0x1E, 0x1D, 0x4E, 0xBF,
	0xA5, 0xAC, 0x27, 0x0C, 0xF3, 0xEA, 0x46, 0x60, 0xD4, 0x0B, 0x8D, 0x54,
	0xE7, 0x3C, 0xE3, 0x46, 0xAE, 0xA3, 0xC7, 0xAF, 0xFF, 0xFC, 0xFC, 0xD5,
	0xAD, 0xD6, 0x93, 0x58, 0x7C, 0x87, 0xD5, 0xBF, 0xFC, 0xD1, 0xCF, 0xF3,
	0xBA, 0x1A, 0xDE, 0xFE, 0x3E, 0x18, 0x7B, 0x40, 0x1B, 0x3F, 0xFF, 0x46,
	0xDB, 0x6D, 0x24, 0x95, 0xB0, 0x00, 0x73, 0x64, 0x48, 0xD5, 0x65, 0x67,
	0xD9, 0xC9, 0x22, 0xC3, 0x73, 0xD8, 0x2C, 0x86, 0x8B, 0xC4, 0x70, 0x2C,
	0x58, 0x80, 0xB4, 0x6E, 0x50, 0xE2, 0xED, 0x4C, 0xD3, 0x49, 0xEB, 0x52,
	0x2A, 0xCF, 0xD7, 0xFF, 0xE3, 0xE1, 0xFF, 0x28, 0x4E, 0x50, 0x08, 0x17,
	0xFC, 0xAF, 0x51, 0xF7, 0xFF, 0xFF, 0xD6, 0x9D, 0xBF, 0x52, 0xCD, 0xEC,
	0x95, 0xB7, 0xFD, 0xD4, 0x9F, 0xD6, 0x62, 0x4D, 0x7B, 0xCD, 0xFE, 0xE3,
	0x55, 0xAD, 0xBE, 0x2C, 0xEF, 0xA7, 0xE8, 0xFF, 0xFF, 0xED, 0xBB, 0x48,
	0xC0, 0x36, 0x7E, 0xB0, 0xF6, 0xF0, 0xC0, 0x2E, 0x11, 0x88, 0x83, 0xAB,
	0x2E, 0x17, 0x89, 0x15, 0x17, 0x0A, 0x0A, 0x8E, 0x20, 0x83, 0x0C, 0x3E,
	0xE8, 0xA4, 0x81, 0xFB, 0x73, 0xED, 0xCC, 0x8E, 0x98, 0xB8, 0xD6, 0x6F,
	0xFF, 0xBA, 0xD4, 0x7F, 0xD1, 0xE8, 0x67, 0xFE, 0x4E, 0x2A, 0xFF, 0xFF,
	0xEB, 0xA3, 0xEC, 0x8F, 0x56, 0x79, 0xC6, 0x8A, 0xFF, 0xFF, 0xF8, 0xA3,
	0xFC, 0xFF, 0x1A, 0xAD, 0x57, 0xB2, 0xE8, 0xA1, 0xA2, 0xA8, 0x40, 0x11,
	0xA7, 0x2C, 0x53, 0xFF, 0xE8, 0x8A, 0xA7, 0x6D, 0xB6, 0xCD, 0xDA, 0xE2,
	0x20, 0x39, 0xB2, 0x71, 0xB9, 0xFB, 0x6B, 0x47, 0x21, 0x43, 0x66, 0x9F,
	0x45, 0xC1, 0xD8, 0x46, 0x23, 0x1C, 0x3C, 0xA3, 0x87, 0x4A, 0x0D, 0xB8,
	0x2C, 0x61, 0x0F, 0x69, 0xF5, 0x3B, 0x50, 0xD1, 0xD5, 0x29, 0x37, 0xDF,
	0xFF, 0x4B, 0xD4, 0x42, 0x19, 0x57, 0x6C, 0x74, 0xD4, 0x42, 0x85, 0xD7,
	0xF1, 0x77, 0x23, 0xFF, 0xFF, 0xF3, 0x3F, 0xA7, 0x1D, 0x6F, 0x48, 0xF6,
	0xDD, 0x3D, 0x10, 0xA9, 0xFF, 0x54, 0xA3, 0xD4, 0xC6, 0xFF, 0x63, 0x46,
	0xEF, 0x75, 0xD5, 0x33, 0xFF, 0xE8, 0xB6, 0xDB, 0x6B, 0x76, 0x34, 0x40,
	0x0D, 0xDB, 0x0C, 0x78, 0x63, 0xED, 0x09, 0x3F, 0x5C, 0x2C, 0xFF, 0xFB,
	0x92, 0x44, 0x5B, 0x80, 0x02, 0x9E, 0x52, 0xDB, 0xE9, 0x88, 0x2A, 0xF4,
	0x53, 0x4A, 0x5B, 0x5D, 0x31, 0x07, 0x5E, 0x8A, 0x7D, 0x49, 0x63, 0xA7,
	0xA0, 0xEB, 0xD1, 0x40, 0xA9, 0x6C, 0x74, 0xF5, 0x9D, 0x7A, 0xFE, 0xF0,
	0xC4, 0x81, 0xD8, 0x58, 0x3D, 0x10, 0x45, 0x84, 0xCE, 0x75, 0x08, 0xA4,
	0x2B, 0xD5, 0xDD, 0x57, 0x32, 0xE6, 0x36, 0xBD, 0xDB, 0x7F, 0xFF, 0xFC,
	0xCE, 0x40, 0x5C, 0x9D, 0xCA, 0x25, 0x02, 0x01, 0x21, 0xDA, 0xD9, 0xC3,
	0x53, 0x31, 0xBB, 0xFF, 0xFF, 0xD6, 0xA8, 0xF6, 0x5B, 0xAD, 0xDA, 0xA5,
	0xBE, 0x73, 0xAF, 0xFF, 0x73, 0x3F, 0x5F, 0x43, 0x66, 0x23, 0x7E, 0xCA,
	0x50, 0xE7, 0x6B, 0x34, 0xFF, 0xD3, 0x6D, 0xB6, 0x58, 0xEB, 0x68, 0x80,
	0x14, 0xB4, 0xAB, 0x72, 0xDD, 0xF6, 0x89, 0x57, 0xB8, 0xBE, 0x85, 0x49,
	0xC5, 0xA4, 0xF2, 0xE8, 0x1E, 0xC9, 0x28, 0xDB, 0xCE, 0x1E, 0xBB, 0x46,
	0x62, 0xB9, 0x8B, 0x97, 0xB6, 0xF6, 0x57, 0x51, 0xF0, 0xEF, 0xFF, 0xBA,
	0x98, 0x17, 0x3C, 0xEE, 0x81, 0x71, 0x99, 0xE1, 0x28, 0x94, 0xED, 0xE5,
	0x46, 0x19, 0x9D, 0xFF, 0xFF, 0xFE, 0x9F, 0xFA, 0x95, 0xF5, 0x51, 0xD3,
	0x34, 0xF7, 0xB5, 0x8D, 0x97, 0xFE, 0x63, 0x66, 0x9D, 0xAE, 0xFF, 0x1D,
	0x5D, 0xC9, 0xBF, 0x5F, 0xAD, 0x9A, 0xC8, 0x80, 0x11, 0xDE, 0x36, 0x11,
	0x3E, 0xE6, 0x03, 0x41, 0xEB, 0x1B, 0x46, 0x43, 0x34, 0x4E, 0x20, 0x32,
	0x32, 0x16, 0x25, 0xCD, 0x73, 0x0C, 0xD4, 0x2A, 0xF7, 0xDF, 0xF0, 0x92,
	0x3F, 0x9A, 0x8E, 0xF1, 0x7F, 0x0B, 0xFF, 0xFF, 0xFD, 0x66, 0x47, 0xFC,
	0x6C, 0x53, 0x7F, 0x15, 0xD3, 0xFF, 0xFF, 0x74, 0x53, 0x9A, 0xD5, 0x49,
	0x1D, 0xA3, 0x89, 0xFD, 0xBF, 0xFE, 0x4F, 0xFF, 0x4F, 0xFF, 0x00, 0x39,
	0xA8, 0x55, 0x5A, 0xAC, 0x55, 0x05, 0x93, 0xBD, 0x37, 0xED, 0xFE, 0x93,
	0x69, 0x19, 0x06, 0x5F, 0xC3, 0xE4, 0x6D, 0xA2, 0xA0, 0x78, 0x81, 0x95,
	0xCA, 0x97, 0x17, 0x58, 0x47, 0x19, 0x51, 0x7D, 0x13, 0x0F, 0x4E, 0x4F,
	0x65, 0x43, 0x4F, 0x2D, 0xBF, 0x8B, 0xDA, 0xCC, 0x97, 0x3C, 0xC4, 0x6C,
	0x3D, 0xFF, 0xDE, 0xDD, 0x45, 0xDF, 0xB8, 0x45, 0x33, 0x3B, 0xFE, 0x7D,
	0x49, 0xFF, 0xFF, 0xF1, 0x8F, 0xF7, 0xF2, 0x7F, 0x5E, 0xDF, 0x7C, 0xC3,
	0x93, 0xEB, 0x99, 0x63, 0x12, 0xEB, 0x74, 0xF3, 0x0B, 0x1A, 0x74, 0x94,
	0x6E, 0xFB, 0xBF, 0xF2, 0x37, 0x6D, 0xB4, 0x97, 0x54, 0xE6, 0xC1, 0x79,
	0x15, 0x14, 0x11, 0x03, 0x51, 0xDE, 0xE5, 0xB5, 0x2C, 0xCC, 0x52, 0x50,
	0x34, 0x34, 0x1C, 0x07, 0x83, 0x80, 0xFC, 0x47, 0x26, 0x8A, 0x3E, 0x88,
	0x75, 0xA9, 0x3D, 0x0D, 0x55, 0x2A, 0xB4, 0x54, 0xFF, 0xF8, 0xA3, 0xFA,
	0x0E, 0xB8, 0x80, 0x2A, 0xFE, 0x5E, 0xC2, 0x4B, 0xE9, 0xFF, 0xFA, 0x7F,
	0xEA, 0xAD, 0xFB, 0xEB, 0xFD, 0xB1, 0x8D, 0xFB, 0xBA, 0x5D, 0x6E, 0x8B,
	0xBE, 0x93, 0x8B, 0xB6, 0xBF, 0x52, 0x36, 0xDB, 0xFF, 0xFB, 0x92, 0x44,
	0x75, 0x02, 0x02, 0x73, 0x52, 0x5A, 0xE9, 0x29, 0x12, 0xF4, 0x50, 0x0A,
	0x5B, 0x7D, 0x25, 0x65, 0x5E, 0x89, 0x3D, 0x49, 0x69, 0xA6, 0x1C, 0xAB,
	0xD1, 0x54, 0x29, 0x6D, 0x34, 0xC5, 0x95, 0x7A, 0x6D, 0x65, 0xB2, 0x20,
	0x0C, 0xBB, 0x0A, 0x40, 0x37, 0x63, 0xC3, 0xD9, 0xF5, 0xCE, 0x17, 0xD2,
	0xA8, 0x2A, 0x29, 0x14, 0x8F, 0xA5, 0x66, 0xE9, 0x3C, 0xE2, 0x9C, 0x41,
	0xDA, 0x5B, 0xA7, 0xDD, 0xA5, 0x5A, 0x86, 0x50, 0xC5, 0x7E, 0x77, 0x57,
	0xFC, 0x77, 0x41, 0x10, 0xF3, 0xF8, 0xD6, 0xC7, 0x0F, 0x7F, 0xC7, 0xF0,
	0x97, 0xFF, 0xFF, 0xEF, 0x5E, 0x9D, 0x83, 0xC9, 0xE7, 0x20, 0x93, 0x3A,
	0x9F, 0x4D, 0x0B, 0x40, 0x08, 0xBF, 0xAF, 0xAF, 0x35, 0x6B, 0xC4, 0xC6,
	0x29, 0xF8, 0x40, 0xB2, 0x75, 0x7F, 0xFA, 0x55, 0x72, 0x47, 0x23, 0x72,
	0x36, 0x40, 0x0A, 0x40, 0x33, 0x6E, 0xF4, 0x16, 0x33, 0x6A, 0x75, 0x39,
	0xC2, 0x50, 0xE1, 0x10, 0xCA, 0x13, 0xC2, 0xEC, 0xA8, 0x31, 0xFD, 0xDC,
	0xA7, 0xB9, 0x7D, 0xC9, 0x25, 0x8A, 0xDD, 0x79, 0xF8, 0x40, 0x85, 0xBE,
	0x54, 0xA1, 0xB4, 0x14, 0xAA, 0xB6, 0xE4, 0x42, 0x6A, 0xA8, 0x53, 0x82,
	0x9A, 0x9B, 0x47, 0x38, 0x69, 0x98, 0x14, 0x06, 0xFF, 0xFF, 0xBF, 0x45,
	0xF6, 0xBF, 0x30, 0x93, 0x3D, 0x10, 0x78, 0xCA, 0xA7, 0x3B, 0xA5, 0xDD,
	0xE7, 0x29, 0xC1, 0xA6, 0xA7, 0xD6, 0xFB, 0xF6, 0x00, 0xF7, 0xFF, 0xFF,
	0x2F, 0xB2, 0x30, 0x65, 0xBF, 0x88, 0x0B, 0x9C, 0x6E, 0x41, 0xE4, 0xE2,
	0xCE, 0xA1, 0x68, 0x1E, 0x0E, 0x83, 0xA1, 0xF3, 0xCA, 0x8D, 0xC8, 0x9C,
	0xC3, 0xA1, 0xCE, 0x2A, 0x55, 0xD7, 0x79, 0xD8, 0xD8, 0xD4, 0x67, 0xD5,
	0xFE, 0xF7, 0xD3, 0xF5, 0xD0, 0x55, 0x4F, 0xA8, 0xE3, 0x63, 0x70, 0xCB,
	0xB6, 0xEB, 0xFF, 0xB6, 0x72, 0x3E, 0xBD, 0xDE, 0x86, 0x2F, 0xED, 0xB7,
	0x4F, 0x59, 0xAC, 0xFF, 0xDF, 0xAE, 0x77, 0xE6, 0x15, 0x18, 0x38, 0x4D,
	0x3B, 0xFA, 0x2D, 0xB2, 0xDB, 0x25, 0x6E, 0x10, 0x0B, 0x76, 0x91, 0xD0,
	0x34, 0x9C, 0x51, 0xD8, 0x0F, 0x08, 0x98, 0x74, 0x8C, 0x24, 0x89, 0x72,
	0x37, 0x99, 0x23, 0xD0, 0x69, 0x49, 0x79, 0xC3, 0x7D, 0x4D, 0x2B, 0x97,
	0x72, 0x68, 0xC4, 0x91, 0x22, 0x6D, 0x03, 0x17, 0x7F, 0xFF, 0xFE, 0xED,
	0x41, 0x53, 0xCE, 0x5E, 0x69, 0x95, 0x11, 0x48, 0xAA, 0xFE, 0xD3, 0xC7,
	0x4B, 0x3F, 0xFF, 0xFF, 0x1D, 0x3F, 0x9F, 0x75, 0xD4, 0xB9, 0x1F, 0xB9,
	0xFA, 0x7F, 0xCA, 0x0E, 0x91, 0xFF, 0xE6, 0x3F, 0xFA, 0xA1, 0xA3, 0xAC,
	0xEA, 0xE9, 0xB8, 0x6D, 0xAC, 0x96, 0x46, 0x80, 0x32, 0x6C, 0x59, 0x20,
	0x9B, 0x1E, 0xFF, 0xA6, 0x18, 0xF3, 0xE2, 0x56, 0x80, 0xA2, 0x80, 0x1C,
	0xD0, 0xDA, 0x37, 0x30, 0x54, 0x8E, 0x3F, 0xF5, 0xFE, 0xFB, 0xC7, 0xEF,
	0x95, 0xA0, 0x63, 0xF8, 0x79, 0xD4, 0xFE, 0xFF, 0xEE, 0x39, 0x41, 0x32,
	0x3F, 0x8D, 0x36, 0x61, 0x5F, 0xE1, 0xFF, 0xFB, 0x92, 0x44, 0x95, 0x00,
	0x02, 0xAA, 0x45, 0xD7, 0x69, 0x29, 0x52, 0xE4, 0x4D, 0x0A, 0x4B, 0x7D,
	0x24, 0xE7, 0x5E, 0x8A, 0x79, 0x49, 0x61, 0xA3, 0x24, 0xEB, 0xD1, 0x4F,
	0xA9, 0x6C, 0xB4, 0xF4, 0x95, 0x7A, 0x7C, 0x10, 0x53, 0xFF, 0xFD, 0xDE,
	0xE2, 0x42, 0x0A, 0x8F, 0x5A, 0xD5, 0x1C, 0x9B, 0x72, 0x2F, 0xF4, 0x75,
	0xC6, 0x93, 0xE9, 0x46, 0xD7, 0xAB, 0xFE, 0xC0, 0x43, 0xBA, 0xF4, 0x3A,
	0xE6, 0xD6, 0xFF, 0xEF, 0xED, 0x72, 0x36, 0x48, 0x52, 0x6E, 0x2E, 0xC4,
	0xDC, 0xE7, 0xDE, 0x89, 0xCB, 0xA4, 0x69, 0xBC, 0xE0, 0x6E, 0x36, 0x87,
	0xA1, 0x50, 0x0D, 0x04, 0xA0, 0xA2, 0x16, 0x47, 0xA6, 0xB2, 0x13, 0x37,
	0xB9, 0xFC, 0xE9, 0xEA, 0xC3, 0x21, 0xEB, 0x22, 0xB6, 0xFF, 0xDE, 0x68,
	0x51, 0x98, 0xCD, 0xA0, 0x8E, 0x59, 0x50, 0x47, 0x63, 0x1B, 0xD4, 0x6D,
	0xC0, 0x2C, 0x21, 0x3F, 0xFF, 0xD8, 0xE7, 0x73, 0x13, 0x63, 0x6D, 0x4A,
	0xA1, 0x64, 0xEB, 0xFF, 0xBF, 0x3C, 0xAF, 0xFF, 0xDD, 0xD2, 0xDE, 0xEA,
	0x71, 0x73, 0x1C, 0xDA, 0x8A, 0x13, 0x32, 0x75, 0xBB, 0xFC, 0x0B, 0x2D,
	0x6D, 0xB6, 0xC8, 0xED, 0x6C, 0x80, 0x64, 0xB4, 0x1D, 0x8A, 0xB3, 0xD1,
	0x08, 0x85, 0x1C, 0x7E, 0xB9, 0xA1, 0xF8, 0x36, 0x24, 0x10, 0x47, 0x14,
	0x88, 0x93, 0x95, 0x4F, 0x93, 0xCB, 0xC9, 0xDA, 0x6C, 0x4A, 0x93, 0x24,
	0xC6, 0xB2, 0x6D, 0xBC, 0xD7, 0xFF, 0x37, 0xF2, 0xEA, 0xDC, 0xA1, 0x7A,
	0x88, 0xF5, 0xFC, 0x75, 0xB0, 0x90, 0xBF, 0xFF, 0xFB, 0xB3, 0x3B, 0x17,
	0x56, 0x5C, 0xF4, 0xAA, 0xA3, 0x7B, 0x2A, 0x34, 0xFF, 0x4A, 0x50, 0x70,
	0x77, 0xF4, 0xFF, 0xFF, 0x9A, 0x36, 0x4F, 0x75, 0xDF, 0xFF, 0x4D, 0xD6,
	0x5D, 0x1B, 0xB1, 0xA0, 0x00, 0x6A, 0x66, 0xA2, 0x96, 0xDA, 0xA2, 0x1C,
	0xAE, 0x71, 0x43, 0x74, 0x8D, 0x55, 0x40, 0x71, 0x66, 0x1B, 0x07, 0x06,
	0xC7, 0x04, 0x67, 0x2E, 0x30, 0x37, 0x95, 0x31, 0x9B, 0x54, 0x73, 0x0E,
	0x79, 0x55, 0xA9, 0xEB, 0xFF, 0x66, 0xA8, 0x54, 0x7A, 0xD7, 0x40, 0xAE,
	0x80, 0x60, 0xFB, 0x59, 0xDE, 0x6B, 0xF0, 0x22, 0x31, 0xFF, 0xFE, 0x87,
	0x2A, 0x9F, 0xBE, 0x77, 0xCE, 0x0E, 0x3B, 0xFF, 0xFF, 0x8E, 0xB7, 0xFF,
	0x4F, 0xFE, 0xA5, 0xFF, 0xD5, 0xD5, 0x59, 0x1A, 0xC6, 0x1F, 0xD7, 0x45,
	0xDE, 0xDF, 0x9B, 0xA1, 0x3F, 0xFF, 0xFF, 0x49, 0xB4, 0x89, 0x05, 0x1C,
	0xEC, 0x88, 0x4B, 0x32, 0xB6, 0x72, 0x89, 0x25, 0x0D, 0xC9, 0xFB, 0x34,
	0xA7, 0xC0, 0x50, 0x75, 0x49, 0x15, 0x74, 0x50, 0x9C, 0x74, 0x3D, 0xEC,
	0x3E, 0x9C, 0xBD, 0xDF, 0xB5, 0xB7, 0x92, 0xA9, 0xDB, 0xDC, 0xD5, 0x6F,
	0xD5, 0xA8, 0x1D, 0x0D, 0x4B, 0x1E, 0xE1, 0xAA, 0xA2, 0xAA, 0xFF, 0xBF,
	0x1F, 0xFF, 0xFF, 0xF4, 0xA7, 0xED, 0x8E, 0x77, 0xFC, 0x8B, 0x7F, 0xF9,
	0x5F, 0x2A, 0x5B, 0x43, 0xD9, 0xFF, 0x5D, 0x92, 0x48, 0xDA, 0x71, 0xA2,
	0x48, 0x0D, 0xC1, 0x00, 0xFF, 0xFB, 0x92, 0x64, 0xAF, 0x00, 0x02, 0xEF,
	0x52, 0x59, 0x69, 0xEA, 0x52, 0xF4, 0x52, 0xCA, 0x5B, 0x1D, 0x25, 0x67,
	0x5E, 0x8B, 0x3D, 0x9F, 0x5D, 0xA7, 0x9C, 0xED, 0xD1, 0x28, 0x9D, 0x2D,
	0x74, 0xF5, 0x95, 0x72, 0xBF, 0x18, 0x80, 0x9A, 0xEB, 0x26, 0x57, 0xFD,
	0x48, 0x44, 0x3A, 0xF4, 0x53, 0x30, 0x46, 0x4A, 0x8C, 0x9D, 0xF9, 0x0F,
	0x91, 0xFE, 0xEA, 0xB5, 0x3C, 0xEA, 0x66, 0x78, 0x7E, 0x8F, 0xFD, 0x5D,
	0x04, 0x80, 0x76, 0x3A, 0x61, 0xCC, 0x71, 0x51, 0x79, 0xD0, 0x76, 0x1E,
	0x4F, 0xE7, 0x96, 0x7B, 0x04, 0x43, 0x1F, 0xFF, 0xF3, 0xEA, 0xEA, 0xF4,
	0xB3, 0x25, 0xD0, 0xA9, 0xB3, 0xCD, 0xD3, 0xFF, 0x7D, 0x0B, 0xA7, 0x7D,
	0x34, 0xF5, 0x87, 0x3F, 0xFF, 0xF9, 0x2D, 0xB6, 0x20, 0x45, 0xBF, 0xAA,
	0x12, 0x09, 0x30, 0x34, 0x1D, 0xC2, 0x54, 0x64, 0xFF, 0x17, 0xC2, 0x56,
	0x7C, 0xE1, 0x23, 0x07, 0x42, 0x82, 0x18, 0x88, 0x28, 0x67, 0x0F, 0x2B,
	0xB4, 0xA1, 0xCC, 0x35, 0x64, 0x0B, 0x9B, 0x3F, 0xF9, 0xAF, 0xFD, 0x9F,
	0xFD, 0xFF, 0xFE, 0xF5, 0x12, 0xD8, 0xEE, 0x95, 0xF4, 0xFF, 0xFF, 0xD2,
	0xC7, 0x1A, 0x7F, 0x53, 0xAA, 0xA8, 0xC6, 0x27, 0xA2, 0x1B, 0xF9, 0xFB,
	0x31, 0x40, 0x72, 0x4B, 0xF9, 0xB6, 0x4B, 0x3D, 0xDD, 0xDB, 0xC2, 0xC0,
	0x58, 0x92, 0xB7, 0x5D, 0x9D, 0x5E, 0xE8, 0xFF, 0xFF, 0xFF, 0xBA, 0x29,
	0x67, 0x6C, 0xB1, 0xA4, 0xDA, 0x40, 0x00, 0x9D, 0xA5, 0x0F, 0x83, 0x56,
	0xF0, 0x90, 0x5A, 0x43, 0x33, 0xEB, 0x72, 0x0E, 0x9C, 0x20, 0xA8, 0xA2,
	0x6C, 0x7D, 0xFC, 0x2E, 0x93, 0x4D, 0x16, 0x95, 0xB1, 0xB7, 0x75, 0xFF,
	0xEE, 0xD3, 0x86, 0x04, 0x33, 0xEF, 0x4D, 0xD6, 0x52, 0x72, 0x60, 0x4D,
	0x07, 0x92, 0xF4, 0x77, 0x36, 0xD4, 0x38, 0x48, 0x3F, 0xFF, 0xFD, 0xFA,
	0x9D, 0x4A, 0xFF, 0xEF, 0x52, 0x99, 0x7F, 0x5D, 0xEB, 0x36, 0x6D, 0x58,
	0xD2, 0x72, 0x98, 0x94, 0x55, 0x28, 0x43, 0x1F, 0x51, 0x3D, 0xB6, 0xDA,
	0x49, 0x2C, 0x60, 0x03, 0x26, 0xC0, 0xFB, 0xC1, 0x52, 0xB8, 0x0C, 0x22,
	0xB0, 0xA1, 0x4D, 0xCC, 0xC5, 0x42, 0x41, 0x62, 0xC6, 0x8A, 0xD1, 0x8E,
	0x34, 0xF9, 0xF4, 0x0E, 0x49, 0xB5, 0x84, 0xC6, 0x8C, 0x7C, 0x4C, 0xD5,
	0x64, 0xF5, 0x3F, 0xFF, 0xFE, 0x03, 0xAF, 0x58, 0xCD, 0x40, 0x51, 0x51,
	0xDF, 0x60, 0xEF, 0x17, 0x1D, 0xFF, 0xFE, 0x94, 0x54, 0x27, 0x65, 0x7E,
	0xE0, 0x38, 0xAD, 0xFD, 0x4D, 0x2F, 0x4B, 0xA3, 0x42, 0x42, 0x4F, 0xF5,
	0xF5, 0xB3, 0xFF, 0xB8, 0x50, 0x1C, 0xE6, 0xE2, 0x36, 0x88, 0x57, 0xBB,
	0xFF, 0xA1, 0xBB, 0x6D, 0xA3, 0xAE, 0x24, 0x89, 0x12, 0x5C, 0x90, 0x5C,
	0x13, 0x1B, 0xAE, 0x31, 0x24, 0xA2, 0x3D, 0x1F, 0x96, 0x9D, 0x14, 0xA0,
	0x44, 0xC5, 0x2C, 0x08, 0x07, 0xC8, 0x22, 0x8F, 0xBE, 0x1C, 0x88, 0xFE,
	0x38, 0xFD, 0xAA, 0xFA, 0xF8, 0xA6, 0xFF, 0x48, 0xA9, 0x42, 0x21, 0xB2,
	0xD3, 0x16, 0xFF, 0xFB, 0x92, 0x64, 0xC3, 0x80, 0x02, 0x82, 0x45, 0xD6,
	0xE9, 0x89, 0x3A, 0xE4, 0x5D, 0x4C, 0xFB, 0x4D, 0x31, 0x07, 0x6E, 0x8A,
	0x21, 0x17, 0x59, 0xA4, 0xA1, 0xAB, 0x91, 0x61, 0x29, 0x6C, 0x74, 0xC4,
	0x15, 0x7A, 0x26, 0x19, 0x89, 0x80, 0xB3, 0x18, 0x96, 0xDC, 0xCA, 0x98,
	0x3E, 0xDF, 0xFF, 0xD7, 0xD9, 0x0D, 0x44, 0xAD, 0x16, 0xB4, 0xD1, 0x2A,
	0xAE, 0x8E, 0xFF, 0xE5, 0x04, 0x73, 0x7F, 0xFB, 0x5F, 0xFE, 0xE2, 0x58,
	0x7F, 0x58, 0x2A, 0x1A, 0xA1, 0xBF, 0x43, 0x6C, 0xD5, 0x2D, 0xB6, 0xC6,
	0xDD, 0x48, 0x80, 0x5C, 0xB4, 0x4C, 0xD8, 0xED, 0x18, 0x78, 0x05, 0x4F,
	0x88, 0x1B, 0xA9, 0x4C, 0x08, 0x01, 0xB1, 0x22, 0x61, 0x63, 0x04, 0x15,
	0x16, 0x19, 0x7E, 0xD2, 0xA4, 0xA4, 0xF2, 0xDD, 0x48, 0xEA, 0xFF, 0xD1,
	0x9F, 0xDC, 0xE5, 0x94, 0x0F, 0x05, 0xAB, 0x4E, 0x52, 0x51, 0x31, 0x9C,
	0x16, 0x88, 0x8E, 0x7F, 0x34, 0x3E, 0xAA, 0x84, 0xA1, 0x33, 0xFF, 0xFD,
	0x1E, 0xC8, 0xCD, 0xD0, 0xCE, 0x86, 0x3E, 0xD7, 0x3C, 0x85, 0x96, 0xFC,
	0xDB, 0x29, 0x8A, 0x2C, 0x36, 0x84, 0xD4, 0xEA, 0xF7, 0x14, 0x5D, 0x1F,
	0x4E, 0xF7, 0x6F, 0x24, 0x91, 0xA2, 0x08, 0x72, 0x72, 0x30, 0x69, 0x1C,
	0x6A, 0xAC, 0xB1, 0x1F, 0x8C, 0xE8, 0x99, 0x0D, 0xE7, 0x98, 0x52, 0x28,
	0x01, 0x06, 0x54, 0x46, 0x27, 0x0B, 0xF2, 0xC7, 0x1D, 0x59, 0x3B, 0x21,
	0xB3, 0x5D, 0x9E, 0xB3, 0x2A, 0xDD, 0x3E, 0x8D, 0xC5, 0xB3, 0xD7, 0xCE,
	0xD4, 0xA8, 0x15, 0x43, 0xDD, 0xDE, 0x68, 0xD5, 0xDC, 0xA0, 0xD1, 0xFF,
	0xFF, 0xD2, 0xC9, 0x33, 0xFE, 0xA3, 0x9F, 0x66, 0x31, 0xE9, 0xF9, 0xAD,
	0x38, 0xA9, 0xDF, 0xFD, 0xFF, 0xFA, 0x8E, 0x3F, 0xE8, 0x38, 0xA3, 0x2B,
	0x7B, 0x02, 0x6F, 0xFF, 0xED, 0xED, 0xDC, 0xD3, 0xA9, 0x25, 0xFE, 0xDF,
	0xC7, 0x6E, 0x91, 0x02, 0x65, 0xFC, 0x53, 0x94, 0x8F, 0x1D, 0x65, 0x04,
	0xB8, 0xD3, 0x83, 0x12, 0x51, 0x31, 0x62, 0x32, 0xA8, 0x78, 0x3C, 0x25,
	0x08, 0x6C, 0x79, 0xD3, 0xDA, 0x10, 0x44, 0x27, 0x7F, 0x0B, 0x8B, 0x18,
	0x8D, 0x3C, 0x75, 0xFF, 0xFC, 0x60, 0x31, 0xBE, 0xA1, 0x93, 0x80, 0x83,
	0x9D, 0xFC, 0x82, 0xCD, 0x8A, 0xFF, 0xFF, 0xFD, 0xEF, 0x6F, 0xB4, 0x5F,
	0xB7, 0x16, 0x7A, 0xFA, 0x69, 0x3A, 0x13, 0x4C, 0xD9, 0xF5, 0x64, 0x56,
	0x7F, 0x4A, 0x85, 0x9B, 0x18, 0x65, 0xE5, 0x76, 0xFF, 0xD7, 0x72, 0xD5,
	0xDF, 0xFB, 0xA3, 0x8D, 0xA4, 0x40, 0x32, 0x7E, 0x7B, 0x15, 0xE5, 0x81,
	0x2C, 0xC8, 0x58, 0x50, 0xF4, 0x65, 0x9A, 0xDD, 0x29, 0xBC, 0x25, 0xC0,
	0xAC, 0x0E, 0x05, 0x14, 0x35, 0xBD, 0x09, 0x5A, 0xB4, 0xAF, 0x56, 0x45,
	0x27, 0x6F, 0xFC, 0x05, 0x14, 0xBE, 0x83, 0x5B, 0x10, 0x90, 0xFC, 0xC2,
	0x9C, 0x22, 0x4F, 0xFF, 0xF4, 0xBE, 0xC7, 0x29, 0x9B, 0x9C, 0xB9, 0x46,
	0xFA, 0xDE, 0xBE, 0xDD, 0x8D, 0x0A, 0x1F, 0xFB, 0xD9, 0x0E, 0x11, 0x59,
	0xFF, 0xFB, 0x92, 0x44, 0xD7, 0x00, 0x02, 0xD7, 0x52, 0x58, 0x69, 0x88,
	0x3A, 0xF4, 0x57, 0xC8, 0xBA, 0xED, 0x31, 0x0A, 0x5C, 0x8B, 0xA9, 0x5D,
	0x5F, 0xA7, 0xA8, 0xED, 0xD9, 0x55, 0xA9, 0x2C, 0xF4, 0xF4, 0x15, 0x7A,
	0xDA, 0xEC, 0x93, 0x09, 0x98, 0x5C, 0x04, 0x9E, 0xA3, 0x56, 0x54, 0x73,
	0x8A, 0x1E, 0x86, 0xB9, 0xD3, 0x91, 0x8D, 0xA6, 0xFD, 0x74, 0x39, 0x7E,
	0xB6, 0x42, 0xDB, 0x5B, 0xB3, 0x73, 0x46, 0x88, 0x02, 0x4D, 0x87, 0x20,
	0x30, 0x59, 0x8A, 0xE3, 0xE8, 0xD6, 0x89, 0x3A, 0x11, 0x3C, 0xD1, 0x41,
	0xE8, 0xDC, 0x70, 0x36, 0x24, 0xB8, 0xBC, 0x74, 0x50, 0x30, 0x36, 0x17,
	0x0E, 0xAB, 0x9B, 0x7D, 0xEC, 0x64, 0xDC, 0xD5, 0xD7, 0xF4, 0x9B, 0x34,
	0xC2, 0xC6, 0xF9, 0x82, 0x4C, 0xD1, 0x2C, 0xF3, 0x1C, 0xCE, 0x83, 0xBA,
	0x93, 0xFF, 0xFF, 0xF8, 0xF9, 0x05, 0xD1, 0x9D, 0x2E, 0x78, 0xEB, 0xFD,
	0x9B, 0x5E, 0xDE, 0xAA, 0x49, 0xBE, 0x9D, 0x63, 0xBD, 0x2C, 0xBB, 0x18,
	0x54, 0x1D, 0x3D, 0x0E, 0x67, 0xDF, 0xFF, 0xA2, 0xEB, 0xB6, 0xAD, 0xC8,
	0x5C, 0x98, 0xBA, 0x13, 0x54, 0x7C, 0x1D, 0x29, 0x93, 0xE9, 0x14, 0x82,
	0x30, 0xB9, 0x9C, 0xE5, 0x60, 0x22, 0x15, 0x19, 0x90, 0x24, 0x24, 0x24,
	0xA2, 0x07, 0x8E, 0x7D, 0xC1, 0x6D, 0x47, 0x5B, 0x1B, 0x30, 0x51, 0xC6,
	0x7A, 0xB8, 0x59, 0xDF, 0xC7, 0x2C, 0xA0, 0x8A, 0x31, 0x74, 0xCF, 0x2C,
	0x88, 0x44, 0x73, 0x55, 0xDC, 0x47, 0xD0, 0xB0, 0x61, 0xFF, 0xFF, 0xDD,
	0x75, 0xBA, 0x69, 0x74, 0x3C, 0x77, 0xA5, 0x58, 0x78, 0xC5, 0x6E, 0xB4,
	0x65, 0x32, 0x54, 0x92, 0xFF, 0xFF, 0xFD, 0x22, 0x53, 0x73, 0xE1, 0x20,
	0x8A, 0x82, 0x9B, 0xAD, 0xBA, 0x86, 0x56, 0xC3, 0x77, 0xDF, 0xFC, 0x6E,
	0xD6, 0xD0, 0x2A, 0x4D, 0xCB, 0xEE, 0x07, 0x6B, 0xEA, 0x3B, 0x01, 0x47,
	0x02, 0xE0, 0x42, 0x01, 0x2E, 0x41, 0x45, 0x0B, 0x88, 0x74, 0x0B, 0x9C,
	0xF6, 0x13, 0xEF, 0x8D, 0x53, 0xD5, 0xF3, 0xB2, 0x6B, 0x51, 0xFC, 0x32,
	0x66, 0x7F, 0xF8, 0x89, 0xF1, 0xF2, 0x0D, 0x5A, 0x29, 0x7A, 0x80, 0xC5,
	0x7F, 0xD5, 0xD4, 0xC3, 0x45, 0xDF, 0xFF, 0xEA, 0xBA, 0xBB, 0xFF, 0x9A,
	0x3E, 0x5F, 0xF4, 0xFF, 0xF5, 0x27, 0xFA, 0xFD, 0x3E, 0xBF, 0x51, 0x25,
	0xFD, 0x2F, 0x3F, 0x78, 0xA8, 0x6B, 0xF9, 0xE9, 0x25, 0xDF, 0xFF, 0xE3,
	0x76, 0x36, 0x40, 0x0D, 0xEE, 0x2E, 0x85, 0xA1, 0x6C, 0x55, 0x3D, 0x06,
	0xE8, 0xB3, 0xBB, 0x34, 0x13, 0x28, 0xF5, 0x44, 0x33, 0xAD, 0x6C, 0x4E,
	0x01, 0x10, 0x3A, 0x16, 0x32, 0x83, 0xA9, 0xA4, 0x42, 0xEB, 0xEB, 0x4B,
	0xA9, 0xC7, 0xA3, 0x3D, 0xB4, 0xE9, 0xFF, 0xCF, 0x3E, 0x19, 0x11, 0x6E,
	0x79, 0xD2, 0xF5, 0x38, 0xE5, 0xA5, 0xAC, 0x1C, 0xCC, 0x2E, 0x3B, 0xFF,
	0xFF, 0xD5, 0xFD, 0xBD, 0x4B, 0xFC, 0xDF, 0xFE, 0xA4, 0xFF, 0xF2, 0xF4,
	0x22, 0x2D, 0x30, 0x88, 0x10, 0x55, 0xDB, 0x7A, 0x8D, 0x31, 0xFF, 0xFB,
	0x92, 0x44, 0xE3, 0x02, 0x03, 0x13, 0x67, 0xD7, 0xE9, 0xE5, 0x3B, 0x74,
	0x59, 0x6A, 0x5A, 0xFD, 0x30, 0xE7, 0x5E, 0x8C, 0x15, 0x4B, 0x59, 0xA7,
	0xAC, 0xEB, 0xD1, 0x50, 0xA9, 0x6C, 0x34, 0xC5, 0x9D, 0x7A, 0x1C, 0xA5,
	0x57, 0x3B, 0x91, 0xDC, 0xDB, 0xDD, 0x53, 0x45, 0x4E, 0xD7, 0x72, 0x0B,
	0xB4, 0x43, 0xBB, 0xB9, 0xAB, 0xA4, 0x88, 0x81, 0x27, 0xE6, 0xF3, 0x89,
	0x78, 0x43, 0x53, 0xA2, 0x64, 0x60, 0x23, 0x16, 0x13, 0xE7, 0xF9, 0x9A,
	0x69, 0x07, 0x40, 0x92, 0xF9, 0x61, 0xAE, 0x61, 0x35, 0x4E, 0xE3, 0xB7,
	0xB2, 0x5B, 0x5A, 0xF8, 0xC6, 0x31, 0xB6, 0xAD, 0xE5, 0x5C, 0xEA, 0xDA,
	0xC6, 0xF7, 0x33, 0xF6, 0x7A, 0x12, 0x09, 0x55, 0x15, 0xA6, 0x9F, 0x3C,
	0x6E, 0x47, 0xF9, 0x6D, 0x45, 0x7F, 0xFF, 0xFD, 0xE7, 0xFD, 0xD7, 0x68,
	0xF9, 0x6F, 0xFF, 0xFF, 0x24, 0xFA, 0x95, 0x10, 0x24, 0x61, 0xD6, 0xBC,
	0xC1, 0xA0, 0x2A, 0xC8, 0x29, 0x48, 0xA4, 0xEF, 0xFA, 0x11, 0x37, 0xFF,
	0xFF, 0xD6, 0xEC, 0x69, 0x00, 0x25, 0xFC, 0xAA, 0x62, 0xEF, 0xCB, 0x32,
	0xAA, 0xD0, 0x9E, 0x58, 0xF3, 0x67, 0xA9, 0x3D, 0x10, 0x9B, 0x67, 0x2C,
	0xB8, 0x15, 0x4C, 0x1E, 0x23, 0x20, 0x4D, 0x8C, 0xF3, 0xBD, 0xD5, 0x18,
	0x8E, 0x91, 0xAD, 0xB6, 0x72, 0xD7, 0x95, 0x13, 0x61, 0xC9, 0xEE, 0x3E,
	0xA2, 0x28, 0xD5, 0xBE, 0x83, 0xBC, 0x8F, 0xFF, 0xFE, 0xBA, 0x92, 0xA5,
	0x26, 0x2B, 0xAB, 0x8D, 0x3B, 0xAA, 0x1C, 0x61, 0xEC, 0x6F, 0x73, 0x9D,
	0x5D, 0x10, 0x16, 0x17, 0xF9, 0xA4, 0x0C, 0x45, 0x8F, 0x3B, 0x4C, 0x31,
	0x76, 0xCC, 0x04, 0x59, 0xD5, 0xB3, 0xE7, 0xA5, 0x52, 0x92, 0xA7, 0x2F,
	0x76, 0x4A, 0xCD, 0x21, 0xCD, 0xB6, 0xB6, 0xB9, 0x23, 0x44, 0x00, 0xEF,
	0xC3, 0xB0, 0x44, 0xE9, 0x05, 0x98, 0xAC, 0x2E, 0xED, 0x0F, 0xA2, 0x2C,
	0x2C, 0x1B, 0x01, 0xA1, 0x40, 0x9C, 0x35, 0x64, 0x95, 0xC9, 0x08, 0xA7,
	0x5D, 0x9C, 0x36, 0x5B, 0x5F, 0x4B, 0x69, 0xF8, 0xCA, 0xF6, 0x6E, 0x8F,
	0x8B, 0xFF, 0x89, 0x9C, 0x41, 0x88, 0x47, 0xEE, 0x78, 0xDA, 0x6A, 0x92,
	0x55, 0x35, 0x41, 0xD7, 0x56, 0x18, 0x7F, 0xFF, 0xD5, 0x2A, 0xCF, 0xF7,
	0xF3, 0xDB, 0x27, 0x52, 0x84, 0xC4, 0x04, 0x66, 0xB5, 0x68, 0x6A, 0x98,
	0x51, 0x4D, 0x06, 0xC1, 0x6B, 0x33, 0x55, 0x2A, 0x45, 0x24, 0x45, 0x46,
	0x53, 0xDE, 0x73, 0x31, 0xE2, 0xF0, 0x26, 0x1A, 0x32, 0xBB, 0x29, 0x25,
	0x8D, 0x9D, 0x7F, 0xFB, 0x75, 0x2A, 0xBF, 0xEF, 0xED, 0xBA, 0x48, 0x80,
	0x36, 0xFE, 0x34, 0x13, 0x85, 0x87, 0x57, 0x33, 0x2E, 0x34, 0x9C, 0xD1,
	0x11, 0xD1, 0x40, 0x84, 0x1A, 0x12, 0x89, 0x21, 0x19, 0x83, 0x41, 0x10,
	0xA8, 0xF0, 0xD5, 0x47, 0x2A, 0x7E, 0x9A, 0x4D, 0x84, 0x0B, 0x63, 0xD9,
	0x0D, 0xFD, 0xE9, 0x52, 0xA5, 0xBE, 0x55, 0x31, 0x3B, 0xFF, 0x7E, 0x36,
	0xFF, 0xFF, 0x99, 0x59, 0xB5, 0x43, 0x91, 0x7C, 0xFF, 0xFB, 0x92, 0x64,
	0xE9, 0x80, 0x03, 0x19, 0x67, 0xD7, 0x69, 0xE8, 0x2B, 0x74, 0x5E, 0xC8,
	0xBB, 0x1F, 0x3D, 0xE7, 0x5C, 0x8C, 0xB5, 0x6D, 0x5F, 0xAC, 0x14, 0xED,
	0xD1, 0xB2, 0xAA, 0xEB, 0x74, 0xF5, 0xA9, 0x7A, 0xA1, 0xC4, 0x13, 0xA2,
	0x9E, 0xAD, 0xFA, 0x1D, 0x74, 0x25, 0xFA, 0x9A, 0xCB, 0xB5, 0xAC, 0x76,
	0xDC, 0xC0, 0xCB, 0x93, 0xBD, 0x5E, 0x8F, 0xFA, 0xF7, 0xDB, 0x77, 0x1D,
	0x8D, 0xA0, 0x03, 0xBB, 0xD0, 0x89, 0x25, 0xAD, 0xBA, 0x40, 0xA8, 0xDB,
	0x9E, 0x27, 0x55, 0xC9, 0xFC, 0x0C, 0x20, 0x14, 0x85, 0x43, 0xA3, 0x53,
	0x59, 0x3F, 0x1B, 0x49, 0xCA, 0x7D, 0x42, 0x5C, 0x90, 0x9C, 0x53, 0x4A,
	0x7F, 0xFB, 0x2C, 0xE2, 0x83, 0x3F, 0x17, 0xD8, 0x54, 0x59, 0xBE, 0x85,
	0xF5, 0x29, 0xFF, 0xFF, 0x5F, 0x6F, 0xAF, 0x47, 0xE6, 0x68, 0xD7, 0x31,
	0x75, 0xEC, 0xA7, 0x05, 0xCB, 0xFE, 0xFD, 0xB7, 0xDB, 0xF4, 0x09, 0x9F,
	0x20, 0x93, 0xBB, 0x02, 0x6D, 0x6A, 0x34, 0xFD, 0x63, 0xA7, 0xF7, 0x69,
	0x25, 0x8D, 0xB0, 0x04, 0x9F, 0x1F, 0x0C, 0x8B, 0x95, 0x4B, 0x58, 0xB6,
	0x1D, 0xEE, 0x2C, 0xA8, 0x93, 0xB9, 0x5F, 0x60, 0xA1, 0xA2, 0xA4, 0xA1,
	0xF4, 0x62, 0x56, 0x18, 0x6E, 0x9F, 0xB8, 0xC4, 0xBE, 0x7D, 0xFE, 0x3D,
	0x30, 0xD2, 0xDE, 0xB7, 0xE1, 0x56, 0xB2, 0x3F, 0xDD, 0x5A, 0xB6, 0x08,
	0x46, 0xAC, 0xCD, 0x61, 0x09, 0x69, 0xC0, 0x08, 0x36, 0xAF, 0x54, 0x09,
	0x34, 0x46, 0xFF, 0xFF, 0xBA, 0x8D, 0x90, 0xF7, 0x54, 0x9E, 0xAE, 0xA6,
	0x23, 0x87, 0x26, 0xA7, 0x53, 0xFF, 0xB0, 0xE0, 0x8E, 0xAF, 0xE3, 0xC9,
	0x6A, 0x94, 0x3C, 0xE3, 0x0D, 0x4A, 0x52, 0x82, 0xA0, 0x3C, 0x99, 0x92,
	0x42, 0xC8, 0x26, 0xC4, 0x77, 0x7F, 0xC9, 0xDD, 0x76, 0xB1, 0x39, 0x1B,
	0x00, 0x06, 0xF6, 0x7C, 0x8A, 0xC9, 0x9D, 0x02, 0xA0, 0xC1, 0xE1, 0x79,
	0x9B, 0x23, 0x93, 0xC4, 0xE4, 0x00, 0xEF, 0x3E, 0xB9, 0xB9, 0x32, 0x4E,
	0x1A, 0xC2, 0xED, 0x54, 0xFA, 0xDC, 0xB5, 0xCF, 0x73, 0x9C, 0xE9, 0x79,
	0xD8, 0x5A, 0xA6, 0x27, 0xFF, 0xF7, 0x4A, 0x03, 0xF0, 0x7A, 0xC7, 0x3A,
	0x44, 0xE1, 0xA7, 0x1C, 0x0C, 0xA2, 0xD7, 0x9C, 0x36, 0xCF, 0x24, 0x77,
	0xFF, 0xFD, 0xBF, 0xDF, 0x77, 0x52, 0xAD, 0xFD, 0xFF, 0xEF, 0x55, 0x3F,
	0xFB, 0x9C, 0x9D, 0x96, 0x7B, 0x33, 0x5E, 0x27, 0xB1, 0xF0, 0x03, 0x8E,
	0x80, 0xEE, 0x6E, 0xBF, 0xE2, 0xD5, 0x9B, 0x6D, 0xAC, 0x96, 0x34, 0x40,
	0x12, 0x6C, 0x5E, 0x44, 0xAE, 0x18, 0xC1, 0x32, 0x2A, 0x93, 0x03, 0xB7,
	0x1E, 0x22, 0x86, 0x47, 0x58, 0x56, 0x41, 0x2E, 0x6D, 0x06, 0xA8, 0xB5,
	0xCD, 0x87, 0x57, 0x77, 0x15, 0xCD, 0x49, 0xDF, 0xEB, 0xE6, 0xBF, 0xFA,
	0xE6, 0x86, 0xBF, 0xC7, 0x5A, 0x80, 0x48, 0x58, 0xFF, 0x41, 0xDE, 0x2B,
	0x6F, 0xFF, 0xFB, 0x3B, 0x0F, 0x53, 0x39, 0xDE, 0x73, 0x44, 0xE4, 0x6F,
	0xEC, 0x67, 0xD3, 0x7C, 0xA3, 0x9D, 0xFF, 0xFB, 0x92, 0x44, 0xDE, 0x00,
	0x02, 0xB2, 0x52, 0x59, 0x69, 0x87, 0x3A, 0xF4, 0x55, 0x0A, 0x4A, 0xFD,
	0x3D, 0x07, 0x5E, 0x8D, 0x3D, 0x4B, 0x5B, 0xA7, 0xA4, 0xEB, 0xD1, 0x79,
	0x28, 0xEA, 0xF4, 0xC5, 0x9D, 0x7A, 0xFF, 0xD2, 0xC9, 0xA7, 0xA4, 0x5A,
	0x7C, 0x88, 0xCB, 0x36, 0xA6, 0xFD, 0x77, 0x91, 0xD8, 0xE2, 0x00, 0xCB,
	0xF3, 0x27, 0xE5, 0x65, 0x77, 0x1D, 0x4C, 0xE0, 0x12, 0x4E, 0x07, 0x90,
	0x3E, 0x75, 0x85, 0x42, 0xC2, 0x82, 0x67, 0xAC, 0xC7, 0x47, 0x5F, 0x6A,
	0x39, 0xFF, 0xAD, 0xEE, 0xDB, 0x4A, 0x11, 0xC4, 0xDC, 0xD6, 0xEE, 0xFF,
	0xEA, 0xE9, 0x5A, 0x3D, 0xFC, 0xD7, 0xA0, 0x4C, 0x5F, 0xF9, 0xBA, 0x08,
	0x85, 0xBF, 0xFF, 0xD1, 0xB7, 0x35, 0xD9, 0xBF, 0xB7, 0x36, 0x91, 0x12,
	0x7A, 0xAE, 0x96, 0x76, 0x61, 0x48, 0x0C, 0x1B, 0x7D, 0x90, 0xDB, 0xCA,
	0x39, 0xA6, 0xB1, 0xD7, 0x31, 0xD5, 0x8F, 0x12, 0x1D, 0xBA, 0x60, 0x79,
	0x1B, 0xB5, 0xD6, 0x27, 0x63, 0x48, 0x00, 0xDE, 0xAE, 0x62, 0xF0, 0x2B,
	0x94, 0x4C, 0x04, 0xD1, 0x1E, 0xAE, 0x1E, 0x6A, 0xE6, 0x73, 0xE1, 0xB1,
	0x68, 0xE6, 0x76, 0x8C, 0xEC, 0xDD, 0x59, 0xF0, 0x92, 0x62, 0x6F, 0x67,
	0x68, 0x53, 0x5F, 0x7B, 0xF6, 0x5F, 0xE3, 0x8A, 0x6D, 0x1D, 0x6F, 0x49,
	0x96, 0x5A, 0xA4, 0xE4, 0xDA, 0xCC, 0x5A, 0xA0, 0xAC, 0x49, 0x91, 0x6A,
	0x8C, 0x4A, 0x35, 0x88, 0xE0, 0xD5, 0xD7, 0x73, 0xE4, 0x96, 0xC4, 0x89,
	0x4F, 0xFF, 0xFF, 0xD3, 0x4E, 0xF4, 0xD5, 0x7A, 0x09, 0x2D, 0x3F, 0xAD,
	0x36, 0xFF, 0xAA, 0x72, 0x6F, 0xF5, 0xB2, 0x3D, 0x24, 0x54, 0xB5, 0x3A,
	0x4A, 0xE8, 0xA8, 0x73, 0xB9, 0x61, 0xE1, 0x7F, 0x55, 0xD6, 0xFB, 0x1B,
	0x8D, 0xA2, 0x00, 0x4F, 0xD3, 0xF0, 0x5A, 0x90, 0xE3, 0x9A, 0x41, 0xC6,
	0x5B, 0x1B, 0x86, 0x32, 0x69, 0x8C, 0xF6, 0x0C, 0x00, 0x40, 0x14, 0x50,
	0x0E, 0x2A, 0x48, 0x31, 0x44, 0xC8, 0x96, 0xAA, 0xCB, 0xBD, 0x95, 0xCB,
	0x1A, 0x93, 0x76, 0xAA, 0x9F, 0xDF, 0x92, 0x4E, 0xDF, 0xFD, 0x5E, 0xE6,
	0x24, 0xE5, 0x37, 0x53, 0x2D, 0x43, 0xE1, 0xA3, 0x18, 0x84, 0xF4, 0x48,
	0x9F, 0x76, 0x7C, 0x7F, 0x1B, 0x92, 0x52, 0x42, 0x6E, 0x59, 0xFF, 0xFF,
	0xE8, 0xEB, 0xFE, 0xB2, 0xA6, 0xDE, 0xA5, 0x1B, 0xEE, 0xDA, 0x96, 0xBA,
	0x96, 0xC3, 0x1B, 0xF4, 0x0E, 0xA0, 0xE6, 0x09, 0x94, 0x92, 0x73, 0xC5,
	0x12, 0x81, 0x1D, 0x05, 0x65, 0xA3, 0x10, 0x3C, 0x9A, 0x31, 0xC4, 0xCD,
	0x18, 0xA3, 0x75, 0x14, 0xAA, 0x9B, 0x5D, 0x5A, 0x96, 0x36, 0x40, 0x0E,
	0x6B, 0xF0, 0x02, 0x11, 0xB0, 0x14, 0x11, 0x85, 0xD8, 0x27, 0x89, 0xE8,
	0xE0, 0xC5, 0x5A, 0x40, 0x58, 0x28, 0x24, 0x30, 0x3F, 0x29, 0xC2, 0x98,
	0x35, 0x73, 0xBA, 0x7A, 0x4D, 0xFB, 0x40, 0x93, 0x95, 0x74, 0xBD, 0x1B,
	0xE8, 0xF4, 0x0A, 0x18, 0xFE, 0x2B, 0x36, 0xC2, 0xE1, 0x87, 0xFA, 0xBB,
	0x63, 0x42, 0xFF, 0xFF, 0xFF, 0xFB, 0x92, 0x44, 0xE3, 0x00, 0x02, 0x96,
	0x52, 0x57, 0x69, 0x8B, 0x3A, 0xF4, 0x5B, 0xCA, 0x5A, 0xED, 0x31, 0x27,
	0x5E, 0xCD, 0x05, 0x4B, 0x53, 0xA7, 0xB1, 0xAB, 0xD1, 0xCE, 0x2A, 0xE9,
	0xF4, 0xF4, 0xB5, 0x7A, 0xFD, 0xCC, 0x3B, 0x7A, 0x36, 0x74, 0xEE, 0xF5,
	0x2A, 0x61, 0xBF, 0xF4, 0x94, 0x39, 0xFC, 0xAA, 0xC5, 0x1F, 0xBE, 0x10,
	0x73, 0x6D, 0x5D, 0xD6, 0xDC, 0xE5, 0xD1, 0xB2, 0x00, 0x93, 0x68, 0x21,
	0x22, 0x22, 0xA1, 0x38, 0xB3, 0x98, 0x69, 0x92, 0x39, 0x3A, 0xB0, 0xF2,
	0x20, 0x8C, 0x8D, 0xC0, 0x8C, 0x87, 0x3C, 0x07, 0x0F, 0xD3, 0xF6, 0x5C,
	0xBF, 0x88, 0xEE, 0xA0, 0x44, 0x3D, 0x6D, 0x7F, 0x53, 0x5F, 0xFC, 0x7E,
	0x19, 0x12, 0xFD, 0x47, 0x51, 0x44, 0xB0, 0xA5, 0xFD, 0x06, 0xFB, 0x9C,
	0xFF, 0xFF, 0xE9, 0x49, 0xA8, 0xCD, 0xFA, 0x23, 0x97, 0x5E, 0xCA, 0x6B,
	0x7F, 0xCC, 0xC9, 0x0B, 0xFF, 0xFE, 0xEF, 0xFD, 0x4B, 0x1E, 0xFE, 0x8F,
	0x47, 0xFE, 0x87, 0x87, 0x87, 0x85, 0x45, 0x64, 0x8D, 0x82, 0x65, 0xF8,
	0x68, 0x83, 0x7C, 0x86, 0x23, 0xF4, 0x7C, 0x8E, 0x92, 0x16, 0x4F, 0x5C,
	0x47, 0x5A, 0x01, 0x20, 0x54, 0x96, 0x6A, 0x62, 0x4F, 0x11, 0xC9, 0x84,
	0x0B, 0x45, 0xA5, 0xEE, 0x8A, 0x52, 0xE5, 0xFE, 0xBE, 0x76, 0x61, 0x0A,
	0xAF, 0xBD, 0x43, 0x5B, 0xBA, 0x8B, 0xE6, 0x37, 0x24, 0xF4, 0x53, 0x25,
	0x43, 0x32, 0x4F, 0x79, 0x82, 0xCF, 0x12, 0x8E, 0xFF, 0xFF, 0x57, 0xA1,
	0xC8, 0xDF, 0xBC, 0xDF, 0xCD, 0x65, 0x31, 0xFF, 0xB6, 0x8B, 0xFC, 0xD7,
	0x7C, 0xDB, 0xEC, 0x4C, 0xB7, 0xD8, 0xAE, 0x90, 0x8F, 0xAF, 0xFF, 0xD0,
	0xB0, 0xCC, 0xCE, 0xA8, 0xCC, 0xAE, 0x30, 0x0C, 0xBC, 0x66, 0x19, 0x05,
	0x28, 0x22, 0x97, 0x03, 0x1E, 0x67, 0x6B, 0x93, 0xC1, 0xC5, 0x08, 0x1B,
	0x15, 0x84, 0xF1, 0xCA, 0x13, 0xA2, 0x58, 0x7E, 0x7A, 0x1D, 0x2F, 0xF4,
	0xFD, 0x1B, 0x9F, 0x93, 0x3D, 0x39, 0x7A, 0x1D, 0x46, 0xEC, 0xC1, 0x3F,
	0x4E, 0xB7, 0x74, 0xEE, 0x6B, 0x18, 0xA8, 0x83, 0xFA, 0x92, 0xC4, 0x27,
	0xFE, 0xBE, 0x9F, 0xFF, 0xFB, 0xA2, 0x1D, 0xBD, 0x6D, 0xB1, 0xC4, 0x8E,
	0xDD, 0xCD, 0x3C, 0xFA, 0x7A, 0xE8, 0xF5, 0x20, 0x67, 0xD2, 0x6B, 0xAC,
	0xAA, 0xA9, 0xE3, 0xE6, 0xFE, 0x83, 0x57, 0xA5, 0x35, 0x67, 0x88, 0x77,
	0x64, 0x45, 0x59, 0x18, 0x0A, 0x5F, 0x94, 0xA1, 0x62, 0x52, 0x9F, 0x68,
	0x70, 0x05, 0x82, 0x5D, 0x90, 0x7F, 0x21, 0x67, 0xE1, 0xF6, 0x73, 0x0E,
	0x75, 0x39, 0xEA, 0xD7, 0x02, 0x74, 0xD4, 0x2A, 0xB3, 0x42, 0xCE, 0x30,
	0xC5, 0x5A, 0xCD, 0x98, 0xF6, 0x9B, 0x36, 0xEC, 0xD2, 0xC2, 0xAF, 0xB6,
	0x21, 0x56, 0xF4, 0xBF, 0xF0, 0xAF, 0x8D, 0x05, 0xBF, 0x2A, 0x47, 0x0A,
	0xA9, 0x9F, 0x9D, 0xC9, 0x0B, 0x7F, 0xFF, 0xD2, 0xB4, 0xFB, 0x33, 0xBA,
	0x59, 0xB5, 0x9A, 0xAE, 0x72, 0x79, 0x44, 0x49, 0xCA, 0x61, 0xE6, 0xFF,
	0xBA, 0x4C, 0xFF, 0xFB, 0x92, 0x64, 0xDC, 0x80, 0x02, 0x8D, 0x45, 0x55,
	0xE9, 0x29, 0x3A, 0xE4, 0x53, 0xEA, 0x5A, 0xDD, 0x25, 0x6A, 0x5E, 0x8B,
	0xAD, 0x4B, 0x5B, 0xE7, 0xAD, 0x4B, 0xD1, 0x72, 0x29, 0x6B, 0x7C, 0xF6,
	0x1D, 0x7A, 0x67, 0xA2, 0xB3, 0xDD, 0x5E, 0x26, 0x7A, 0x1D, 0xEB, 0xBA,
	0xDD, 0x59, 0x69, 0x24, 0x00, 0x0D, 0xD8, 0xD8, 0x43, 0x89, 0x3D, 0x02,
	0xCB, 0x11, 0xFD, 0x40, 0x60, 0x34, 0x1D, 0x6B, 0xF0, 0xCB, 0xCD, 0x38,
	0x90, 0xAA, 0xE2, 0xAB, 0x5C, 0x55, 0x4C, 0x12, 0xD2, 0x7B, 0x7C, 0xE2,
	0x5C, 0xFF, 0xF1, 0x9C, 0x66, 0x7C, 0x2E, 0x9D, 0x67, 0x38, 0xA5, 0xB1,
	0x6F, 0xFF, 0xFF, 0x7A, 0x9D, 0x12, 0x71, 0x46, 0xB4, 0xA9, 0x1B, 0x8F,
	0x74, 0x53, 0x0B, 0x11, 0x16, 0x66, 0x92, 0x3B, 0x19, 0x92, 0x27, 0xEE,
	0x35, 0xBF, 0xFF, 0xFA, 0xB5, 0x9C, 0x65, 0x77, 0x52, 0x55, 0x26, 0x52,
	0x2C, 0xD4, 0xA5, 0x98, 0xA7, 0xFF, 0xB4, 0xE9, 0x34, 0xD7, 0xF7, 0xF5,
	0x6C, 0x75, 0xBD, 0x72, 0x20, 0x64, 0x62, 0xEB, 0xBF, 0x6B, 0xE4, 0x76,
	0xB4, 0x80, 0x32, 0x71, 0x01, 0x1A, 0x11, 0xA7, 0xFB, 0x42, 0xCB, 0xAA,
	0xE2, 0x0C, 0x28, 0x90, 0x8E, 0x09, 0xC8, 0x83, 0xBC, 0x8C, 0x75, 0xE6,
	0xA7, 0xFA, 0x87, 0x2A, 0x50, 0x4A, 0x63, 0x94, 0xE6, 0x62, 0x3D, 0x16,
	0x7C, 0xFC, 0x32, 0xFF, 0xF5, 0xE7, 0x51, 0x07, 0xEE, 0x8D, 0xA3, 0x17,
	0xEB, 0xE1, 0xDB, 0xFF, 0xFA, 0x79, 0x6D, 0xD7, 0xD0, 0xAD, 0xEC, 0x94,
	0xFF, 0xE6, 0x06, 0xDF, 0x67, 0x6E, 0x0D, 0x4C, 0x7A, 0x9D, 0xA8, 0xB3,
	0x0E, 0xB1, 0x11, 0x65, 0x87, 0x77, 0x76, 0x44, 0x65, 0x8D, 0x80, 0xA5,
	0xD9, 0x76, 0x44, 0x1B, 0x07, 0x4D, 0x02, 0x70, 0x05, 0x23, 0xC8, 0x2F,
	0x8D, 0xC5, 0x50, 0xB6, 0xA4, 0x1C, 0x23, 0x24, 0x89, 0xA6, 0xCF, 0xD2,
	0x6B, 0x13, 0xF9, 0xDA, 0x04, 0xBB, 0xE3, 0xF2, 0xB1, 0xBA, 0x74, 0x7F,
	0x95, 0xF5, 0x67, 0x7B, 0xFF, 0x9B, 0x0D, 0x54, 0x19, 0x53, 0x3D, 0x4E,
	0xA8, 0x64, 0x5D, 0xFE, 0xA3, 0xEE, 0x25, 0x3F, 0xFF, 0xFD, 0x73, 0x53,
	0xEF, 0x7A, 0x90, 0xB6, 0xE8, 0x6B, 0x18, 0xE7, 0xAD, 0x37, 0xDD, 0xD4,
	0x99, 0xB5, 0xFF, 0x75, 0xD5, 0xBF, 0x41, 0xBE, 0xA6, 0xA1, 0x52, 0xC8,
	0xD2, 0x49, 0x12, 0x00, 0x09, 0x49, 0x26, 0xE6, 0xA3, 0x08, 0xF1, 0x5E,
	0x40, 0x33, 0x9F, 0xAE, 0x6F, 0xCA, 0x02, 0x24, 0x02, 0xB0, 0x6A, 0x1B,
	0x14, 0x01, 0x60, 0xB1, 0xB7, 0x7C, 0xC2, 0xCC, 0xBD, 0x46, 0xE5, 0xBA,
	0x87, 0x12, 0x79, 0xC9, 0x5E, 0x8C, 0xBD, 0xEE, 0x3C, 0x5A, 0x74, 0x70,
	0x31, 0x2C, 0xA6, 0x31, 0x3C, 0x6E, 0x4A, 0x2C, 0xC0, 0x59, 0x06, 0x47,
	0x41, 0xD5, 0x3A, 0x50, 0x12, 0x57, 0x73, 0x01, 0xCE, 0x8F, 0xD7, 0xFF,
	0x6A, 0x28, 0x4E, 0xA4, 0x9F, 0xEA, 0x64, 0x93, 0x35, 0xFA, 0x9D, 0x37,
	0xFA, 0x1A, 0xAA, 0x4D, 0xFF, 0xB7, 0x5D, 0x4C, 0x8F, 0xF5, 0x97, 0xB4,
	0xFF, 0xFB, 0x92, 0x64, 0xEB, 0x80, 0x03, 0x10, 0x52, 0xD6, 0x79, 0xEF,
	0x3A, 0xF4, 0x69, 0x0A, 0x3A, 0x5D, 0x61, 0xED, 0x5E, 0x89, 0xF1, 0x4B,
	0x57, 0xA7, 0xAC, 0x4B, 0xD1, 0x69, 0x29, 0x6B, 0x3C, 0xF4, 0xA9, 0x7A,
	0x67, 0xFF, 0xFF, 0x92, 0xBF, 0xED, 0xED, 0x92, 0x46, 0x80, 0x52, 0xFC,
	0x55, 0x8C, 0xC2, 0xF8, 0xAF, 0x52, 0x01, 0x48, 0x99, 0x95, 0xC7, 0x2A,
	0x78, 0xDC, 0x2F, 0x64, 0x31, 0x50, 0x28, 0xF9, 0x2C, 0x48, 0x32, 0x79,
	0x7B, 0xC7, 0x9F, 0x33, 0x6E, 0x8B, 0x1C, 0xAE, 0xBD, 0x62, 0x96, 0x62,
	0xF5, 0x77, 0xAC, 0xD6, 0x7E, 0x39, 0xED, 0x99, 0xEE, 0xA6, 0x0B, 0xA3,
	0x76, 0xB6, 0x54, 0x4C, 0xB1, 0x01, 0x67, 0xF7, 0x34, 0x29, 0x5B, 0x09,
	0x63, 0x5F, 0xFF, 0xFD, 0xD0, 0xA2, 0x7B, 0x9F, 0xBD, 0x3B, 0x1C, 0xAE,
	0x4A, 0xCD, 0xD9, 0x5E, 0xA7, 0x48, 0xC4, 0x82, 0x4D, 0x34, 0x74, 0x43,
	0x0F, 0x9E, 0xA6, 0x3F, 0x6B, 0x2B, 0x88, 0xC7, 0x7A, 0x1F, 0xA6, 0x6D,
	0xF6, 0xB2, 0x69, 0x1A, 0x01, 0xC9, 0xEE, 0xAC, 0xAE, 0xD8, 0x54, 0x5A,
	0x2A, 0x05, 0x0D, 0xBA, 0x64, 0xEC, 0xD3, 0x61, 0x84, 0x37, 0x97, 0x51,
	0xD8, 0x9A, 0x6A, 0x77, 0x29, 0xE2, 0x56, 0x7F, 0xBF, 0x9B, 0xDA, 0xF0,
	0xFD, 0x2B, 0x0D, 0xF4, 0x3D, 0x45, 0xF5, 0xAC, 0x1F, 0x9F, 0xFE, 0x7D,
	0x2A, 0x2E, 0x27, 0xF3, 0xCC, 0x1C, 0xA0, 0xCC, 0xD7, 0xF9, 0x11, 0x16,
	0x80, 0x42, 0x1B, 0xFF, 0xFF, 0xCE, 0xB9, 0xCF, 0x3D, 0xD1, 0x99, 0x6E,
	0x69, 0xCD, 0x6E, 0xAD, 0xFF, 0xE8, 0x4A, 0xDF, 0x35, 0x18, 0xC4, 0x64,
	0x27, 0x6A, 0xB5, 0x59, 0x92, 0xC3, 0x86, 0x20, 0x51, 0x3F, 0xFF, 0xF4,
	0x4D, 0xB6, 0xB5, 0xDB, 0x64, 0x98, 0x36, 0xA8, 0x57, 0xDE, 0x50, 0x92,
	0xA8, 0x0E, 0x65, 0x7B, 0xD7, 0x8A, 0xC2, 0xC9, 0x68, 0x3F, 0x5C, 0x70,
	0xB0, 0xDC, 0xA8, 0x67, 0x0B, 0xB5, 0x9C, 0xCB, 0xAB, 0xAF, 0xFB, 0x37,
	0xE6, 0x18, 0xC2, 0xA7, 0xF5, 0xEF, 0xF3, 0x31, 0xD2, 0x7E, 0x67, 0x3E,
	0xF7, 0x3C, 0x43, 0xB7, 0x72, 0xA1, 0x66, 0xE2, 0xB1, 0x9F, 0x9C, 0x4C,
	0xD8, 0x16, 0x13, 0x3B, 0x2A, 0x21, 0xB3, 0x54, 0xDB, 0xFB, 0x2A, 0x4F,
	0x35, 0x7B, 0xBB, 0xA1, 0xF2, 0x07, 0xFD, 0xBF, 0xDE, 0xCA, 0x69, 0xBF,
	0xEC, 0xFA, 0x6A, 0xAF, 0xFC, 0x6A, 0xB8, 0x85, 0x67, 0x87, 0x76, 0x54,
	0x46, 0x58, 0xD8, 0x06, 0xEF, 0xCF, 0x91, 0xAC, 0xA2, 0x4E, 0x42, 0x12,
	0xC6, 0xCA, 0xA4, 0xCA, 0x39, 0xDB, 0x14, 0xCF, 0x03, 0x88, 0xC5, 0x01,
	0x74, 0x18, 0x28, 0x23, 0x6C, 0xB0, 0xFE, 0x7C, 0xD9, 0x5C, 0xBC, 0xD0,
	0x4D, 0x15, 0xF4, 0xA5, 0x58, 0x96, 0x7A, 0x67, 0xDE, 0xFB, 0x94, 0xAA,
	0xA2, 0x82, 0x4B, 0xEE, 0x46, 0xA2, 0x76, 0xFD, 0x46, 0xBC, 0xC7, 0xFF,
	0xFE, 0xEE, 0x72, 0x2A, 0x35, 0x77, 0xE8, 0xE4, 0x93, 0xDC, 0xA9, 0x86,
	0x38, 0xFA, 0xF6, 0x44, 0x73, 0x9C, 0x13, 0x21, 0xB3, 0xFF, 0xFF, 0xFB,
	0x92, 0x64, 0xF0, 0x00, 0x23, 0x30, 0x52, 0xD0, 0xE9, 0xE8, 0x6A, 0xF4,
	0x66, 0xCA, 0x5A, 0xAD, 0x3D, 0x8A, 0x5E, 0x8C, 0x2D, 0x4B, 0x53, 0xA6,
	0x3D, 0x4B, 0xD1, 0x6E, 0xA9, 0x6A, 0x74, 0xF6, 0x29, 0x7A, 0x4B, 0x2C,
	0xF4, 0x7F, 0x41, 0xE4, 0x4A, 0x93, 0xFD, 0x9F, 0xF4, 0xDF, 0xBF, 0xF2,
	0xDB, 0x62, 0x40, 0xB9, 0x7E, 0x52, 0x29, 0xCF, 0xC3, 0x7A, 0x61, 0xE9,
	0x13, 0x03, 0xD0, 0x9B, 0xA1, 0xC5, 0xCD, 0x10, 0xC1, 0x49, 0x72, 0xC4,
	0x80, 0xF8, 0xE8, 0x37, 0x01, 0xA9, 0x3C, 0xA6, 0xA1, 0xF2, 0xB7, 0x55,
	0x45, 0x4B, 0x89, 0x57, 0x9A, 0xDB, 0xAE, 0x3D, 0xE9, 0x47, 0xF1, 0x71,
	0x79, 0x46, 0x7F, 0x22, 0x1D, 0x9C, 0x44, 0x3A, 0x4C, 0xBA, 0xCB, 0x9E,
	0xF8, 0x52, 0x06, 0xF5, 0xBD, 0xFF, 0xFB, 0x6C, 0x69, 0xB5, 0x4A, 0xA6,
	0xA5, 0x49, 0x75, 0xFD, 0xFB, 0xB6, 0xD4, 0x15, 0x5B, 0xEE, 0xCC, 0xB9,
	0x8E, 0x50, 0x26, 0x5C, 0x28, 0x51, 0x0C, 0x0E, 0x11, 0x6D, 0xBF, 0xFF,
	0xD2, 0xAC, 0xEE, 0xF0, 0xA6, 0x8A, 0x91, 0x90, 0x95, 0xBF, 0x1D, 0xB0,
	0x15, 0x51, 0x94, 0x61, 0x30, 0x1C, 0x04, 0xEE, 0x45, 0x39, 0x60, 0xD9,
	0xA0, 0xB8, 0x76, 0x92, 0x08, 0x13, 0x54, 0x47, 0x71, 0x89, 0x26, 0x50,
	0x7A, 0x12, 0xC6, 0x4F, 0x27, 0x8E, 0xAA, 0x49, 0x3D, 0xAC, 0x3E, 0x9D,
	0x96, 0xF1, 0xF5, 0xFF, 0xBB, 0xC6, 0x32, 0x7E, 0xC6, 0x05, 0x3A, 0x63,
	0xE9, 0xF7, 0xAD, 0x24, 0x16, 0x3E, 0x07, 0x93, 0x65, 0x2C, 0xF1, 0x87,
	0xFF, 0xFB, 0x35, 0x9A, 0x96, 0x9D, 0x14, 0xD0, 0x5A, 0x67, 0x99, 0xFB,
	0x99, 0x9D, 0x75, 0x37, 0x45, 0x99, 0x59, 0x88, 0xC5, 0x6F, 0xA2, 0xB6,
	0x4F, 0x5B, 0x6A, 0x3E, 0x85, 0x5E, 0x5F, 0x04, 0xFA, 0xAD, 0x85, 0xDB,
	0xEF, 0x24, 0xF6, 0x36, 0x42, 0x97, 0x82, 0xF1, 0x97, 0xEA, 0xD0, 0x14,
	0x00, 0x50, 0x8D, 0x4E, 0x8F, 0xE1, 0x14, 0x03, 0x4A, 0xBD, 0x1A, 0x4C,
	0x17, 0xD5, 0x0D, 0xC1, 0x30, 0x93, 0xF1, 0xEB, 0x4F, 0xEE, 0x75, 0x59,
	0x61, 0x6D, 0xF3, 0x17, 0x2E, 0xD9, 0x99, 0x2A, 0x2C, 0x35, 0xF3, 0x0A,
	0x2B, 0x61, 0x70, 0xE2, 0x67, 0xCF, 0x41, 0xD2, 0x55, 0x30, 0xE7, 0xFC,
	0xEE, 0x17, 0x25, 0xAF, 0xFF, 0xFE, 0x73, 0xA5, 0x9D, 0x7A, 0x8E, 0x36,
	0xA8, 0xA6, 0x0E, 0x9E, 0x77, 0xFD, 0x4C, 0x38, 0x97, 0x4B, 0xC7, 0x21,
	0x6E, 0x24, 0xF2, 0xE3, 0x47, 0x08, 0x15, 0x9B, 0xFD, 0xE4, 0x9E, 0xB6,
	0x88, 0x32, 0xE1, 0x06, 0x68, 0x4C, 0x6F, 0xC7, 0x38, 0x49, 0x89, 0x39,
	0xBF, 0x92, 0x48, 0x27, 0x28, 0x4A, 0xC6, 0xB1, 0xD8, 0x3F, 0x13, 0x10,
	0x88, 0xA3, 0xBA, 0xE1, 0x73, 0x4F, 0x73, 0x85, 0x22, 0x84, 0xD6, 0x7E,
	0x68, 0x9F, 0xE4, 0xAE, 0x78, 0xC3, 0xD3, 0xD8, 0x3A, 0xDF, 0x43, 0xCD,
	0x75, 0x0A, 0x84, 0x8F, 0x39, 0x0C, 0x11, 0x84, 0xD8, 0xD1, 0x91, 0xFC,
	0xE1, 0xEE, 0x4D, 0xBF, 0xFF, 0xF5, 0xBB, 0x23, 0xFF, 0xFB, 0x92, 0x44,
	0xEA, 0x00, 0x03, 0x09, 0x52, 0xD5, 0xF9, 0xE9, 0x3A, 0xF4, 0x63, 0xC9,
	0x9A, 0x9D, 0x3D, 0x6A, 0x5E, 0x8D, 0x39, 0x49, 0x51, 0xE7, 0xAD, 0xAB,
	0xD9, 0x6E, 0xA2, 0xEA, 0x74, 0xC6, 0x1D, 0x72, 0x53, 0xEA, 0x2A, 0x33,
	0x77, 0x75, 0x24, 0x5C, 0xB1, 0x8F, 0xEE, 0x7D, 0x8E, 0x05, 0x1F, 0xF3,
	0xCD, 0xF6, 0xE4, 0x26, 0xBB, 0x59, 0x16, 0x8D, 0x10, 0x0C, 0x98, 0x41,
	0x88, 0x94, 0x3C, 0xA8, 0x5C, 0x88, 0x7A, 0x18, 0xF1, 0x10, 0xE9, 0x89,
	0x8D, 0xA9, 0x2C, 0x8D, 0x7E, 0x54, 0x32, 0x67, 0x36, 0x58, 0x52, 0xFF,
	0x06, 0x95, 0xBC, 0xF9, 0xDF, 0xCC, 0x3A, 0xF8, 0x58, 0xD7, 0xB5, 0x79,
	0x84, 0x3F, 0x43, 0x26, 0x8F, 0x1E, 0xDC, 0xF1, 0x41, 0x97, 0x42, 0xFB,
	0xEA, 0x85, 0xF5, 0x11, 0xCD, 0xFF, 0xFF, 0x7A, 0xDC, 0xFD, 0x77, 0xA1,
	0xCA, 0x20, 0x37, 0x73, 0x5D, 0x5B, 0xD2, 0xDF, 0x52, 0xA5, 0xF9, 0x3E,
	0xE0, 0x16, 0x80, 0x33, 0x66, 0x26, 0xDF, 0x66, 0xDC, 0xAD, 0x20, 0x44,
	0xBA, 0xB6, 0xB6, 0x9C, 0xCD, 0x37, 0x6A, 0x2D, 0xC0, 0xFE, 0x36, 0x18,
	0x14, 0x21, 0xB1, 0x21, 0x64, 0x73, 0x32, 0xB1, 0x2A, 0x99, 0x32, 0xCF,
	0xB8, 0x56, 0xDE, 0xE0, 0xB2, 0xA5, 0x5C, 0xB1, 0xFE, 0xE1, 0x62, 0x6C,
	0x38, 0xDE, 0xB7, 0xB6, 0xFB, 0x89, 0x84, 0xA9, 0xB9, 0x72, 0x03, 0x6A,
	0x31, 0x2C, 0x65, 0x6C, 0x2E, 0x1A, 0xCE, 0x05, 0xE1, 0x43, 0x2B, 0xD9,
	0x0C, 0x01, 0x93, 0x2C, 0x6B, 0x7F, 0xFF, 0xBB, 0x35, 0x49, 0x1E, 0x87,
	0x51, 0xB9, 0x39, 0xA9, 0x35, 0x14, 0xF1, 0x10, 0x69, 0xAA, 0xFC, 0xFD,
	0x14, 0x80, 0x7E, 0xED, 0xEC, 0xA0, 0x9D, 0x98, 0xBA, 0x1A, 0xFF, 0xFF,
	0xFA, 0xA5, 0xD6, 0xE8, 0x9C, 0x8D, 0x20, 0x0B, 0x96, 0xA2, 0xD0, 0xC8,
	0x95, 0x80, 0x01, 0x89, 0xE3, 0x98, 0x88, 0xA2, 0x7A, 0x40, 0x0C, 0x43,
	0x80, 0x63, 0x8D, 0x55, 0xB5, 0x64, 0x99, 0x16, 0xBF, 0xD0, 0x21, 0xAF,
	0x82, 0x61, 0x9F, 0x8E, 0x90, 0x56, 0xD8, 0xB6, 0xCF, 0xE6, 0x68, 0x99,
	0x0E, 0xD1, 0x0C, 0x14, 0xBC, 0xE1, 0x18, 0xB2, 0xA5, 0x14, 0x2C, 0x2D,
	0x94, 0x60, 0x99, 0x7A, 0x4F, 0x2F, 0xC4, 0x51, 0x9F, 0xFF, 0xFD, 0x54,
	0xC6, 0xFE, 0xD5, 0x28, 0xDB, 0x29, 0xC9, 0x74, 0x7E, 0x73, 0xAD, 0x10,
	0xA8, 0x98, 0x5F, 0xD1, 0xB6, 0x33, 0x90, 0xF5, 0xAA, 0x96, 0xDD, 0x9A,
	0x69, 0xA4, 0x80, 0x2E, 0x5A, 0x76, 0x9C, 0x2A, 0xF5, 0x06, 0xC7, 0x11,
	0x0A, 0x94, 0x75, 0x8E, 0x26, 0x35, 0x67, 0x0E, 0x60, 0xD0, 0xD8, 0x98,
	0xD9, 0xE1, 0xBA, 0xC5, 0xB1, 0x74, 0xCB, 0x2E, 0xDE, 0x7A, 0x7A, 0x3B,
	0x6D, 0x9A, 0x14, 0x3E, 0xDE, 0xFE, 0x63, 0x4F, 0x33, 0x41, 0xF6, 0x7C,
	0x23, 0xBA, 0xBA, 0x94, 0x1F, 0x12, 0xCE, 0x86, 0x83, 0x0D, 0x7E, 0x78,
	0x3A, 0x7B, 0x8A, 0x4B, 0xFF, 0xFF, 0xD7, 0x63, 0x53, 0xA3, 0x76, 0x2A,
	0x5B, 0xAB, 0x47, 0xCE, 0x57, 0x94, 0xFF, 0xFB, 0x90, 0x64, 0xE3, 0x80,
	0x02, 0xE2, 0x45, 0x53, 0xE9, 0xEC, 0x3A, 0xE4, 0x56, 0x08, 0xCA, 0x6D,
	0x3D, 0xE7, 0x5C, 0x8D, 0x01, 0x15, 0x4B, 0xA7, 0xBD, 0x4B, 0x91, 0x6B,
	0xA3, 0x28, 0xF4, 0xF6, 0x1D, 0x72, 0x01, 0x68, 0xFD, 0xF5, 0x8B, 0x7F,
	0xFF, 0xFA, 0x65, 0xDF, 0x66, 0xDC, 0xA9, 0xA0, 0x0D, 0x98, 0x36, 0x2B,
	0xA4, 0xDB, 0x59, 0x71, 0x0A, 0x92, 0x2E, 0x29, 0x46, 0xEA, 0x2E, 0x9E,
	0x81, 0xE2, 0xE9, 0x29, 0x7A, 0xF7, 0xCB, 0x71, 0xBF, 0x59, 0x98, 0xAE,
	0xEF, 0xCC, 0xF7, 0x5E, 0xBB, 0x26, 0xC5, 0x8A, 0xFB, 0x7F, 0x41, 0xF9,
	0x66, 0x7D, 0x46, 0x23, 0xC2, 0x1A, 0xA9, 0x74, 0xF2, 0x31, 0xBD, 0x47,
	0x86, 0x35, 0xBA, 0x0F, 0xB8, 0xB8, 0xB7, 0xFF, 0xF5, 0x63, 0x94, 0xF2,
	0x53, 0x49, 0x95, 0x50, 0x9D, 0xCC, 0x75, 0x27, 0x0C, 0x44, 0xF3, 0xDF,
	0xD7, 0x7F, 0xF9, 0x42, 0x36, 0xE8, 0x9D, 0x8F, 0xB2, 0x21, 0x43, 0x72,
	0x58, 0x92, 0x6D, 0xB0, 0x00, 0x72, 0x5A, 0xDF, 0x19, 0x88, 0x4B, 0x4E,
	0xD9, 0x47, 0x4B, 0x2F, 0x49, 0xF4, 0x26, 0xAD, 0xE7, 0x82, 0xE1, 0x5E,
	0xA2, 0x8F, 0x23, 0x2C, 0x6F, 0x9D, 0x43, 0xBF, 0xA5, 0xB5, 0x4D, 0x44,
	0x7A, 0xD4, 0x15, 0xCC, 0x15, 0x8B, 0x1A, 0x66, 0xC5, 0x2D, 0xFB, 0x35,
	0x42, 0xF4, 0x42, 0x97, 0x46, 0x20, 0x3D, 0x41, 0x52, 0x28, 0x3A, 0x14,
	0xAD, 0xCE, 0x95, 0x1E, 0x35, 0x42, 0x81, 0x3F, 0xFF, 0xA1, 0xC7, 0x1C,
	0x71, 0x03, 0x31, 0xCE, 0xA8, 0xE8, 0xEE, 0x84, 0x2C, 0xF4, 0xB2, 0x8C,
	0x0F, 0x30, 0xC6, 0xD5, 0x11, 0xDD, 0xE3, 0xF6, 0x7D, 0xE8, 0x67, 0x2B,
	0xF5, 0x68, 0x97, 0x6F, 0x6B, 0x9A, 0x36, 0x40, 0x72, 0xDA, 0xC0, 0xA8,
	0xAB, 0xB7, 0x42, 0xC5, 0x88, 0x05, 0x89, 0x5A, 0x9C, 0x3D, 0x47, 0x31,
	0xDA, 0xA8, 0x60, 0x5C, 0x4C, 0xC2, 0xF9, 0x3E, 0xE9, 0x59, 0x12, 0x2C,
	0x79, 0xBD, 0x77, 0x9A, 0xF8, 0xD2, 0xFB, 0x35, 0x9B, 0x2A, 0x17, 0xB6,
	0xDF, 0xE6, 0xAF, 0xD8, 0xD4, 0xC2, 0xA1, 0xA6, 0x7A, 0xCA, 0x86, 0xA5,
	0x5C, 0x67, 0xD1, 0x54, 0x7F, 0x80, 0xD2, 0x27, 0x50, 0xE6, 0xFA, 0x7E,
	0xCA, 0xE2, 0x6B, 0x3D, 0x16, 0xF8, 0xF8, 0x50, 0x5F, 0xEC, 0x6B, 0xB4,
	0x71, 0xD7, 0x76, 0xA9, 0x8E, 0x3E, 0xE5, 0xFD, 0x7E, 0x8F, 0x55, 0x57,
	0x5D, 0x9B, 0x51, 0x30, 0x00, 0x0E, 0x4E, 0xB1, 0x5B, 0x8C, 0xD8, 0x3E,
	0x15, 0x73, 0x48, 0xCE, 0x94, 0x25, 0x20, 0xB6, 0x3C, 0x05, 0x10, 0x2F,
	0x3D, 0x5E, 0x98, 0xFA, 0x3C, 0xAC, 0xC5, 0x49, 0xD9, 0x3A, 0x5B, 0x1A,
	0xE7, 0x34, 0x92, 0xEE, 0x41, 0x7B, 0xE8, 0x92, 0xF7, 0xD8, 0xC3, 0x96,
	0x80, 0xC0, 0x37, 0x0B, 0x65, 0x49, 0x51, 0xC1, 0xB4, 0x5A, 0x63, 0xC0,
	0xAA, 0x2B, 0x8E, 0x13, 0xA3, 0x4B, 0x03, 0x60, 0xA0, 0x6A, 0xEA, 0x0D,
	0x42, 0x87, 0xFB, 0x7F, 0xDB, 0x30, 0xBC, 0xF4, 0x45, 0x33, 0x7A, 0x21,
	0xBD, 0x52, 0x6B, 0xFF, 0xFB, 0x92, 0x44, 0xE7, 0x00, 0x02, 0xCA, 0x3E,
	0xD1, 0x69, 0xEC, 0x3A, 0xE4, 0x5C, 0x68, 0xBA, 0x5D, 0x3D, 0x8A, 0x5C,
	0x8C, 0x6D, 0x15, 0x3F, 0xA7, 0xBD, 0x4B, 0x91, 0x72, 0xA2, 0xA9, 0x34,
	0xF7, 0x9D, 0x72, 0x2A, 0xDA, 0x89, 0xD0, 0xA1, 0x0A, 0xFF, 0xFB, 0xFF,
	0xDD, 0x5A, 0x2B, 0xC3, 0xCA, 0x92, 0x32, 0x34, 0x00, 0x12, 0xE0, 0x84,
	0x7F, 0x5B, 0xA5, 0x2A, 0x8C, 0x48, 0xE2, 0x92, 0xA8, 0x02, 0x87, 0xAB,
	0x8A, 0x82, 0x07, 0x86, 0xD5, 0x68, 0x88, 0xDA, 0xEB, 0x9F, 0x8E, 0x79,
	0xCE, 0x3F, 0x3C, 0xA7, 0x69, 0x74, 0x2C, 0x56, 0x2B, 0xFA, 0x9E, 0xA6,
	0xF3, 0x26, 0x2C, 0x06, 0x2C, 0x0F, 0xA2, 0x8C, 0x91, 0x4C, 0xD4, 0x75,
	0x8D, 0x24, 0x4B, 0xA2, 0xD8, 0x0E, 0x99, 0x49, 0xD6, 0xA1, 0xF2, 0x34,
	0x9D, 0x4A, 0x15, 0xE3, 0x0F, 0xFF, 0xFA, 0xFB, 0xBB, 0xE8, 0xD7, 0xAC,
	0xD0, 0xD9, 0xBA, 0x96, 0x93, 0x51, 0xFF, 0xAC, 0xBB, 0x5F, 0xFE, 0x90,
	0x35, 0x65, 0x82, 0x10, 0x31, 0x00, 0x00, 0x1C, 0xDF, 0x2D, 0xD5, 0x90,
	0x68, 0x13, 0x9E, 0xAD, 0xB0, 0x13, 0x01, 0x28, 0x89, 0x44, 0x61, 0x71,
	0x3D, 0x13, 0xA4, 0xDA, 0x83, 0x93, 0xF1, 0x2C, 0x7F, 0x52, 0xF6, 0xA7,
	0xE1, 0x43, 0x8E, 0xCC, 0x33, 0x1F, 0xCF, 0x32, 0xBA, 0x6C, 0x72, 0x98,
	0x20, 0x00, 0xBB, 0x52, 0x41, 0x45, 0xF2, 0xF0, 0x6A, 0xF0, 0xC2, 0x89,
	0xA2, 0x35, 0x01, 0x92, 0x6E, 0x9C, 0xF2, 0x69, 0x06, 0x3C, 0x02, 0x82,
	0x7C, 0xF9, 0xD1, 0x3C, 0xAD, 0x3B, 0x2A, 0xBF, 0xFE, 0x85, 0x6D, 0xF6,
	0x41, 0x74, 0x8E, 0x14, 0x1F, 0x7D, 0x45, 0xF7, 0x49, 0x37, 0xB2, 0x4D,
	0x52, 0x91, 0x72, 0x18, 0x95, 0xDF, 0x67, 0xFB, 0x76, 0x8B, 0x96, 0xDC,
	0x88, 0x96, 0xC9, 0x00, 0x04, 0xDC, 0xCD, 0x9C, 0x2B, 0x85, 0x4A, 0x7D,
	0x54, 0x3E, 0xAA, 0xB4, 0x6C, 0xC4, 0x0E, 0x87, 0xB1, 0x91, 0xD2, 0x19,
	0x9C, 0xC2, 0xF8, 0xB2, 0x76, 0xA9, 0x42, 0x54, 0xD3, 0xB3, 0xAB, 0x68,
	0xB7, 0x64, 0xAF, 0x1F, 0xE3, 0x5F, 0x63, 0x8B, 0x41, 0x5C, 0xEC, 0xD6,
	0x90, 0x37, 0x70, 0x5C, 0x44, 0xCC, 0xD1, 0x44, 0xC8, 0x99, 0x16, 0xF5,
	0xA4, 0x04, 0x70, 0x24, 0xC6, 0x2B, 0x4D, 0x77, 0x26, 0x46, 0x50, 0xC6,
	0x98, 0x88, 0x91, 0x1F, 0xAF, 0xFF, 0x6E, 0x9B, 0x27, 0xFE, 0xB2, 0xC2,
	0xB4, 0x11, 0x79, 0x41, 0x49, 0xF5, 0xAA, 0xB4, 0x97, 0x8F, 0xC7, 0xD5,
	0xED, 0xB3, 0xFF, 0xC4, 0xCA, 0x56, 0x77, 0x87, 0x55, 0x56, 0x58, 0xD1,
	0x17, 0x7F, 0xDD, 0x33, 0x8F, 0x19, 0x0C, 0x81, 0x8A, 0x91, 0xD4, 0x0A,
	0x15, 0xC6, 0xB7, 0x96, 0x21, 0x2C, 0x4E, 0x22, 0x02, 0x00, 0x09, 0x3A,
	0xE0, 0x4B, 0xFC, 0x63, 0xB7, 0xF3, 0xEF, 0xC8, 0x67, 0x9C, 0xF3, 0x6F,
	0xFA, 0x7E, 0xC6, 0x65, 0x06, 0xA9, 0xE3, 0x36, 0xCA, 0x27, 0xE8, 0xDC,
	0x10, 0x83, 0xFA, 0x68, 0xAF, 0x4F, 0xFD, 0x4F, 0x76, 0x6A, 0x7B, 0x44,
	0x62, 0xFF, 0xFB, 0x92, 0x44, 0xEB, 0x00, 0x03, 0x15, 0x45, 0xCC, 0xE9,
	0x8C, 0x52, 0xE0, 0x5D, 0xE8, 0xA9, 0xCF, 0x31, 0x30, 0x5C, 0x0D, 0x55,
	0x17, 0x2F, 0xE6, 0x2E, 0x4B, 0x81, 0x99, 0x22, 0xA6, 0xB4, 0xF6, 0x4D,
	0x72, 0xD4, 0x45, 0x90, 0x2A, 0xDD, 0xF4, 0x4B, 0x1C, 0x86, 0x85, 0xD0,
	0xE3, 0xDF, 0x77, 0xF9, 0xFE, 0xFF, 0xFF, 0xF4, 0x2B, 0x33, 0xC3, 0xB2,
	0xAB, 0xB5, 0xAC, 0x15, 0xB8, 0x12, 0xFB, 0xD9, 0xCC, 0xA0, 0x91, 0xC0,
	0x81, 0xE1, 0xCC, 0x47, 0x81, 0x90, 0xE2, 0xA0, 0xB4, 0xE1, 0x61, 0x9B,
	0x54, 0xB2, 0x7F, 0x9D, 0x56, 0x9E, 0x6F, 0x32, 0x7A, 0x06, 0x39, 0x92,
	0x7A, 0x03, 0xF6, 0x76, 0x8E, 0x89, 0xCD, 0x64, 0xEA, 0xDA, 0x0E, 0x3F,
	0xD4, 0xB6, 0x35, 0x17, 0xFE, 0x78, 0x6B, 0xAF, 0xFF, 0xFD, 0x4D, 0x53,
	0x07, 0x09, 0x33, 0x22, 0x37, 0xC9, 0xF4, 0x76, 0x2A, 0x63, 0x4C, 0x76,
	0xAB, 0x3A, 0x1D, 0x38, 0x45, 0x26, 0xD8, 0x97, 0x23, 0x88, 0x96, 0x8A,
	0x00, 0x16, 0xA4, 0xD6, 0x1C, 0xB3, 0x1C, 0x9A, 0xA3, 0x9C, 0x1B, 0xB1,
	0x0D, 0x4A, 0x5C, 0x03, 0x05, 0x41, 0x72, 0xC0, 0x98, 0x68, 0x9D, 0x77,
	0x82, 0xAC, 0x46, 0x7F, 0x76, 0x5F, 0xD4, 0x20, 0xA5, 0x51, 0x38, 0x89,
	0x34, 0xE1, 0x29, 0x2B, 0x75, 0xA1, 0x01, 0x0C, 0xD0, 0x7C, 0x0E, 0x09,
	0xC7, 0x98, 0xC5, 0x49, 0x03, 0xF8, 0xCC, 0x13, 0x1E, 0x8D, 0xB3, 0xA4,
	0x26, 0x03, 0x79, 0x7A, 0x0A, 0x84, 0x8A, 0xD7, 0xFF, 0xF5, 0xBA, 0x92,
	0x93, 0x9A, 0xD4, 0xFD, 0x46, 0xAC, 0xCD, 0xFD, 0x64, 0xBF, 0xA9, 0xC8,
	0xD9, 0xBF, 0xEB, 0x0E, 0x7D, 0x98, 0x11, 0x90, 0x00, 0x15, 0xCF, 0xB6,
	0x62, 0x2C, 0x68, 0x39, 0x06, 0xE9, 0x53, 0x8F, 0x25, 0xAA, 0x2A, 0x01,
	0xD0, 0x0D, 0x41, 0x9F, 0xDE, 0x36, 0x4F, 0x5A, 0xA2, 0x4A, 0x78, 0xC6,
	0xE2, 0xB6, 0xE5, 0x80, 0x5D, 0x9E, 0xEF, 0xE3, 0xA5, 0x06, 0x7A, 0x49,
	0x9C, 0x33, 0x30, 0x45, 0x30, 0x17, 0xD1, 0x7C, 0xB4, 0x43, 0x8C, 0x8D,
	0x0C, 0xC2, 0xC9, 0xC1, 0x46, 0xA6, 0x39, 0x40, 0x80, 0x81, 0xEF, 0x13,
	0xA8, 0x23, 0x3A, 0x68, 0x1F, 0xD1, 0x39, 0x17, 0x50, 0x72, 0x68, 0xC3,
	0xFF, 0xFB, 0x52, 0x67, 0x2F, 0x35, 0xD6, 0x95, 0x68, 0xB2, 0x66, 0x68,
	0x16, 0xFF, 0x5A, 0xFF, 0xFA, 0x65, 0x03, 0xF6, 0x7F, 0xEE, 0xFF, 0xFD,
	0x5F, 0x31, 0x09, 0xB8, 0x99, 0x0A, 0x10, 0x00, 0x0D, 0xCC, 0xD1, 0x2D,
	0x1C, 0x11, 0x40, 0x5C, 0x22, 0xDC, 0xE9, 0x26, 0xCB, 0x4C, 0xCA, 0xC7,
	0xAD, 0x72, 0x55, 0x9F, 0x78, 0xF9, 0xB7, 0x81, 0x8D, 0x6A, 0xBA, 0x83,
	0xAC, 0x1E, 0xD1, 0xF3, 0xF3, 0x8A, 0x91, 0xE4, 0xED, 0x04, 0xA8, 0x94,
	0x9A, 0xE4, 0x50, 0x65, 0x83, 0x7D, 0x2B, 0x13, 0x69, 0xA6, 0x78, 0x12,
	0xE3, 0x26, 0x7C, 0xD0, 0x22, 0x84, 0xC5, 0x8E, 0x17, 0x4B, 0x85, 0xF5,
	0x0E, 0xB0, 0xB3, 0x87, 0x8E, 0x38, 0xC6, 0x0C, 0x07, 0xFF, 0xFF, 0xFF,
	0xFB, 0x92, 0x64, 0xE1, 0x00, 0x02, 0xB9, 0x45, 0xD4, 0x79, 0x89, 0x52,
	0xE4, 0x53, 0x08, 0xCA, 0x9F, 0x31, 0x87, 0x5C, 0xCB, 0x7C, 0xEB, 0x35,
	0xA7, 0xA5, 0x4B, 0x91, 0xAB, 0xA2, 0xE5, 0xF4, 0xC4, 0xCD, 0x70, 0xEA,
	0x41, 0xD2, 0x5D, 0x7B, 0x56, 0x5E, 0x57, 0xE8, 0xD3, 0xFF, 0x55, 0x14,
	0x0F, 0x7F, 0xF9, 0x6F, 0x40, 0x76, 0x48, 0xCA, 0x2C, 0x00, 0x00, 0x73,
	0x78, 0x82, 0x5D, 0x00, 0x11, 0xBA, 0x0F, 0xF4, 0x09, 0x60, 0x25, 0x01,
	0x92, 0xE0, 0xF0, 0x88, 0xEC, 0x48, 0xDC, 0xAC, 0xD6, 0xBD, 0x43, 0xCC,
	0x4A, 0xB9, 0xDA, 0xEA, 0xB2, 0x4A, 0xDB, 0x67, 0xC9, 0xB7, 0x45, 0x48,
	0xE6, 0x6E, 0x93, 0x93, 0x40, 0x52, 0xC3, 0x97, 0x2F, 0x32, 0xD1, 0x3C,
	0x16, 0xD8, 0x34, 0xB5, 0x0D, 0xD0, 0x11, 0x23, 0x36, 0x5B, 0x3A, 0x92,
	0xD2, 0x62, 0xF8, 0x22, 0xA5, 0x54, 0x4D, 0x25, 0x7F, 0xFF, 0xEB, 0x5F,
	0xEA, 0x5F, 0x52, 0x8B, 0x27, 0xBE, 0xBE, 0xDD, 0x5F, 0x48, 0xBE, 0xDF,
	0xDB, 0xFF, 0xFF, 0xD4, 0x53, 0x72, 0x34, 0x6A, 0x44, 0x00, 0x1C, 0x95,
	0x8F, 0xA4, 0xDF, 0x9F, 0xC6, 0x4E, 0x17, 0x07, 0x4B, 0xEF, 0x8A, 0x73,
	0xAF, 0x68, 0xB8, 0x2E, 0x50, 0x9F, 0xA3, 0x6A, 0xFD, 0xBB, 0x5B, 0xCF,
	0xA5, 0xFD, 0x3C, 0x99, 0xEB, 0x59, 0x93, 0x39, 0xFA, 0x23, 0x2D, 0xF6,
	0x55, 0xB8, 0x51, 0x86, 0x8F, 0x30, 0xB9, 0x00, 0x3A, 0x14, 0xCA, 0x40,
	0x82, 0x64, 0xC6, 0xA3, 0xB8, 0x81, 0x2D, 0x88, 0x31, 0xAF, 0xFF, 0xFA,
	0xBD, 0x4C, 0x63, 0xFE, 0xAC, 0xF2, 0x02, 0x5D, 0x8C, 0x53, 0x8E, 0x72,
	0xCF, 0xDF, 0x75, 0x63, 0x44, 0x18, 0xE3, 0xA3, 0xFF, 0x57, 0xF9, 0xBA,
	0x19, 0xA1, 0x1D, 0x05, 0x39, 0x73, 0x2E, 0xB4, 0x00, 0x02, 0xE1, 0x9D,
	0x1C, 0xD6, 0x34, 0x09, 0x34, 0xCB, 0x30, 0xC4, 0xE0, 0x28, 0x89, 0x52,
	0x4B, 0x0F, 0xAB, 0xE7, 0xCE, 0xD8, 0xCD, 0xC5, 0xAB, 0xFE, 0x66, 0xF9,
	0x5B, 0x56, 0xE7, 0xF3, 0xF1, 0x64, 0xF2, 0xCF, 0xA9, 0x7B, 0x33, 0xAE,
	0x90, 0x14, 0xC0, 0x38, 0x8F, 0x99, 0x9B, 0xA8, 0xC8, 0x02, 0x90, 0x09,
	0xE6, 0x34, 0x18, 0x10, 0xB2, 0x4C, 0xCC, 0xFA, 0x4C, 0x75, 0x00, 0xE7,
	0x22, 0xA5, 0x89, 0x61, 0x8F, 0xFF, 0xF5, 0xD7, 0x5B, 0xA0, 0xA7, 0xA9,
	0x34, 0xAA, 0xA4, 0x5F, 0x3D, 0xBD, 0x9A, 0xEE, 0x9F, 0x4A, 0xBA, 0x59,
	0x22, 0xBF, 0xFF, 0xF5, 0xAA, 0x2E, 0x4D, 0xEB, 0x7D, 0x94, 0x00, 0x12,
	0xCF, 0x58, 0xDE, 0x98, 0xDE, 0x3A, 0x82, 0x0C, 0x12, 0x9D, 0x3A, 0x24,
	0x2F, 0x99, 0xE6, 0x59, 0x79, 0x11, 0x89, 0x81, 0x1F, 0x34, 0xF2, 0x63,
	0x18, 0xF9, 0xFE, 0xB7, 0xAD, 0x2E, 0x9D, 0xF8, 0xAF, 0xCD, 0x13, 0x36,
	0x6F, 0x52, 0x55, 0xA0, 0x39, 0x45, 0x3A, 0x69, 0x2C, 0xE0, 0x97, 0x0C,
	0x83, 0xC7, 0x07, 0x71, 0x18, 0xD2, 0xD9, 0xD3, 0x51, 0x25, 0x4D, 0x94,
	0x49, 0xBB, 0xFF, 0xFF, 0xEA, 0x75, 0xBB, 0xD5, 0xF5, 0xFF, 0xFB, 0x92,
	0x44, 0xE7, 0x80, 0x03, 0x15, 0x46, 0x4A, 0xE8, 0x4F, 0x8A, 0xE0, 0x5F,
	0x48, 0xB9, 0x7D, 0x19, 0x72, 0x5C, 0x0B, 0xF1, 0x19, 0x35, 0xA6, 0x3D,
	0x4B, 0x91, 0x83, 0x22, 0xE5, 0xF4, 0x66, 0x35, 0x70, 0x9D, 0x3D, 0xA0,
	0x8F, 0xE4, 0x5F, 0xFF, 0xD7, 0xFF, 0x5C, 0xBB, 0x6F, 0x6D, 0xF6, 0x46,
	0x11, 0xDB, 0xF8, 0x2D, 0x3B, 0xE5, 0xF1, 0xE5, 0x6A, 0xC3, 0xE2, 0x10,
	0x17, 0x13, 0x86, 0xA0, 0x9C, 0x57, 0x08, 0x94, 0x20, 0x04, 0x46, 0xE7,
	0xA7, 0xE9, 0x3C, 0xCF, 0xD0, 0xF6, 0x9F, 0x5D, 0xF9, 0xAF, 0xE1, 0x7D,
	0xDA, 0xDF, 0x2D, 0xB3, 0xBB, 0x74, 0x9F, 0x0B, 0x15, 0xF8, 0x8B, 0x4E,
	0x1F, 0x04, 0x7D, 0x30, 0xB0, 0xF3, 0x62, 0xBF, 0xFF, 0xF6, 0xD2, 0xC6,
	0x29, 0x5A, 0x6D, 0xCE, 0x1E, 0x6F, 0x59, 0xBF, 0x5E, 0x66, 0x67, 0x1D,
	0xF4, 0x26, 0xEE, 0x8F, 0xFF, 0xF4, 0x89, 0x17, 0x8B, 0xA3, 0xEB, 0x69,
	0x2A, 0x31, 0xB6, 0x95, 0xB2, 0x41, 0x34, 0x48, 0x51, 0x68, 0x70, 0xA4,
	0x23, 0x42, 0xB6, 0xED, 0x16, 0x15, 0x73, 0x2C, 0x06, 0xD6, 0xC7, 0x91,
	0x75, 0x34, 0xE5, 0x39, 0xB4, 0x32, 0x08, 0xED, 0xBC, 0x19, 0xEC, 0x37,
	0x33, 0x9F, 0xFF, 0x6C, 0x44, 0x9D, 0xE9, 0x73, 0x22, 0x53, 0x21, 0xAB,
	0x3B, 0xF5, 0x22, 0xF2, 0xE7, 0xF0, 0xBD, 0xC0, 0x91, 0xDA, 0x81, 0x1C,
	0x30, 0x74, 0x60, 0x48, 0x45, 0xBA, 0x7C, 0x1D, 0x82, 0xA9, 0xCC, 0x46,
	0x87, 0xA5, 0xB2, 0xD5, 0x15, 0x73, 0xF3, 0x0C, 0x4C, 0xAF, 0xE2, 0x41,
	0xED, 0x4B, 0x90, 0x25, 0x76, 0x25, 0x2D, 0xB9, 0x63, 0x75, 0x10, 0x00,
	0x12, 0x7E, 0x30, 0xDD, 0x72, 0x2F, 0x52, 0x88, 0x09, 0x9D, 0xAA, 0x8F,
	0xE1, 0xDA, 0xA0, 0x48, 0xC1, 0x5E, 0x78, 0xF9, 0xEC, 0x7B, 0x52, 0xBB,
	0xB6, 0xF3, 0x9F, 0x7F, 0xFE, 0x33, 0x5D, 0xDB, 0x16, 0xCA, 0xEE, 0xBE,
	0x91, 0x96, 0x62, 0x20, 0xA4, 0x99, 0xA2, 0x68, 0x1F, 0x38, 0x4C, 0x13,
	0x83, 0x33, 0xC1, 0x35, 0x28, 0x96, 0xA9, 0x05, 0x24, 0xE3, 0x84, 0x09,
	0x14, 0x54, 0xC2, 0x7C, 0x97, 0xFF, 0xFD, 0x75, 0xAB, 0xD7, 0xF9, 0xE6,
	0xFF, 0xFF, 0xF3, 0xAE, 0xFF, 0xF6, 0x74, 0xAE, 0x01, 0x80, 0x70, 0x00,
	0x23, 0xC4, 0x0E, 0xDC, 0xF6, 0x40, 0x72, 0x21, 0x8A, 0xEE, 0x03, 0xC7,
	0xEA, 0x4C, 0x07, 0x7A, 0x94, 0x13, 0x34, 0x5F, 0x7E, 0x60, 0xCB, 0xDB,
	0xEB, 0xBB, 0x4A, 0x3D, 0x69, 0x1D, 0xC8, 0xB4, 0xF3, 0x86, 0x61, 0x2E,
	0x90, 0x53, 0x43, 0x13, 0xB4, 0x4C, 0xCA, 0x25, 0xB3, 0x32, 0xB8, 0xB6,
	0x86, 0xAC, 0x29, 0x15, 0xA5, 0xD3, 0x10, 0x6C, 0xB0, 0x26, 0xC3, 0x22,
	0xC0, 0x10, 0x90, 0xDE, 0x1A, 0x2C, 0x66, 0xA4, 0xD4, 0x21, 0x00, 0x61,
	0x31, 0xBE, 0x64, 0x91, 0x20, 0x5A, 0x65, 0xDF, 0xB5, 0xFF, 0xD5, 0x30,
	0x55, 0xB5, 0xB2, 0xF4, 0x4E, 0x1E, 0xE4, 0xDB, 0xF5, 0xFF, 0xFA, 0xFD,
	0xB4, 0x85, 0x17, 0x33, 0x97, 0x96, 0xD2, 0xFF, 0xFB, 0x92, 0x64, 0xE5,
	0x00, 0x02, 0xAD, 0x3B, 0x4B, 0xE9, 0xEF, 0x6A, 0xE0, 0x53, 0x88, 0xBA,
	0x4D, 0x31, 0x85, 0x5C, 0x8B, 0xFC, 0xA9, 0x1A, 0x04, 0xBF, 0x09, 0x81,
	0x57, 0x22, 0xA5, 0xB4, 0x87, 0xB5, 0x70, 0xF0, 0xB3, 0xA9, 0xC1, 0xFE,
	0x8C, 0x1F, 0xC4, 0x9B, 0x24, 0x3A, 0x0B, 0x62, 0xB1, 0xBE, 0x26, 0xBD,
	0x1D, 0xB9, 0xC9, 0xB5, 0x74, 0xB2, 0x43, 0x49, 0x6D, 0x89, 0x6C, 0xB9,
	0xB2, 0x7B, 0xC7, 0xA4, 0x32, 0xC8, 0xEF, 0x4D, 0xD3, 0xD4, 0xAD, 0x2C,
	0x96, 0xD8, 0xB0, 0xA6, 0x02, 0x13, 0x4C, 0x00, 0x19, 0x33, 0x89, 0x51,
	0x97, 0x4B, 0xC7, 0x82, 0x09, 0xC9, 0xDA, 0x6A, 0xA6, 0x53, 0x25, 0xC4,
	0x6C, 0x71, 0x4D, 0x67, 0x1D, 0x86, 0xC6, 0x13, 0x35, 0x15, 0x9B, 0x8C,
	0xCB, 0x59, 0x93, 0xFD, 0xCE, 0xEF, 0xF9, 0xDD, 0x7F, 0x35, 0x9F, 0xFF,
	0xEF, 0xFF, 0x0C, 0xBF, 0x0D, 0xFE, 0xFF, 0xFB, 0xFF, 0xFF, 0xDA, 0xAF,
	0xCA, 0x33, 0xE8, 0x08, 0xA0, 0xE9, 0x91, 0x88, 0xA5, 0x98, 0xEE, 0xF0,
	0x96, 0xFC, 0xA1, 0x4D, 0x83, 0x01, 0x52, 0x20, 0x66, 0x14, 0xBA, 0x66,
	0x0E, 0x4B, 0xC3, 0x13, 0x6A, 0x7F, 0xD6, 0x4A, 0x5E, 0xC2, 0xBB, 0x72,
	0x67, 0xF2, 0x22, 0x66, 0x8A, 0x55, 0x33, 0x05, 0xB4, 0xBA, 0x06, 0xC0,
	0x7C, 0x12, 0x96, 0x45, 0x21, 0xEA, 0x13, 0x50, 0x1C, 0x2E, 0x33, 0x05,
	0xB8, 0x84, 0x4A, 0xA0, 0x92, 0x94, 0x98, 0x8E, 0x05, 0x20, 0xA4, 0xD1,
	0x32, 0x3D, 0xFF, 0xFE, 0xA6, 0xB2, 0x0F, 0x4A, 0xBF, 0x52, 0xA6, 0x9D,
	0x6F, 0xFF, 0xF6, 0xBB, 0xA5, 0x1F, 0xF4, 0x84, 0xE4, 0xD2, 0x35, 0x0B,
	0x00, 0x0D, 0x37, 0xE7, 0xBE, 0xDD, 0xCE, 0xD4, 0x16, 0x1F, 0x86, 0x87,
	0xC5, 0x70, 0x98, 0xFB, 0x0E, 0xF8, 0xF9, 0xFF, 0x9D, 0x69, 0x9A, 0x76,
	0xF6, 0xFC, 0xFF, 0xC0, 0xCC, 0x0B, 0x67, 0x7E, 0x03, 0xA8, 0x57, 0xA9,
	0x47, 0x0C, 0x69, 0x0A, 0xAB, 0x25, 0xCE, 0x22, 0x5D, 0x60, 0x36, 0x87,
	0x39, 0x6E, 0x5D, 0x27, 0x56, 0x9A, 0x91, 0x3E, 0x31, 0x49, 0x86, 0xD4,
	0x8E, 0x2F, 0xFF, 0xFF, 0x5B, 0x1C, 0x41, 0x35, 0xA2, 0x8D, 0xBA, 0xCC,
	0x80, 0xE7, 0x3F, 0xCA, 0xFD, 0x3B, 0xFA, 0xBD, 0xE8, 0xF7, 0x7F, 0x6A,
	0x6A, 0x3C, 0x47, 0x85, 0xBE, 0xDB, 0x65, 0x7A, 0xF1, 0x97, 0xD5, 0x42,
	0x0B, 0x22, 0xDC, 0x02, 0x12, 0x98, 0x71, 0x97, 0x75, 0xDB, 0x03, 0xA6,
	0x4F, 0x5F, 0x05, 0xDD, 0xE3, 0x63, 0x4B, 0x0D, 0x31, 0xD5, 0x6F, 0x17,
	0x43, 0x78, 0x7A, 0x54, 0x27, 0x5C, 0xB3, 0xC2, 0x71, 0x21, 0xE9, 0x99,
	0x8E, 0x63, 0x52, 0x5E, 0xE3, 0x34, 0xE8, 0xD4, 0x0C, 0x05, 0xD8, 0x0F,
	0x02, 0x3D, 0x3A, 0x71, 0xB9, 0x72, 0x69, 0x22, 0x89, 0x3B, 0x95, 0x23,
	0xC3, 0x83, 0x3C, 0x0A, 0xED, 0xE4, 0x72, 0x25, 0x71, 0xB7, 0xF3, 0xA2,
	0x7D, 0xC0, 0xD5, 0x30, 0x50, 0x06, 0x69, 0xFF, 0xFC, 0xEE, 0xFB, 0xFF,
	0xCE, 0xFF, 0xFF, 0xFF, 0xE7, 0xFF, 0xFB, 0x92, 0x44, 0xF4, 0x82, 0x03,
	0x29, 0x3B, 0x47, 0xC8, 0xCC, 0x9A, 0xE0, 0x6D, 0xE7, 0x48, 0xC0, 0x25,
	0xF9, 0x5C, 0x0B, 0x04, 0xED, 0x25, 0xA3, 0x25, 0xAB, 0x81, 0x64, 0x9D,
	0x25, 0x74, 0x86, 0x35, 0x70, 0xFA, 0xB5, 0xBF, 0xFC, 0xBB, 0xF9, 0x73,
	0xBA, 0xD5, 0x9B, 0xDB, 0xD8, 0x28, 0x9E, 0xA1, 0x18, 0x04, 0xA6, 0x0C,
	0x88, 0x00, 0x00, 0x62, 0x82, 0x86, 0xBF, 0xCB, 0x37, 0x49, 0xAB, 0x40,
	0xF2, 0xD4, 0x26, 0x29, 0x54, 0x14, 0x19, 0x1B, 0x72, 0xD7, 0x27, 0xD8,
	0xCB, 0x4E, 0xCD, 0x3A, 0x6F, 0x1C, 0x26, 0x68, 0xF2, 0xB3, 0x36, 0x30,
	0x73, 0x2A, 0x15, 0x92, 0x06, 0x86, 0x2C, 0xC2, 0x78, 0x0F, 0xA3, 0x6A,
	0xCD, 0x8C, 0x4C, 0x42, 0xD6, 0x3C, 0x66, 0x83, 0xE0, 0xB6, 0x30, 0x44,
	0xD5, 0x37, 0x62, 0x70, 0x5C, 0x90, 0x67, 0x12, 0x54, 0xDB, 0xDF, 0xFF,
	0xBE, 0x74, 0x15, 0x37, 0xD2, 0xED, 0x3F, 0xAF, 0xFE, 0x83, 0x00, 0x41,
	0x0A, 0x0D, 0xE8, 0x81, 0x88, 0x5C, 0xE2, 0x0D, 0x88, 0x0A, 0x18, 0x8F,
	0x0E, 0xA8, 0x8A, 0xD5, 0x1B, 0xE5, 0x2C, 0x47, 0xBF, 0x2F, 0xB5, 0xBC,
	0xEA, 0x04, 0x69, 0x2D, 0x12, 0x26, 0xE2, 0xB1, 0xEB, 0xF5, 0x70, 0xD5,
	0x78, 0x95, 0xBA, 0x4D, 0x67, 0x86, 0x39, 0x3F, 0xF8, 0x4F, 0x3D, 0x2A,
	0x30, 0x8F, 0x97, 0x26, 0xAE, 0xC5, 0x9D, 0x25, 0x02, 0x01, 0xBE, 0x9A,
	0xB1, 0x94, 0x24, 0xD0, 0x73, 0xF7, 0x29, 0xE3, 0xFA, 0xE9, 0x40, 0x66,
	0x82, 0x50, 0xD3, 0x51, 0xBF, 0x51, 0x56, 0xB4, 0x51, 0xFF, 0x5A, 0x1F,
	0x76, 0xFE, 0x1D, 0xFC, 0xC7, 0xFF, 0xFF, 0xB2, 0xFE, 0x9A, 0x5A, 0x6C,
	0x24, 0x13, 0x89, 0x36, 0x40, 0x00, 0x33, 0x60, 0x16, 0x6C, 0x31, 0x9F,
	0x67, 0x53, 0x24, 0x3D, 0x8D, 0xC1, 0x06, 0x09, 0xE5, 0x67, 0x55, 0x31,
	0x78, 0xE6, 0x94, 0xD7, 0x2B, 0x3F, 0x37, 0xDF, 0x52, 0xF6, 0x93, 0x5A,
	0xFF, 0x9E, 0xD3, 0x22, 0x9B, 0xB3, 0x6E, 0x6E, 0x89, 0xE5, 0x85, 0x40,
	0xAD, 0x14, 0x4B, 0xE4, 0xD5, 0x89, 0x00, 0x55, 0xA8, 0xCC, 0x6E, 0x18,
	0x22, 0x02, 0x34, 0x8D, 0x21, 0xDC, 0xA4, 0x58, 0xA4, 0x47, 0x77, 0xFF,
	0xFD, 0x7C, 0xCC, 0xEF, 0x94, 0x3B, 0xA3, 0xFB, 0xFF, 0xEC, 0x4F, 0xD9,
	0xD7, 0x08, 0xA4, 0xA3, 0x75, 0x92, 0x80, 0x12, 0x5A, 0x04, 0x78, 0xCC,
	0x37, 0xE2, 0x0E, 0x83, 0x20, 0xE9, 0x09, 0xA1, 0xEF, 0xCC, 0xA2, 0x6A,
	0x16, 0xB5, 0xB1, 0x77, 0x3B, 0xCC, 0xF3, 0xBE, 0xD8, 0xCD, 0xED, 0xF3,
	0x65, 0x22, 0x0E, 0x2D, 0x73, 0xF5, 0x17, 0xC6, 0xFD, 0x74, 0x8E, 0x87,
	0x02, 0xF7, 0x78, 0xF8, 0x15, 0xD7, 0xD4, 0xE5, 0x25, 0xFC, 0x0F, 0xB8,
	0x71, 0x45, 0xC7, 0x5B, 0xC2, 0xFE, 0xBF, 0xEB, 0x3B, 0xDC, 0xB0, 0xE6,
	0xA3, 0x1F, 0xFF, 0xFB, 0x7F, 0xE8, 0xDF, 0x41, 0x00, 0x20, 0x80, 0x00,
	0x14, 0x19, 0xCB, 0xCB, 0xFA, 0xE4, 0x12, 0x7A, 0x8D, 0x55, 0x68, 0x76,
	0x0C, 0x4F, 0x12, 0xFF, 0xFB, 0x92, 0x64, 0xF1, 0x0A, 0x03, 0x9D, 0x3A,
	0xC4, 0x81, 0xEF, 0xCA, 0xE0, 0x54, 0xE6, 0x89, 0x1D, 0x19, 0x8D, 0x5C,
	0x0C, 0x48, 0xA7, 0x16, 0xC4, 0x3F, 0x09, 0x81, 0x54, 0x9A, 0x24, 0x74,
	0x66, 0x35, 0x70, 0x18, 0x9A, 0xB9, 0x7A, 0x5B, 0x7A, 0xBF, 0x78, 0x28,
	0xD4, 0x56, 0x69, 0xDC, 0xA8, 0x54, 0x4F, 0x7B, 0x64, 0x78, 0xAA, 0xE8,
	0x2A, 0xC7, 0x38, 0x59, 0xDC, 0x26, 0xC5, 0x64, 0xEB, 0x90, 0xD7, 0x29,
	0x18, 0x7A, 0xCC, 0x04, 0x34, 0x4D, 0x43, 0x7A, 0x33, 0x38, 0x70, 0x03,
	0xF1, 0xCA, 0x47, 0x28, 0x2B, 0x86, 0x14, 0xF0, 0xB1, 0xC2, 0xBE, 0x49,
	0xF3, 0x93, 0x74, 0x2A, 0xBE, 0x3A, 0xC4, 0xE1, 0xBC, 0x73, 0x3F, 0x3F,
	0xAB, 0xED, 0xFA, 0x97, 0xFF, 0xD3, 0xEE, 0x8D, 0x10, 0x04, 0x39, 0x00,
	0x00, 0x2E, 0x41, 0x22, 0x6F, 0x60, 0x48, 0xC6, 0xBF, 0x20, 0x18, 0x01,
	0x01, 0xC3, 0x05, 0x11, 0x92, 0x12, 0x6A, 0xE8, 0x6A, 0xF5, 0x6F, 0x6A,
	0xEE, 0x2B, 0x3B, 0xBC, 0x30, 0x32, 0x6A, 0x7B, 0xDF, 0xAE, 0x9C, 0xDC,
	0xF3, 0xFF, 0xF0, 0x29, 0x8D, 0x85, 0x00, 0xA7, 0xF4, 0xD4, 0xEC, 0xC4,
	0x05, 0x54, 0xF7, 0x00, 0x3F, 0x81, 0xE6, 0xD4, 0xAD, 0xB7, 0x14, 0xA8,
	0x14, 0xA7, 0x7F, 0x47, 0xB4, 0xFF, 0xFF, 0xD6, 0xDE, 0x2C, 0xE4, 0xFB,
	0xA9, 0x42, 0xE3, 0x82, 0xDF, 0x53, 0x51, 0xDB, 0xBE, 0x41, 0xFB, 0x6F,
	0x8D, 0x34, 0xA5, 0x81, 0x30, 0x18, 0x20, 0x3E, 0xA2, 0x46, 0x98, 0xB6,
	0xD7, 0xBC, 0x20, 0xC1, 0x29, 0xE9, 0x6C, 0x7D, 0x28, 0x95, 0x4B, 0x25,
	0xF5, 0xB5, 0x9C, 0xAB, 0xD6, 0xAD, 0x27, 0xDF, 0xC6, 0xDD, 0xCE, 0x00,
	0x98, 0xAF, 0xDC, 0xB9, 0x85, 0x68, 0x7E, 0xE5, 0x9B, 0x9F, 0xDB, 0xD3,
	0x53, 0xB9, 0x52, 0x0C, 0x14, 0x88, 0x56, 0x65, 0x77, 0xA1, 0x88, 0xF1,
	0x21, 0x0B, 0x89, 0x66, 0x74, 0xB0, 0x00, 0xE8, 0xBD, 0xB4, 0x17, 0xE5,
	0x33, 0xD6, 0x60, 0xD0, 0x01, 0x22, 0xBF, 0x31, 0x13, 0x93, 0x9A, 0xAD,
	0xD4, 0xF6, 0x0D, 0xF5, 0x07, 0xFB, 0x7E, 0xB2, 0x3F, 0xD7, 0xFE, 0xFE,
	0x94, 0x7E, 0x94, 0x2A, 0x00, 0x20, 0x01, 0x2A, 0x0C, 0x5B, 0xFC, 0x94,
	0x7A, 0x9C, 0xA6, 0xA2, 0x4C, 0x64, 0x1D, 0x84, 0x08, 0x90, 0xBB, 0x74,
	0x4F, 0x52, 0x8A, 0x76, 0x88, 0xDF, 0xC9, 0x0A, 0x3D, 0x6C, 0xF2, 0xEF,
	0xAA, 0xA6, 0x83, 0x55, 0x8D, 0x2F, 0x5B, 0x59, 0xCC, 0xCD, 0xF2, 0xC2,
	0x69, 0x5B, 0xB7, 0xAA, 0x95, 0x6C, 0xD5, 0xD5, 0x8A, 0x54, 0x6E, 0x0D,
	0x4E, 0xEC, 0x57, 0xB1, 0xAB, 0x63, 0x8A, 0x0B, 0x53, 0x77, 0x6E, 0x50,
	0x1B, 0xD8, 0xF5, 0x4D, 0x61, 0x26, 0xB2, 0x42, 0x00, 0x2B, 0x17, 0xB2,
	0xD6, 0xAF, 0x48, 0x32, 0xC9, 0x49, 0x36, 0x3C, 0x1F, 0x86, 0xC5, 0xCC,
	0x99, 0x78, 0xA5, 0x9A, 0x86, 0x3F, 0x6A, 0x4F, 0x5A, 0x97, 0xE7, 0x92,
	0x29, 0x66, 0xE5, 0x12, 0x67, 0x57, 0xC3, 0x0B, 0x5D, 0xED, 0x7D, 0xEB,
	0x8A, 0xFF, 0xFB, 0x92, 0x44, 0xF0, 0x00, 0x22, 0x75, 0x29, 0xC9, 0x68,
	0x29, 0x7A, 0x60, 0x60, 0x65, 0x38, 0xB9, 0x25, 0x8F, 0x4C, 0x0B, 0x64,
	0xA7, 0x1B, 0x41, 0x25, 0xE9, 0x81, 0x80, 0x14, 0xE2, 0x98, 0x86, 0x61,
	0x30, 0x0F, 0x1E, 0x8C, 0x3E, 0xE5, 0xD3, 0xB4, 0x67, 0x78, 0xBD, 0x28,
	0xF0, 0x05, 0x62, 0x58, 0xBA, 0x18, 0xF7, 0xF2, 0xEF, 0xF4, 0xCB, 0x4F,
	0x38, 0xCA, 0x0D, 0xA6, 0xB3, 0x81, 0x61, 0x15, 0xAD, 0x67, 0x5E, 0x91,
	0xE6, 0xB1, 0x6B, 0x5F, 0xAB, 0x12, 0x0C, 0x67, 0x26, 0x8A, 0xA4, 0x7B,
	0x68, 0xA5, 0xF4, 0xF4, 0xB4, 0xCA, 0x1A, 0xB6, 0xAC, 0xC3, 0xE2, 0xA3,
	0x5A, 0xF2, 0x1B, 0x16, 0x33, 0xA6, 0xC5, 0xBF, 0x62, 0x4D, 0xFE, 0x17,
	0xE7, 0x7E, 0xAB, 0x3B, 0x52, 0xFF, 0xB4, 0x30, 0xCC, 0xFF, 0xD4, 0x1E,
	0x18, 0x2C, 0xDD, 0xD2, 0xE9, 0x8A, 0x3B, 0xCB, 0xB8, 0xD0, 0x7E, 0xB4,
	0x8C, 0x0D, 0xC8, 0xE9, 0x83, 0xF5, 0x22, 0x45, 0x1E, 0x9E, 0x84, 0xA5,
	0x1D, 0xAC, 0xFF, 0x1A, 0xC1, 0x9B, 0x4B, 0x42, 0xD0, 0xE9, 0xEC, 0xDC,
	0xE6, 0x71, 0x09, 0x14, 0xE5, 0x05, 0xDD, 0xE1, 0x6D, 0xFD, 0xA4, 0xA3,
	0x77, 0xC7, 0x00, 0x35, 0xAA, 0x59, 0x54, 0x5D, 0xF5, 0x7E, 0x08, 0x44,
	0x46, 0xCB, 0x8C, 0x35, 0x29, 0xD3, 0xC3, 0x58, 0xE3, 0x56, 0x34, 0xFB,
	0xBE, 0xC2, 0x73, 0xAD, 0x87, 0x73, 0xBF, 0xC7, 0xE9, 0xD8, 0xE3, 0x65,
	0xD4, 0xCD, 0x80, 0x7E, 0x61, 0x7F, 0x1D, 0xA6, 0xF5, 0xA7, 0xFF, 0xAB,
	0xDC, 0xB4, 0xD6, 0x88, 0xB6, 0x62, 0x08, 0x08, 0x50, 0x95, 0xD4, 0x90,
	0xA2, 0xD0, 0xD2, 0xEA, 0x9E, 0x8F, 0x78, 0x6E, 0xB5, 0x37, 0xF8, 0xAF,
	0xB6, 0xAF, 0x9D, 0xD2, 0xB9, 0xC0, 0x9C, 0xA0, 0xDE, 0xB7, 0xEF, 0x31,
	0xC5, 0xA8, 0x41, 0xC9, 0x25, 0x34, 0x75, 0x2C, 0x9D, 0x35, 0x26, 0x42,
	0xF9, 0x06, 0x82, 0x70, 0xC1, 0xC9, 0xA2, 0x88, 0x9D, 0x04, 0xDA, 0x5A,
	0x4C, 0x2E, 0x20, 0x29, 0x92, 0x26, 0x86, 0xA6, 0xE6, 0x68, 0x85, 0xFB,
	0x05, 0x21, 0xDC, 0xF0, 0xF4, 0x89, 0x0D, 0x4C, 0xA5, 0xE8, 0x7F, 0xF5,
	0xDB, 0x5F, 0xE7, 0x39, 0xAF, 0xA4, 0x43, 0xA3, 0xFA, 0xDF, 0x46, 0xBF,
	0x47, 0xFA, 0xAA, 0x00, 0x81, 0x8B, 0x77, 0xE8, 0x9A, 0xC4, 0xBE, 0x67,
	0xA3, 0x6A, 0xA9, 0xAC, 0x8A, 0x2E, 0xEE, 0xD6, 0xD8, 0x53, 0xED, 0xB5,
	0xCF, 0x85, 0x36, 0xF1, 0x5F, 0x9B, 0xD2, 0x23, 0xBE, 0xAD, 0x09, 0xAB,
	0xB9, 0x73, 0x99, 0xB3, 0xC7, 0x9E, 0x9F, 0x99, 0xE1, 0x95, 0xDE, 0xEB,
	0xE3, 0x29, 0xCE, 0xC9, 0x2E, 0x47, 0x2D, 0xC3, 0x94, 0xE2, 0x9C, 0x28,
	0x26, 0x54, 0xC2, 0x15, 0x13, 0x2E, 0x76, 0x6E, 0x9A, 0x92, 0x2B, 0x32,
	0x87, 0x12, 0xFB, 0x52, 0xF3, 0x4F, 0x1C, 0xB4, 0xAC, 0x21, 0x77, 0x6D,
	0xBA, 0xF2, 0x5A, 0x8B, 0xB9, 0xFE, 0xCD, 0x7E, 0xBB, 0x86, 0x75, 0xA7,
	0xFC, 0xC6, 0x8A, 0x40, 0x00, 0x76, 0xA0, 0x03, 0xF1, 0x8B, 0xBF, 0xFF,
	0xFB, 0x92, 0x64, 0xF9, 0x8A, 0xB3, 0xA0, 0x2A, 0x43, 0xB1, 0x6F, 0xCA,
	0x60, 0x54, 0x05, 0x38, 0x80, 0x25, 0x98, 0x4C, 0x0C, 0x5C, 0xA9, 0x0E,
	0x06, 0x33, 0x09, 0x81, 0x7D, 0x9D, 0x22, 0x14, 0x27, 0xC1, 0x70, 0xCC,
	0xAD, 0xAF, 0xF2, 0xAD, 0x2C, 0x68, 0x8D, 0x53, 0x21, 0x93, 0x11, 0xFF,
	0xEA, 0x9B, 0xEA, 0x95, 0xB5, 0xE1, 0xB2, 0xBF, 0x6C, 0x9F, 0xC2, 0xD6,
	0xEA, 0xFF, 0x36, 0xCE, 0x7E, 0xA9, 0x6B, 0xC0, 0x05, 0x00, 0xCE, 0xAE,
	0x31, 0x57, 0xC9, 0x33, 0x47, 0x1B, 0x01, 0x75, 0x53, 0x7C, 0xDF, 0x59,
	0x83, 0x18, 0x83, 0xCF, 0xF9, 0xDD, 0x4F, 0xFF, 0xF3, 0xB4, 0xAD, 0x7A,
	0x87, 0xDA, 0xCE, 0x9D, 0x8F, 0xDE, 0xED, 0xFB, 0x9F, 0xC6, 0x52, 0xAD,
	0x1A, 0xC0, 0x06, 0x62, 0xA0, 0x06, 0xF0, 0x41, 0x67, 0xCA, 0xBB, 0xBF,
	0x70, 0x1E, 0x1D, 0x0C, 0x2B, 0x2E, 0x1A, 0xC7, 0xEB, 0x1D, 0x8E, 0x8E,
	0x51, 0x87, 0x7E, 0xEB, 0xAA, 0x8B, 0xA0, 0x94, 0x17, 0x75, 0x1A, 0x90,
	0xDA, 0xBD, 0xFE, 0xFE, 0x75, 0x4D, 0x7B, 0x93, 0x11, 0x19, 0x9F, 0x1D,
	0xFC, 0x14, 0xB1, 0x71, 0xDF, 0x26, 0x47, 0x1B, 0x8E, 0x26, 0xFB, 0xC4,
	0xD1, 0xE6, 0xFA, 0x5E, 0x9F, 0xFF, 0xD5, 0xFF, 0x2C, 0xBE, 0xB4, 0x5D,
	0xD3, 0xDE, 0xDA, 0x34, 0x87, 0xBD, 0x2D, 0x42, 0x8D, 0x64, 0xAE, 0xD4,
	0xB4, 0x00, 0x00, 0xD0, 0x40, 0x27, 0x59, 0xCB, 0x97, 0x9D, 0xBA, 0xA4,
	0x98, 0xD2, 0x4F, 0x21, 0x26, 0xB1, 0x7C, 0x8B, 0xFF, 0xF6, 0xAE, 0x7C,
	0xD8, 0xE5, 0xB0, 0xEA, 0xF3, 0x57, 0xAF, 0x7E, 0xFF, 0x1A, 0xB4, 0x54,
	0xDA, 0xC3, 0x2D, 0xD2, 0xD9, 0xC3, 0x90, 0x41, 0x72, 0xA3, 0x54, 0xB9,
	0xC8, 0x2B, 0x50, 0x95, 0x46, 0xAD, 0x54, 0x73, 0x90, 0x03, 0x9D, 0xDA,
	0xFF, 0xB9, 0x8E, 0xAB, 0x39, 0x84, 0x13, 0xD8, 0x65, 0x04, 0xDE, 0xEF,
	0xFD, 0x7F, 0x44, 0xBD, 0x7F, 0xAD, 0xF4, 0x1A, 0x7C, 0x44, 0x8A, 0x4E,
	0xB2, 0xC4, 0x36, 0x59, 0x9B, 0xDF, 0xA9, 0xCA, 0x1A, 0x83, 0x79, 0xBA,
	0x00, 0x40, 0x99, 0x90, 0xAA, 0x84, 0x86, 0x6F, 0xF2, 0x84, 0x2E, 0xFB,
	0x51, 0x98, 0x0E, 0xD7, 0x92, 0x12, 0x87, 0xC1, 0xE9, 0xE3, 0x0E, 0xF7,
	0x4D, 0x9E, 0xBC, 0xD3, 0x5D, 0x8B, 0x5A, 0xAE, 0xE5, 0x11, 0xBB, 0x9D,
	0xB9, 0xF9, 0xF6, 0x72, 0xFF, 0xFF, 0xF7, 0x98, 0x53, 0xEA, 0xEB, 0xC6,
	0xB7, 0x25, 0xD7, 0x27, 0x26, 0x6B, 0x8E, 0x2E, 0x25, 0x95, 0x67, 0x71,
	0x8B, 0x4F, 0x63, 0xCA, 0x7D, 0xCA, 0xA5, 0xA4, 0x51, 0x9D, 0xDF, 0xCB,
	0x6D, 0x8A, 0xA0, 0x03, 0x34, 0x5F, 0x9C, 0x32, 0x85, 0x1E, 0x2C, 0xA7,
	0xC0, 0x0B, 0x52, 0x6D, 0x8A, 0xBC, 0x46, 0x38, 0xE0, 0x75, 0x0C, 0x20,
	0xE4, 0x25, 0xB1, 0xCA, 0x69, 0x79, 0xE1, 0xAC, 0x9D, 0xF2, 0x28, 0x2A,
	0x05, 0x25, 0x50, 0xBC, 0xC8, 0x00, 0x2B, 0x20, 0x23, 0xE7, 0x17, 0x62,
	0xEE, 0x13, 0x32, 0x4A, 0x40, 0x84, 0xEA, 0xED, 0x26, 0xFF, 0xFB, 0x92,
	0x44, 0xF3, 0x00, 0x83, 0x02, 0x29, 0xC3, 0x89, 0x2F, 0xC2, 0x60, 0x52,
	0x05, 0x38, 0xC9, 0x19, 0x2F, 0x4C, 0x0A, 0x68, 0xA9, 0x17, 0x22, 0xAD,
	0xE9, 0x81, 0x7C, 0x15, 0x22, 0x18, 0x94, 0xE1, 0x30, 0x25, 0xB8, 0x6F,
	0xFF, 0x6A, 0x13, 0x8F, 0x8A, 0x99, 0xEF, 0xAC, 0xB7, 0x2B, 0xF9, 0x59,
	0xE4, 0xC4, 0x39, 0x49, 0xCC, 0x3B, 0xFD, 0xBB, 0x53, 0xB2, 0x92, 0xC1,
	0x5F, 0xC8, 0x7A, 0x9B, 0x09, 0x65, 0x52, 0x03, 0x36, 0xF6, 0xA0, 0x17,
	0xEE, 0x04, 0xDC, 0xDD, 0xAB, 0x5C, 0xE3, 0x84, 0xE2, 0x5F, 0xE5, 0x34,
	0x42, 0x29, 0xFD, 0xAF, 0x3A, 0x18, 0x78, 0xA8, 0xCB, 0x49, 0xED, 0x67,
	0xD6, 0x01, 0xEC, 0x4B, 0x5C, 0xBA, 0x3A, 0x95, 0x20, 0x65, 0x68, 0x50,
	0xAC, 0xDA, 0xD4, 0x65, 0x8A, 0x68, 0xF5, 0x8A, 0x00, 0x00, 0xC0, 0x80,
	0x33, 0x42, 0x48, 0xBF, 0x4D, 0x36, 0xCF, 0x71, 0xD8, 0x36, 0x1E, 0x00,
	0x28, 0x94, 0x32, 0x78, 0xC5, 0xFF, 0xFD, 0x6F, 0xB7, 0x77, 0xDB, 0x7F,
	0x29, 0x75, 0x8F, 0xC3, 0x1C, 0xB5, 0x35, 0x57, 0xB8, 0xEE, 0xF7, 0xD9,
	0xB3, 0x97, 0x28, 0x74, 0xBD, 0x6C, 0x4C, 0xD9, 0xB5, 0x2A, 0x2A, 0x95,
	0xF2, 0xB3, 0x96, 0xDF, 0xAC, 0x75, 0x87, 0xFD, 0x58, 0x29, 0xF5, 0xD7,
	0xFC, 0x58, 0xF5, 0xE8, 0x20, 0xB5, 0x50, 0x53, 0x6B, 0xB4, 0x99, 0x6A,
	0xE5, 0x97, 0xDC, 0x28, 0x69, 0x0A, 0xAC, 0x87, 0x12, 0x3D, 0x85, 0xD4,
	0x4D, 0xF4, 0x00, 0x03, 0x86, 0x21, 0x15, 0x49, 0xA6, 0x59, 0x61, 0x6B,
	0x52, 0x97, 0x0D, 0xFE, 0xAA, 0x57, 0x48, 0xFB, 0xCD, 0x2E, 0xDC, 0xE4,
	0x20, 0x6D, 0x34, 0x80, 0xA9, 0xD6, 0x7D, 0xF3, 0x6F, 0xF1, 0x8C, 0x4D,
	0x05, 0xC6, 0x2E, 0x23, 0xB7, 0xB9, 0xB8, 0x4F, 0xBC, 0xCA, 0x64, 0xAC,
	0x41, 0xFF, 0x1A, 0x8B, 0x3C, 0x26, 0xE1, 0xF2, 0x25, 0xDF, 0x2D, 0xD2,
	0x47, 0x41, 0xCE, 0x9E, 0xB1, 0xEE, 0x4D, 0x1B, 0x19, 0x3F, 0xCB, 0x1C,
	0x35, 0xD9, 0xCB, 0xBD, 0x76, 0x63, 0x6B, 0x75, 0x4A, 0x1A, 0xF6, 0x3E,
	0xE6, 0xFD, 0xA3, 0x77, 0xAD, 0x61, 0x77, 0x6C, 0x67, 0xDC, 0xF5, 0xDC,
	0xA5, 0x92, 0xB5, 0xA4, 0x17, 0x45, 0xBE, 0xBA, 0xAE, 0xD7, 0x10, 0x00,
	0x48, 0x24, 0x52, 0x0F, 0x78, 0x56, 0x96, 0x34, 0xAF, 0xBE, 0x30, 0x98,
	0x48, 0xCB, 0x93, 0x28, 0xCC, 0x93, 0x1F, 0x7E, 0xF7, 0x6A, 0x65, 0xE5,
	0x9D, 0xE5, 0xB5, 0xBD, 0xEE, 0x14, 0x1F, 0xFD, 0xED, 0x6A, 0x57, 0x57,
	0x58, 0x46, 0xFD, 0xD6, 0x36, 0x44, 0x56, 0x2D, 0x24, 0x3B, 0x3F, 0xFE,
	0xDB, 0xC5, 0x95, 0xDF, 0xE2, 0x14, 0xDF, 0xEF, 0xCC, 0x1F, 0x2D, 0x46,
	0xEE, 0xDD, 0x88, 0xB5, 0x4F, 0x7C, 0xA3, 0xA8, 0xAA, 0x55, 0x70, 0xAB,
	0x7E, 0xB3, 0xFD, 0xF3, 0x11, 0x4A, 0x32, 0x00, 0x20, 0x71, 0x77, 0x86,
	0x18, 0xD4, 0xB1, 0xE9, 0x10, 0x33, 0x31, 0x0A, 0x01, 0x1A, 0xEF, 0x95,
	0xF2, 0x27, 0xB3, 0xEE, 0x96, 0x1F, 0x70, 0xFF, 0xFB, 0x92, 0x64, 0xFF,
	0x80, 0xE3, 0x85, 0x29, 0xC4, 0x49, 0x6C, 0xC2, 0x60, 0x63, 0x85, 0x38,
	0x72, 0x15, 0x38, 0x4C, 0x0C, 0xAC, 0xA5, 0x11, 0x25, 0xA7, 0x09, 0x81,
	0x71, 0x95, 0x21, 0x40, 0x67, 0xBD, 0x30, 0x46, 0x58, 0x31, 0x17, 0x18,
	0xB5, 0x1F, 0xBC, 0xBF, 0xD7, 0xD4, 0x1B, 0x5E, 0x38, 0x13, 0xCA, 0x6D,
	0x6E, 0x56, 0x16, 0x11, 0x83, 0xF7, 0x30, 0xD2, 0xAE, 0x2F, 0xAD, 0x7A,
	0x8D, 0x93, 0xCA, 0x37, 0xC9, 0x29, 0x7A, 0xC8, 0xA4, 0xEF, 0xB1, 0xEF,
	0xBF, 0x0D, 0xDA, 0x61, 0x68, 0x3D, 0x3A, 0xC1, 0x5D, 0x26, 0x18, 0x21,
	0x43, 0x85, 0xED, 0x4C, 0x8F, 0x7A, 0xDE, 0xA3, 0x6E, 0x76, 0x59, 0x6A,
	0x8A, 0x5B, 0xF5, 0xA0, 0xE4, 0x73, 0x8E, 0xB7, 0xB7, 0xF0, 0xAB, 0xBB,
	0xB5, 0xB0, 0x28, 0x66, 0x91, 0x43, 0x56, 0x89, 0xD7, 0x8D, 0xEA, 0x77,
	0xCC, 0x62, 0xF3, 0x66, 0x63, 0x95, 0x4B, 0x58, 0xB1, 0x62, 0xEF, 0xD3,
	0x1A, 0x8B, 0x8C, 0xC2, 0xAC, 0x4C, 0xC4, 0x67, 0x60, 0xDC, 0xB1, 0x67,
	0x5E, 0x26, 0x38, 0xA4, 0x83, 0x20, 0xDA, 0x9E, 0xDA, 0xF1, 0x70, 0xA4,
	0x18, 0x7F, 0x78, 0x61, 0xF6, 0x05, 0x0D, 0xCF, 0xA1, 0xEF, 0xB4, 0x68,
	0x47, 0x69, 0x0D, 0x68, 0xC7, 0x54, 0x92, 0x2B, 0x61, 0xA5, 0xC9, 0x0F,
	0x4A, 0x29, 0x36, 0xF5, 0x3D, 0x2E, 0x03, 0x05, 0x49, 0x31, 0x42, 0x9B,
	0x93, 0x61, 0x31, 0x8F, 0x32, 0xEA, 0x96, 0x97, 0x40, 0x56, 0x08, 0xBB,
	0xD9, 0x84, 0x69, 0xED, 0x80, 0x63, 0x42, 0x41, 0xC9, 0x42, 0x26, 0x8D,
	0xF8, 0xFF, 0x5B, 0xF6, 0x67, 0x49, 0x90, 0x64, 0x34, 0x32, 0x7B, 0xAA,
	0x6B, 0x1B, 0xBB, 0x0D, 0x63, 0x6B, 0x72, 0xEA, 0xF6, 0x52, 0xB0, 0x14,
	0x2F, 0xDD, 0x58, 0xB4, 0xAC, 0x4C, 0xCF, 0x03, 0xC1, 0xB3, 0xCF, 0xE4,
	0xD3, 0xC7, 0x11, 0xC2, 0x2B, 0xDC, 0x95, 0x1E, 0x55, 0xDE, 0x8A, 0x8A,
	0x95, 0xE7, 0x28, 0xDC, 0xD5, 0x3E, 0x23, 0x09, 0xA3, 0x41, 0xC2, 0x1D,
	0x59, 0xA6, 0x3D, 0x68, 0x0B, 0x36, 0xF3, 0x21, 0xD0, 0x29, 0x0A, 0x0C,
	0x45, 0x4A, 0x11, 0x02, 0x91, 0x7E, 0x95, 0x0C, 0x8B, 0x5D, 0x8E, 0x32,
	0xD9, 0x3D, 0xC9, 0xA4, 0x44, 0xB8, 0xD3, 0x2E, 0x3E, 0xC1, 0x0A, 0x68,
	0x7E, 0x64, 0x2B, 0xFD, 0xBC, 0xB4, 0xE3, 0xBB, 0x3E, 0xC4, 0x7F, 0x5C,
	0x29, 0x66, 0xCE, 0xB5, 0xAB, 0xFA, 0xD7, 0x0F, 0x46, 0xF8, 0xC5, 0x63,
	0x8D, 0xB9, 0xE5, 0x09, 0x69, 0x69, 0x26, 0xCC, 0xC3, 0x85, 0xCA, 0xBA,
	0xAE, 0x72, 0x98, 0x41, 0xDF, 0x76, 0x88, 0xC4, 0x8F, 0xBD, 0xE5, 0x58,
	0x3D, 0x46, 0xAC, 0x7A, 0x2F, 0xC4, 0x83, 0xE8, 0x74, 0xC7, 0x23, 0xA9,
	0x44, 0x1F, 0x06, 0xCD, 0x16, 0x58, 0x69, 0xD3, 0xE8, 0x9C, 0x45, 0xBC,
	0x2A, 0xA6, 0xAD, 0xAF, 0x9C, 0x22, 0x11, 0x2A, 0x40, 0x00, 0x1C, 0x00,
	0x35, 0x01, 0x4A, 0x6C, 0xBA, 0xB6, 0x46, 0x09, 0x62, 0xCA, 0x0E, 0xE8,
	0x2F, 0x77, 0x7F, 0xF0, 0xF7, 0xFF, 0xFB, 0x92, 0x64, 0xF3, 0x80, 0xC2,
	0x8B, 0x2A, 0x45, 0x61, 0x08, 0x7A, 0x60, 0x5B, 0xC5, 0x38, 0x51, 0x0C,
	0xCF, 0x4C, 0x0C, 0x8C, 0xA7, 0x0A, 0x27, 0x99, 0xE9, 0x81, 0x7C, 0x14,
	0xE1, 0x88, 0x53, 0x31, 0x30, 0x2D, 0xAC, 0x79, 0xB8, 0x7D, 0x3C, 0x1B,
	0x67, 0xFC, 0xB9, 0xD7, 0x58, 0xDE, 0xE9, 0x06, 0x7F, 0x01, 0x16, 0xFB,
	0x1F, 0xFC, 0x13, 0x05, 0x46, 0xA4, 0x3A, 0xD0, 0xBF, 0xBF, 0x9D, 0xF5,
	0xD8, 0x69, 0x5F, 0x5E, 0x5A, 0x55, 0xB7, 0x7A, 0x3B, 0x5E, 0xF5, 0xD2,
	0x41, 0x62, 0x84, 0xCB, 0x21, 0x90, 0x82, 0x75, 0xCA, 0x01, 0x9E, 0x81,
	0x57, 0x1F, 0x8C, 0xDD, 0x1A, 0xE6, 0x18, 0x92, 0x1A, 0xA5, 0xD0, 0xBE,
	0xA3, 0x26, 0x00, 0x28, 0x29, 0xB5, 0xA0, 0x82, 0x93, 0x69, 0x1C, 0x2C,
	0x1D, 0x30, 0x70, 0x03, 0x83, 0x25, 0x58, 0xE9, 0xB9, 0x96, 0x19, 0x5E,
	0x9A, 0xA6, 0xF2, 0x99, 0x9B, 0x22, 0xA7, 0x61, 0xF6, 0x4C, 0x1A, 0xDB,
	0x41, 0x47, 0xE6, 0x61, 0x3A, 0x27, 0x44, 0xCD, 0xCD, 0xCC, 0x8A, 0x22,
	0x78, 0x2E, 0xAD, 0x62, 0x11, 0x0D, 0x27, 0x3E, 0xE8, 0x98, 0x20, 0x3A,
	0xC4, 0xA0, 0x6B, 0x4C, 0x9E, 0x4B, 0x4A, 0x56, 0xFE, 0x7F, 0xF7, 0x5E,
	0x73, 0xB4, 0x1B, 0xDD, 0x19, 0x6F, 0xBE, 0xF3, 0xBF, 0x15, 0x9C, 0xDA,
	0x3A, 0x7F, 0xFD, 0xAF, 0x4F, 0x75, 0xAB, 0x5D, 0xB7, 0xF6, 0xB7, 0x7D,
	0xA3, 0x07, 0xF8, 0x97, 0x7E, 0x9F, 0xF4, 0x68, 0x2E, 0xFC, 0x55, 0xCD,
	0x16, 0x00, 0x2F, 0x00, 0xAC, 0x08, 0x2B, 0xB5, 0xD3, 0x76, 0x78, 0xA0,
	0x61, 0xC2, 0x47, 0x72, 0x22, 0x33, 0xEE, 0xB5, 0xEB, 0x78, 0xDD, 0xB1,
	0x68, 0x2A, 0x5D, 0xBD, 0x7D, 0x1F, 0x4D, 0x56, 0xD5, 0xF5, 0xED, 0x4B,
	0x7F, 0xB8, 0x93, 0x6A, 0x2D, 0xFE, 0x44, 0xE8, 0xC5, 0xD5, 0xD4, 0xA7,
	0xDC, 0xDF, 0x7F, 0x3B, 0x6F, 0x2F, 0x30, 0x55, 0xEF, 0x57, 0x42, 0xDA,
	0xA1, 0xEC, 0x9A, 0x46, 0xA2, 0x2A, 0x4B, 0xF7, 0x19, 0x42, 0xD8, 0xCB,
	0xB5, 0x71, 0xAA, 0x6C, 0x9E, 0xB5, 0x31, 0x26, 0x02, 0xE2, 0xFA, 0xD9,
	0x08, 0x2D, 0x94, 0x2A, 0x06, 0xA4, 0xAD, 0x3C, 0x75, 0x6B, 0xFB, 0x9B,
	0xA6, 0xD1, 0x8E, 0xC6, 0x1F, 0xB7, 0x7F, 0x6E, 0xF9, 0xFD, 0x56, 0xE1,
	0x9A, 0x68, 0xB3, 0x5E, 0xDA, 0x83, 0x3D, 0x2D, 0xEF, 0x8B, 0x48, 0xEB,
	0x32, 0xA6, 0x83, 0x72, 0x3D, 0x61, 0xC1, 0x8A, 0x07, 0x64, 0x06, 0x26,
	0x3A, 0x0D, 0x7F, 0x8A, 0x6A, 0xDD, 0x84, 0x9E, 0xEB, 0x74, 0x5E, 0x98,
	0xC6, 0x96, 0x20, 0x4E, 0xB3, 0x09, 0x14, 0x02, 0x45, 0x12, 0x30, 0xAE,
	0xB8, 0x1D, 0x4B, 0xB5, 0x97, 0x14, 0x11, 0x37, 0x4D, 0x97, 0x09, 0xC6,
	0x1D, 0x78, 0xF2, 0x04, 0x16, 0x87, 0x87, 0x0C, 0x47, 0xC4, 0x02, 0xC2,
	0x51, 0xC0, 0x45, 0x38, 0x65, 0x6E, 0x93, 0x08, 0x20, 0x08, 0x59, 0x3C,
	0x37, 0x2D, 0x68, 0x5C, 0x0F, 0x56, 0x9C, 0x7B, 0x5C, 0xCE, 0x33, 0x63,
	0x67, 0xBD, 0x9D, 0xFF, 0xFB, 0x92, 0x44, 0xFA, 0x07, 0x03, 0x07, 0x29,
	0x41, 0x81, 0xA9, 0x7A, 0x60, 0x59, 0x85, 0x28, 0x79, 0x1C, 0xCF, 0x4C,
	0x0D, 0x74, 0xA7, 0x07, 0x06, 0xA2, 0x29, 0x89, 0x58, 0x93, 0xA1, 0xD8,
	0x72, 0xBD, 0x28, 0x74, 0x3C, 0x04, 0x83, 0xBF, 0x98, 0x17, 0xEC, 0x35,
	0xF5, 0xC6, 0x71, 0xE4, 0xB5, 0x74, 0x27, 0x28, 0x64, 0xD5, 0xD7, 0x84,
	0x0E, 0x37, 0xD8, 0x80, 0xC4, 0xC3, 0x1A, 0x6F, 0x5A, 0x4B, 0x40, 0x6E,
	0xEB, 0xF6, 0xDF, 0xCA, 0x25, 0x0D, 0x65, 0x2B, 0xCA, 0x3D, 0xBF, 0xFD,
	0xFB, 0x9E, 0xCD, 0xCF, 0x79, 0x99, 0x6A, 0x77, 0xBF, 0x88, 0xF7, 0xFC,
	0xDD, 0xFF, 0xEA, 0x5B, 0x8E, 0x4A, 0xD7, 0x37, 0xB1, 0xD3, 0x31, 0x0E,
	0xC9, 0x50, 0xEB, 0x2E, 0xB7, 0x2D, 0x40, 0x45, 0xE4, 0xBB, 0x9E, 0xEC,
	0x07, 0xA0, 0x48, 0x00, 0x80, 0xCA, 0x8A, 0x39, 0xB3, 0x3D, 0x3C, 0xB7,
	0x14, 0x0A, 0x2C, 0xA4, 0x94, 0xA9, 0x53, 0xBF, 0xBD, 0x8D, 0x6F, 0x93,
	0xFB, 0xF9, 0x4A, 0x34, 0x22, 0x04, 0x3F, 0x8C, 0xAE, 0x5C, 0x26, 0x8D,
	0x5F, 0xB8, 0x51, 0xB7, 0x6C, 0x9D, 0xC7, 0x8C, 0xF0, 0xA7, 0xD6, 0x81,
	0xD8, 0xCB, 0xB9, 0x10, 0xE8, 0x1F, 0xDB, 0x7A, 0xCF, 0xBC, 0x7F, 0xBD,
	0x4D, 0x6D, 0x4B, 0xEC, 0x44, 0x5D, 0x15, 0x9F, 0x04, 0x0A, 0x5A, 0xA3,
	0x8B, 0x1C, 0xD7, 0xC5, 0x14, 0xA7, 0x4E, 0x82, 0xA8, 0x24, 0x08, 0xAD,
	0x80, 0x70, 0x33, 0x83, 0x26, 0x5F, 0x63, 0x10, 0x21, 0x01, 0x97, 0x5C,
	0x3E, 0xD4, 0x91, 0x35, 0x16, 0x13, 0x24, 0x7C, 0x4E, 0xA4, 0x80, 0x00,
	0xB4, 0x4C, 0xE4, 0x9F, 0x6B, 0x56, 0x1C, 0x63, 0xA7, 0x79, 0xF3, 0x4B,
	0xAA, 0x43, 0x24, 0xB2, 0xAE, 0x97, 0xD7, 0xA6, 0x7C, 0x98, 0xDD, 0x7F,
	0xAE, 0xFD, 0x61, 0x0D, 0x33, 0x15, 0x62, 0x94, 0x91, 0xCE, 0x08, 0xE8,
	0xAE, 0x0D, 0x34, 0xA5, 0xEF, 0x5D, 0x52, 0xED, 0x84, 0x3A, 0x7C, 0x79,
	0x34, 0xD6, 0x9B, 0x6E, 0x4D, 0x77, 0x0F, 0x2A, 0x44, 0x7E, 0x70, 0x86,
	0xF3, 0x05, 0x9E, 0x59, 0x86, 0x10, 0x5D, 0x42, 0xE9, 0x41, 0x95, 0xA5,
	0x52, 0xAE, 0x4B, 0xCC, 0x01, 0x1A, 0xB4, 0xA4, 0x2E, 0xE6, 0x8A, 0x16,
	0x36, 0x87, 0xD5, 0x45, 0x4D, 0x15, 0x0A, 0x2A, 0x49, 0x48, 0x22, 0xB4,
	0x2E, 0xCD, 0x20, 0x17, 0x96, 0x9C, 0x3A, 0x18, 0xA6, 0xDD, 0xF7, 0x7F,
	0x7C, 0x47, 0x53, 0x59, 0xC2, 0x6C, 0xD4, 0xB6, 0xE8, 0x85, 0xEF, 0xDF,
	0x1B, 0x65, 0xE2, 0xA3, 0x4A, 0x71, 0xE6, 0x48, 0x84, 0x4C, 0x7D, 0x12,
	0xC9, 0xB5, 0x56, 0xE8, 0x69, 0x50, 0x78, 0x49, 0xBC, 0x2D, 0x7B, 0xA9,
	0xE0, 0xDE, 0xB1, 0xCB, 0xAC, 0xE9, 0xFF, 0xFB, 0xCF, 0x75, 0x8C, 0x57,
	0x6A, 0xE6, 0x48, 0xC0, 0x1C, 0x2E, 0xB0, 0xA9, 0x2F, 0xBB, 0x6E, 0xDE,
	0xD3, 0xEB, 0xE2, 0xF1, 0x43, 0x35, 0xD2, 0xEA, 0x4E, 0x59, 0x3B, 0xE7,
	0xEE, 0x74, 0x92, 0xAB, 0xDE, 0x33, 0xEF, 0x16, 0xDC, 0x4C, 0x2D, 0x39,
	0xB3, 0xFF, 0xFB, 0x92, 0x64, 0xFA, 0x84, 0x23, 0x18, 0x29, 0xC1, 0x81,
	0xAB, 0x7A, 0x60, 0x66, 0x25, 0x28, 0x35, 0x0C, 0xCF, 0x4C, 0x4D, 0x0C,
	0xA9, 0x06, 0xC6, 0x99, 0xE9, 0x81, 0x72, 0x14, 0xE0, 0xD4, 0x11, 0xBD,
	0x30, 0x41, 0x23, 0x4F, 0x48, 0xD6, 0x40, 0x63, 0xB2, 0x11, 0xF2, 0xD1,
	0x19, 0x0F, 0xB2, 0xB8, 0xDC, 0x6A, 0x75, 0xD7, 0x57, 0x0B, 0xB1, 0x6A,
	0x6B, 0x9E, 0xEE, 0xE2, 0x0A, 0x49, 0xAD, 0xAF, 0xC9, 0x20, 0x8B, 0xC8,
	0x22, 0x8E, 0x29, 0xD2, 0xD6, 0xB9, 0x30, 0xD8, 0xF9, 0x7B, 0x7E, 0x5B,
	0x72, 0xBB, 0xFC, 0xDD, 0x5E, 0x18, 0x8D, 0xDE, 0xDB, 0xF2, 0x4E, 0x24,
	0x32, 0x63, 0x2F, 0x9B, 0x8C, 0x0B, 0x76, 0xFB, 0xF6, 0xB8, 0xCB, 0xBF,
	0x67, 0xF7, 0xEF, 0xBC, 0x10, 0xAB, 0xFE, 0x53, 0x77, 0xB5, 0x03, 0x44,
	0xBB, 0xEF, 0xDB, 0x88, 0x6B, 0x76, 0xE9, 0x00, 0x54, 0x52, 0x9D, 0x6E,
	0xC8, 0x5E, 0x9D, 0x65, 0x2A, 0xB5, 0xF7, 0x76, 0xCE, 0x73, 0x7D, 0x63,
	0x38, 0xFE, 0x1F, 0xD6, 0x73, 0x6D, 0x65, 0x7B, 0x57, 0xB5, 0xF7, 0xEC,
	0xFF, 0x3B, 0xF8, 0xD6, 0xB7, 0x5D, 0x68, 0xEC, 0x79, 0x4D, 0x5E, 0x0D,
	0x54, 0xC4, 0x4E, 0x11, 0x16, 0x64, 0xA2, 0x28, 0xB3, 0x2D, 0x03, 0x20,
	0xB2, 0x7B, 0x99, 0xA7, 0xA2, 0x8E, 0xB6, 0xA9, 0xF4, 0x55, 0xEE, 0xCE,
	0xAA, 0xD6, 0xCB, 0x77, 0x7D, 0x4A, 0xF7, 0x76, 0x75, 0x3B, 0xB5, 0x6F,
	0x65, 0xA5, 0x56, 0x85, 0x4A, 0x5A, 0x96, 0xA6, 0x7F, 0x77, 0x75, 0x24,
	0xD5, 0x75, 0x75, 0xD6, 0x8A, 0xEB, 0x5A, 0x8F, 0xA4, 0xC4, 0x57, 0x1C,
	0xB8, 0xF5, 0x4E, 0x39, 0x62, 0xAF, 0x5E, 0xEA, 0x68, 0x05, 0xB5, 0x33,
	0x0B, 0x94, 0x17, 0x9F, 0x5A, 0x5C, 0x96, 0xA9, 0xB2, 0x95, 0xD6, 0x93,
	0x7D, 0xE8, 0x3B, 0x88, 0xEF, 0xB4, 0x4C, 0x0D, 0x0B, 0x0E, 0x22, 0xA3,
	0x20, 0x3E, 0x84, 0x05, 0x45, 0x8E, 0x55, 0xCB, 0x70, 0x7C, 0x39, 0x0A,
	0x1A, 0x1C, 0x91, 0x8B, 0x7A, 0xD8, 0x82, 0x6B, 0x2A, 0x4D, 0xE7, 0x0A,
	0x31, 0x24, 0xDC, 0x49, 0x0F, 0x2E, 0x91, 0x78, 0x9D, 0x9D, 0xB4, 0x92,
	0x08, 0x34, 0xE1, 0x97, 0x86, 0x14, 0x93, 0x6F, 0x0E, 0xD6, 0xDF, 0x6D,
	0x55, 0x05, 0x09, 0xBE, 0xC4, 0x4D, 0xD5, 0x0B, 0x6B, 0xD7, 0x1A, 0xCD,
	0xB1, 0x9F, 0xF3, 0x58, 0x18, 0x30, 0x7A, 0x96, 0xBD, 0x3B, 0x73, 0xD8,
	0xD6, 0xBD, 0xF7, 0xD5, 0xDC, 0xF4, 0x84, 0xDE, 0xB4, 0xF5, 0xC7, 0xBA,
	0x3C, 0xF6, 0xC0, 0xFC, 0xBF, 0x1B, 0x64, 0x50, 0x26, 0xA5, 0x0C, 0xC8,
	0x4C, 0xE6, 0x1E, 0x46, 0x10, 0xB3, 0xB1, 0x22, 0xA1, 0xC6, 0x9C, 0x76,
	0x75, 0xAD, 0xAD, 0x58, 0xEA, 0xCE, 0xBB, 0x66, 0x67, 0x1C, 0xBC, 0xE7,
	0x7B, 0x1F, 0x6D, 0x95, 0x67, 0x5F, 0x53, 0xEF, 0x3E, 0xA8, 0x65, 0x56,
	0xBE, 0x79, 0xB3, 0x1D, 0x91, 0x4F, 0x64, 0x49, 0xEC, 0x6D, 0x2A, 0x6B,
	0x19, 0xBB, 0xAB, 0x35, 0xF7, 0x6A, 0x4B, 0xFD, 0x09, 0x07, 0x5F, 0xFF,
	0xFB, 0x92, 0x64, 0xF2, 0x87, 0x03, 0x18, 0x2A, 0x40, 0x82, 0x06, 0x5A,
	0x62, 0x5D, 0xA4, 0xE8, 0x45, 0x04, 0xAB, 0x4A, 0x4D, 0x81, 0x6B, 0x04,
	0xA6, 0xBD, 0xAD, 0xC1, 0x4E, 0x13, 0xA0, 0xC0, 0x11, 0xA1, 0x28, 0x00,
	0x17, 0x8B, 0x40, 0x00, 0x01, 0xAA, 0x11, 0x91, 0xB5, 0x53, 0x31, 0xD0,
	0x48, 0xE2, 0xDC, 0x70, 0xDB, 0x37, 0x4A, 0x93, 0x5C, 0x88, 0x6B, 0x15,
	0x5D, 0x08, 0x49, 0xC5, 0xD5, 0xAD, 0xA5, 0x94, 0x25, 0xA1, 0xD5, 0x0C,
	0xA0, 0x38, 0x10, 0xD8, 0x38, 0x0B, 0xAF, 0x72, 0xB2, 0x0E, 0x83, 0x9F,
	0x23, 0x3E, 0x3F, 0xEB, 0xF3, 0xE4, 0xDF, 0x47, 0xC2, 0x6F, 0x13, 0xD8,
	0x99, 0xDB, 0x96, 0xB0, 0xCB, 0xFF, 0xDA, 0x87, 0x19, 0xF5, 0x8B, 0xDF,
	0x54, 0x7B, 0xFF, 0xB2, 0xBF, 0xD8, 0x62, 0x86, 0xAD, 0xE2, 0x1F, 0xDB,
	0x3D, 0xD7, 0x44, 0xA4, 0x6C, 0xF6, 0xA4, 0x93, 0xCC, 0x8B, 0xF4, 0x04,
	0x4A, 0x55, 0x23, 0xD0, 0x49, 0xAB, 0x81, 0xB9, 0x9B, 0x14, 0x72, 0x9A,
	0xDA, 0x9B, 0xB6, 0x47, 0xEE, 0xDD, 0xB5, 0x52, 0x9B, 0x9B, 0xAD, 0xC8,
	0x1E, 0x73, 0x3D, 0x91, 0x55, 0x56, 0x92, 0x37, 0x1C, 0x50, 0xF4, 0x09,
	0xF6, 0xF4, 0x1E, 0xCB, 0x8A, 0xDE, 0x88, 0x36, 0xE7, 0xB9, 0x4B, 0x5E,
	0xBF, 0x97, 0x5B, 0xD7, 0x0E, 0xD7, 0x7D, 0x6B, 0xFC, 0x9B, 0x78, 0x4F,
	0x79, 0x4E, 0x87, 0xDA, 0x6B, 0x7B, 0xB5, 0x3A, 0x4A, 0x3B, 0x77, 0x8F,
	0xED, 0xBF, 0xFF, 0x9F, 0x37, 0xA9, 0x2D, 0xFF, 0x78, 0xBA, 0xAE, 0x81,
	0xBF, 0x67, 0xF4, 0xC2, 0x2B, 0x97, 0x39, 0x70, 0x67, 0xAC, 0x41, 0xEE,
	0xB9, 0x62, 0x4A, 0x10, 0xA6, 0x16, 0xE8, 0x47, 0xE7, 0xE7, 0x66, 0xC4,
	0x52, 0x45, 0x2E, 0xF9, 0xF6, 0xAF, 0x8E, 0x65, 0x2D, 0xB0, 0x9C, 0x08,
	0x19, 0x55, 0x2B, 0x00, 0x46, 0xA0, 0xE0, 0x24, 0x3E, 0x6B, 0x5C, 0x90,
	0x96, 0xAA, 0xA2, 0x73, 0xB5, 0x80, 0xCC, 0x8F, 0x02, 0xA8, 0xBE, 0x66,
	0x95, 0xB6, 0xC1, 0x8C, 0x90, 0x0E, 0xB8, 0x40, 0x0F, 0x8A, 0x11, 0x1C,
	0x92, 0xAB, 0x7B, 0x2D, 0x0D, 0x25, 0xDB, 0x35, 0xB4, 0x6B, 0x49, 0x3D,
	0xA6, 0x16, 0x27, 0x5D, 0x39, 0xE5, 0xB0, 0xF2, 0x56, 0x07, 0x96, 0x41,
	0x9D, 0x92, 0x79, 0x92, 0xD1, 0x93, 0x46, 0xDA, 0x6F, 0x8B, 0xF5, 0x12,
	0xD7, 0xDE, 0xF1, 0x0F, 0xDE, 0xBA, 0xAE, 0x3C, 0x4D, 0xE6, 0xCC, 0x17,
	0x96, 0xDB, 0xF6, 0x8C, 0xD3, 0x88, 0x57, 0xC7, 0xC6, 0xF7, 0x5D, 0x66,
	0xB6, 0xF7, 0xD7, 0x78, 0x2A, 0xF4, 0x40, 0x0C, 0xB5, 0xA8, 0x8A, 0x42,
	0x42, 0x0D, 0xA0, 0xED, 0xE2, 0x22, 0x90, 0xAE, 0x87, 0xDC, 0xC6, 0x9C,
	0x7C, 0x8D, 0x7A, 0x66, 0xA5, 0x6B, 0x8E, 0x7F, 0xE1, 0xE9, 0x3F, 0xBD,
	0xDA, 0x2E, 0x5B, 0xFB, 0xEE, 0x36, 0xB7, 0x8E, 0x16, 0x7F, 0x86, 0xEE,
	0x78, 0x9F, 0xD3, 0x8E, 0xFE, 0x9A, 0xDA, 0xBB, 0xEE, 0x4E, 0xFF, 0x55,
	0x7D, 0x59, 0x2E, 0xA5, 0xF2, 0x33, 0x4C, 0xF6, 0x8E, 0xFF, 0xFB, 0x92,
	0x64, 0xF1, 0x0F, 0x73, 0x38, 0x63, 0x41, 0x01, 0xEB, 0x53, 0x72, 0x5C,
	0xE5, 0xF8, 0x25, 0x04, 0x48, 0x4C, 0xCB, 0x94, 0xA5, 0x04, 0x06, 0x99,
	0x69, 0x89, 0x55, 0x95, 0xA0, 0x94, 0x21, 0xA1, 0x30, 0x01, 0x0A, 0x5A,
	0x48, 0x10, 0x00, 0x22, 0x43, 0x36, 0xD2, 0x40, 0x50, 0x82, 0xA0, 0xF9,
	0x3F, 0x2B, 0x5A, 0x0B, 0x2E, 0xB7, 0xA8, 0xBF, 0xD2, 0x8F, 0xE0, 0x8E,
	0x2F, 0xAA, 0xA4, 0xDA, 0xC4, 0x00, 0xD0, 0xEA, 0x2D, 0x89, 0x49, 0x46,
	0x0E, 0x44, 0xF0, 0xFA, 0xA2, 0x67, 0x5D, 0x59, 0x61, 0xE6, 0x5B, 0xEE,
	0xF7, 0x7E, 0x0E, 0x83, 0x7B, 0xB7, 0x4B, 0xFD, 0xFB, 0x1D, 0x03, 0x5D,
	0xB8, 0x71, 0xE6, 0xB9, 0x3A, 0xFC, 0xF3, 0x5D, 0xAF, 0xF5, 0x5B, 0xF7,
	0xBE, 0x40, 0x96, 0x7C, 0xB6, 0xBF, 0x9B, 0x6F, 0x45, 0x9D, 0xDD, 0x1F,
	0x10, 0xED, 0xD1, 0xB5, 0x5B, 0x28, 0x40, 0x55, 0x49, 0xEE, 0xA3, 0x64,
	0x92, 0xBD, 0xC9, 0x74, 0x96, 0xE9, 0x98, 0xD2, 0x9F, 0x55, 0x48, 0xD2,
	0x5D, 0x99, 0x25, 0x3A, 0xD2, 0x26, 0x32, 0xD3, 0xA6, 0x74, 0xEA, 0x0C,
	0xBD, 0xEE, 0xA3, 0xCE, 0x31, 0xCA, 0x08, 0x32, 0x2C, 0x89, 0x78, 0x29,
	0xA8, 0x23, 0x21, 0x88, 0xB3, 0x09, 0x14, 0x07, 0x3C, 0xAE, 0x69, 0xCC,
	0xDE, 0xBA, 0x57, 0x53, 0x68, 0xD5, 0x98, 0xDB, 0x2D, 0x8D, 0xAD, 0xEA,
	0x62, 0xD9, 0x93, 0x9A, 0x96, 0x9D, 0xCF, 0xB6, 0xB7, 0xA7, 0xB2, 0x4D,
	0xBE, 0x7A, 0x50, 0xC5, 0x44, 0x46, 0x4B, 0xA7, 0x76, 0xAB, 0xBD, 0x3D,
	0x35, 0x31, 0xEE, 0x4A, 0xCF, 0x24, 0x69, 0x33, 0x13, 0x90, 0x03, 0x16,
	0x53, 0xB1, 0xDD, 0x5A, 0xD0, 0x76, 0xD0, 0xCA, 0xDD, 0xBD, 0x79, 0x8A,
	0xE7, 0xB5, 0x78, 0xB4, 0x1F, 0x5D, 0x5F, 0x8F, 0x11, 0x8E, 0x32, 0x5C,
	0x77, 0x26, 0x74, 0x0A, 0x84, 0xC5, 0x67, 0x5E, 0xD7, 0x4E, 0x48, 0x36,
	0xE6, 0xBA, 0x58, 0xA0, 0x90, 0xDB, 0x1F, 0x23, 0xCE, 0xD5, 0xCD, 0x65,
	0x39, 0x5A, 0x8B, 0xBB, 0xD9, 0xD9, 0x17, 0xDB, 0xAD, 0x0F, 0x5E, 0x94,
	0x6F, 0x32, 0xD6, 0x44, 0x4F, 0x53, 0x12, 0x6B, 0x22, 0xA5, 0x4F, 0x9D,
	0xD7, 0x9F, 0x7F, 0xB2, 0xA5, 0xED, 0xD5, 0x31, 0xD6, 0x3A, 0x66, 0xD6,
	0xA7, 0x3A, 0xF3, 0x35, 0x70, 0x15, 0x4C, 0xCC, 0x28, 0xD5, 0xA9, 0x6A,
	0x5B, 0x82, 0x60, 0x19, 0x04, 0x32, 0x8B, 0x84, 0x89, 0x91, 0x4F, 0xBE,
	0x9D, 0x66, 0xC7, 0xE2, 0x99, 0xCA, 0x05, 0x8F, 0x89, 0xEB, 0xEE, 0x6C,
	0x45, 0x3B, 0x15, 0xC2, 0xAA, 0x85, 0xF7, 0x4B, 0x6A, 0xE2, 0x1D, 0xD9,
	0x73, 0xE4, 0xDC, 0x44, 0x59, 0x21, 0x65, 0x93, 0xE8, 0xDE, 0x7C, 0xFF,
	0x09, 0xD8, 0xC3, 0x83, 0x65, 0x6B, 0x81, 0x5C, 0x36, 0x85, 0xBD, 0x44,
	0xDB, 0x12, 0xCC, 0xAD, 0xA6, 0xA6, 0x61, 0xE2, 0xAC, 0x61, 0x07, 0x1B,
	0x41, 0xD5, 0x3C, 0x38, 0x18, 0x1E, 0xF2, 0x6F, 0x60, 0x30, 0x3E, 0x42,
	0x37, 0x12, 0x67, 0x7D, 0x8A, 0xC5, 0xBE, 0xFF, 0xFB, 0x92, 0x64, 0xF5,
	0x05, 0xC3, 0x7C, 0x64, 0xC0, 0x02, 0x2F, 0x43, 0x72, 0x58, 0x84, 0xF8,
	0x21, 0x04, 0x68, 0x4A, 0x4C, 0x85, 0x93, 0x04, 0xA6, 0xB4, 0xED, 0xC9,
	0x69, 0x30, 0x60, 0x84, 0x54, 0x1D, 0xB8, 0x7C, 0xD7, 0x75, 0x62, 0xA2,
	0x6E, 0xD7, 0xA1, 0xB2, 0x8B, 0xBE, 0xBB, 0xF6, 0x80, 0x85, 0x3B, 0xD9,
	0xE0, 0xE3, 0x50, 0xC1, 0x41, 0x38, 0xF3, 0xDA, 0x53, 0x2C, 0x55, 0xA2,
	0x0F, 0x7A, 0x99, 0x60, 0xF7, 0x83, 0x47, 0xCD, 0x25, 0xA5, 0xF5, 0x28,
	0x72, 0x38, 0xA9, 0xE1, 0xD1, 0x62, 0x0C, 0x20, 0xA6, 0x56, 0x44, 0x9B,
	0xDE, 0x61, 0x22, 0x62, 0x43, 0x50, 0xFA, 0x07, 0x8A, 0x12, 0x6B, 0x92,
	0xC3, 0xD4, 0xBF, 0x7A, 0x42, 0x90, 0x04, 0x64, 0x05, 0x50, 0x44, 0x76,
	0x4D, 0x24, 0xED, 0x4A, 0xF3, 0x88, 0xDF, 0x06, 0x54, 0xD6, 0x7F, 0xCD,
	0xDF, 0xEE, 0xF0, 0x93, 0x60, 0xA0, 0x20, 0x4A, 0x73, 0x07, 0x8B, 0x18,
	0x34, 0xF9, 0xEA, 0xFA, 0x96, 0x34, 0x59, 0x59, 0xA2, 0x4E, 0x11, 0xA8,
	0xC0, 0xDF, 0x5F, 0xDB, 0x00, 0x79, 0xA1, 0xCB, 0xFC, 0xB0, 0xF3, 0x6D,
	0xC8, 0xF6, 0x20, 0xE4, 0xF9, 0x1C, 0xDE, 0x17, 0xA1, 0x44, 0x2B, 0xD7,
	0xFE, 0x9E, 0x46, 0x4B, 0xDF, 0x34, 0xE0, 0xDF, 0x77, 0x22, 0x65, 0xD1,
	0x6E, 0x5A, 0x9E, 0xC4, 0x68, 0x59, 0xF9, 0x21, 0x14, 0x23, 0xF5, 0x22,
	0xFB, 0x21, 0x9E, 0x44, 0x5B, 0x7F, 0x49, 0xD8, 0xF1, 0xD9, 0x22, 0x44,
	0x10, 0x10, 0x83, 0x3E, 0x38, 0x64, 0xDC, 0x6B, 0x06, 0x93, 0x05, 0x9F,
	0x38, 0x9C, 0x4E, 0x77, 0x78, 0xED, 0xE8, 0xFD, 0x58, 0x86, 0xDA, 0x57,
	0x5B, 0xB6, 0xCF, 0x96, 0xDA, 0xEA, 0x75, 0x36, 0xBD, 0xFD, 0x88, 0x44,
	0x57, 0x3E, 0x65, 0xD0, 0x9A, 0x3D, 0x80, 0xBC, 0x8E, 0x9D, 0x39, 0x44,
	0xED, 0x0F, 0x8B, 0x60, 0xAE, 0x30, 0x11, 0x6A, 0xF6, 0x24, 0x4A, 0xFB,
	0xB7, 0x80, 0xB5, 0xAD, 0x0B, 0x38, 0x9A, 0x05, 0xFE, 0x0F, 0xB2, 0x1B,
	0x23, 0x01, 0xBE, 0xBB, 0x86, 0x99, 0xF7, 0xBE, 0x09, 0x54, 0x37, 0x23,
	0x35, 0xC7, 0x75, 0xD6, 0xF7, 0x53, 0x56, 0x9C, 0xE0, 0x7E, 0x67, 0xA6,
	0xAF, 0xE7, 0x4C, 0xDA, 0x0A, 0x83, 0xE6, 0xCB, 0xD4, 0xE8, 0x17, 0xE9,
	0xC8, 0x4A, 0x92, 0x2D, 0x98, 0x17, 0x72, 0xA8, 0xFA, 0x59, 0xFE, 0x06,
	0x4A, 0x3D, 0x13, 0x40, 0x0E, 0x1E, 0xA3, 0x94, 0xB6, 0x38, 0x29, 0x45,
	0xA4, 0xD6, 0x55, 0xDC, 0x08, 0x63, 0x4D, 0x96, 0x52, 0x82, 0x50, 0x66,
	0x10, 0x1A, 0x04, 0x52, 0xD1, 0x1B, 0x10, 0x02, 0xED, 0x12, 0x21, 0x54,
	0xE4, 0xB6, 0xC8, 0x3E, 0x22, 0xD6, 0x5F, 0xE5, 0x69, 0x3C, 0x8E, 0x9A,
	0xEA, 0x2D, 0x2D, 0x5A, 0x36, 0xEE, 0x3E, 0x55, 0xE2, 0xBE, 0x29, 0xE5,
	0xA1, 0x92, 0xD7, 0x49, 0xF7, 0xB8, 0x59, 0xF7, 0x96, 0xB8, 0x98, 0xA8,
	0x1B, 0xC5, 0x31, 0x9C, 0xF6, 0xAE, 0x7C, 0xFD, 0x84, 0xE9, 0x87, 0xF5,
	0x09, 0xB3, 0x15, 0x67, 0xD3, 0xFF, 0xFB, 0x92, 0x64, 0xF0, 0x80, 0x42,
	0x9F, 0x27, 0xC3, 0x31, 0xA1, 0x5A, 0x50, 0x54, 0x64, 0xF8, 0x45, 0x04,
	0x68, 0x4A, 0x0C, 0xF1, 0x9D, 0x07, 0x26, 0xA0, 0x6D, 0xC1, 0x8F, 0x93,
	0xA0, 0x50, 0x53, 0x31, 0x29, 0x3E, 0xED, 0x02, 0x44, 0x20, 0x10, 0x95,
	0x99, 0xA8, 0x90, 0x58, 0x59, 0xC4, 0xDE, 0x32, 0x10, 0xDE, 0x28, 0xF2,
	0x33, 0x47, 0x5F, 0x88, 0xB7, 0xC7, 0xFD, 0xDE, 0xB5, 0x51, 0x55, 0x0F,
	0x17, 0xA8, 0x3E, 0x0C, 0x18, 0xD5, 0xAA, 0x9C, 0x70, 0xC8, 0x4A, 0x9F,
	0x79, 0x20, 0x22, 0x98, 0x96, 0x97, 0x1B, 0x95, 0xF6, 0xFF, 0x6F, 0xFF,
	0xCB, 0x6C, 0x40, 0xC3, 0x63, 0x6B, 0xF7, 0x3C, 0x74, 0xB2, 0x22, 0x9F,
	0x7F, 0xA7, 0xD7, 0xEF, 0xCB, 0x5B, 0x59, 0xF6, 0xF3, 0xED, 0x3B, 0x6A,
	0x77, 0x9E, 0x9F, 0x6E, 0xBE, 0x84, 0x4D, 0xF5, 0x7B, 0x4F, 0xE8, 0x50,
	0x49, 0x16, 0x5B, 0xD7, 0x4F, 0x30, 0x30, 0x30, 0xA5, 0xB4, 0xCB, 0x53,
	0x9D, 0x4F, 0x73, 0xDE, 0x56, 0xCA, 0xAE, 0xD9, 0xDB, 0x20, 0xCD, 0xF5,
	0xBA, 0xA3, 0x77, 0x7B, 0xB9, 0xB5, 0x79, 0x01, 0x01, 0x8D, 0x6A, 0xA7,
	0x45, 0xD4, 0xB6, 0x12, 0x92, 0xD9, 0x88, 0xA0, 0x0C, 0x6E, 0x3A, 0xD5,
	0x45, 0x30, 0xC5, 0x4D, 0x50, 0xA9, 0x06, 0x4B, 0x5E, 0x8A, 0xF3, 0x15,
	0x91, 0xBA, 0x1A, 0x8D, 0x98, 0xB5, 0xB3, 0x9C, 0x88, 0x8C, 0x87, 0x1A,
	0x9B, 0x4F, 0x6A, 0x37, 0xA6, 0xB9, 0xAF, 0x75, 0xE6, 0x1E, 0xD7, 0x2E,
	0x62, 0xDE, 0x3A, 0x7A, 0x73, 0xF7, 0xBC, 0x3D, 0x55, 0x8E, 0x47, 0x97,
	0xDB, 0xFC, 0xAA, 0x45, 0x44, 0x4C, 0x85, 0x02, 0x33, 0xCA, 0x21, 0xA7,
	0x3D, 0x6E, 0xE9, 0x9E, 0x9D, 0xF5, 0x55, 0x13, 0x7C, 0xE1, 0x30, 0xF6,
	0xED, 0xEC, 0xA4, 0xAA, 0xED, 0x6A, 0xAE, 0x67, 0x11, 0x45, 0x66, 0xB2,
	0xC1, 0xD0, 0x58, 0xB2, 0x67, 0x4B, 0x11, 0xA1, 0x85, 0x00, 0x66, 0x8A,
	0xC7, 0x21, 0xEB, 0x49, 0x8A, 0x66, 0xCE, 0xA5, 0xD2, 0xD6, 0x5A, 0x22,
	0x3E, 0xFD, 0x0F, 0x6D, 0xA8, 0x76, 0xCF, 0x65, 0x37, 0xAA, 0x1E, 0x6D,
	0x90, 0xEB, 0x76, 0x77, 0xD6, 0xB3, 0x19, 0x4E, 0x75, 0xBA, 0x22, 0x95,
	0x74, 0x6B, 0xD4, 0xFA, 0x9A, 0x86, 0x32, 0x58, 0xDD, 0x8F, 0x54, 0x9A,
	0x59, 0xA5, 0x75, 0x3F, 0x28, 0x91, 0xBD, 0x1A, 0x95, 0x08, 0x55, 0x5D,
	0x07, 0x67, 0x40, 0xEE, 0xC3, 0x0E, 0x67, 0x04, 0xF9, 0x95, 0x97, 0xB0,
	0xFE, 0x72, 0xA2, 0x33, 0xF5, 0x50, 0xA5, 0x18, 0xA7, 0xD6, 0x76, 0x9B,
	0xCD, 0xBF, 0x1A, 0xCB, 0xD4, 0xC7, 0xDD, 0x19, 0xE5, 0x48, 0xA8, 0x33,
	0x0E, 0x85, 0xD9, 0x77, 0x75, 0x3C, 0x02, 0xF5, 0x00, 0xF9, 0xE0, 0x28,
	0x58, 0x72, 0x56, 0xF3, 0x98, 0xA0, 0xC2, 0x8F, 0x5B, 0x16, 0x6D, 0x6B,
	0x4C, 0x51, 0x20, 0x7A, 0x64, 0x45, 0x1C, 0xC1, 0xEA, 0xB1, 0x85, 0x35,
	0x21, 0xC8, 0x5A, 0x50, 0x0E, 0x58, 0xEB, 0x2D, 0x03, 0xB5, 0xA6, 0x5B,
	0x0A, 0x98, 0x05, 0xFF, 0xFB, 0x92, 0x64, 0xF5, 0x8F, 0x03, 0x79, 0x52,
	0xC0, 0x02, 0x28, 0x42, 0xF2, 0x57, 0x84, 0xD8, 0x6C, 0x04, 0x28, 0x4A,
	0x4C, 0xB5, 0x59, 0x02, 0x08, 0x24, 0xED, 0xC9, 0x90, 0xB2, 0x20, 0x40,
	0x14, 0x29, 0xB9, 0x10, 0xA8, 0x94, 0xD0, 0xD4, 0x95, 0x96, 0xBA, 0x4D,
	0x8B, 0x1D, 0x94, 0x81, 0xD4, 0xAF, 0x91, 0x90, 0x3E, 0xF5, 0x1A, 0xE8,
	0xAA, 0x51, 0x5A, 0xF2, 0xC5, 0x7A, 0x77, 0xB0, 0xF1, 0x12, 0xA4, 0x95,
	0x1A, 0x17, 0x12, 0x9E, 0x2B, 0x2D, 0xBD, 0x5D, 0x40, 0x35, 0xD1, 0x4A,
	0x12, 0x6B, 0xEF, 0xEF, 0x7D, 0xAA, 0x37, 0xD6, 0xEA, 0x36, 0x3B, 0x0E,
	0x82, 0xDE, 0x43, 0x10, 0xA5, 0xDB, 0xFF, 0xB3, 0x57, 0xE2, 0xDF, 0xF7,
	0xB7, 0xDB, 0x1D, 0xC9, 0x72, 0x7F, 0x19, 0xE7, 0x3F, 0x4B, 0x6A, 0x8D,
	0x0F, 0x20, 0xEE, 0xBE, 0x1D, 0x66, 0xA3, 0xFB, 0xA8, 0x08, 0x35, 0x52,
	0x5B, 0x54, 0x85, 0x4E, 0x8B, 0x9F, 0x37, 0x24, 0xD1, 0x97, 0x5D, 0xFD,
	0xCC, 0xDB, 0x4E, 0xF2, 0xF3, 0x78, 0xC1, 0x68, 0x16, 0x97, 0xAA, 0x0F,
	0x04, 0xEF, 0x17, 0x15, 0xD5, 0x76, 0x0B, 0x44, 0x7B, 0x98, 0xE4, 0x30,
	0xFB, 0xCA, 0xB5, 0x5E, 0xB4, 0x1C, 0x80, 0xA7, 0x2A, 0xDE, 0xB7, 0xDC,
	0x33, 0xDC, 0x6D, 0xA5, 0x27, 0xC4, 0xFD, 0xF5, 0x31, 0xD5, 0xD6, 0xBD,
	0xFC, 0x47, 0xED, 0x77, 0x75, 0xDA, 0xF5, 0xA7, 0x6B, 0xCC, 0xC7, 0x37,
	0x3F, 0x1F, 0x4F, 0x17, 0x5E, 0xB7, 0x1E, 0xF7, 0x53, 0x3C, 0xC2, 0x4A,
	0xFA, 0x8F, 0x92, 0x47, 0xF1, 0x67, 0xC5, 0xCB, 0xF9, 0x5B, 0xE8, 0xA0,
	0xB3, 0x6B, 0x3D, 0xB1, 0x80, 0x00, 0x00, 0x00, 0x2A, 0x9F, 0x5E, 0x92,
	0xB6, 0x7D, 0xF9, 0xC5, 0x3A, 0x6E, 0xB7, 0x7A, 0x6F, 0x5F, 0x77, 0x59,
	0x82, 0x66, 0x57, 0xAD, 0x98, 0xCC, 0xF5, 0x2A, 0xD4, 0xB4, 0x91, 0xD3,
	0x2D, 0x74, 0x4B, 0x14, 0x80, 0x75, 0x0F, 0x0C, 0xA1, 0x11, 0xC8, 0x8E,
	0xEC, 0xB1, 0xCE, 0xCE, 0xDB, 0x9D, 0xD9, 0x52, 0x3B, 0x66, 0x32, 0x2A,
	0x25, 0x36, 0x92, 0xF6, 0x3A, 0xA3, 0x56, 0x5A, 0x59, 0xED, 0x54, 0x54,
	0x23, 0x4B, 0x98, 0xF6, 0xA3, 0xAA, 0x23, 0x39, 0xC8, 0xCA, 0xA9, 0x69,
	0x16, 0x6A, 0xAA, 0x9D, 0xC7, 0xF9, 0x5D, 0xB9, 0x8E, 0xAD, 0x64, 0x7A,
	0xCC, 0xD8, 0x62, 0xD0, 0x7B, 0xA0, 0xA1, 0x09, 0xD1, 0x03, 0xB2, 0xAA,
	0x40, 0x00, 0x00, 0x46, 0x49, 0x0A, 0x0F, 0x52, 0xBD, 0xA1, 0x03, 0xA8,
	0x50, 0x4D, 0x1D, 0x33, 0x25, 0x6D, 0x0C, 0xAE, 0xA7, 0x2D, 0x08, 0x74,
	0xBA, 0xF2, 0x50, 0x9E, 0x22, 0x52, 0x6A, 0x91, 0x6C, 0x42, 0x3A, 0x65,
	0xE8, 0x90, 0x38, 0x2E, 0xF6, 0x47, 0xED, 0x11, 0x0A, 0x0A, 0x75, 0xBF,
	0xC7, 0xB4, 0x58, 0xF3, 0x0D, 0x26, 0xA0, 0x08, 0x98, 0xFB, 0x8D, 0x26,
	0x72, 0x48, 0xCB, 0xC5, 0x44, 0xCE, 0x41, 0x50, 0x15, 0xDC, 0x3D, 0x9F,
	0x3A, 0x2E, 0x16, 0x2D, 0x82, 0x4C, 0x03, 0x05, 0x52, 0xD1, 0x87, 0x57,
	0x4E, 0xFF, 0xFB, 0x92, 0x44, 0xEC, 0x07, 0x02, 0xD7, 0x27, 0xC1, 0x01,
	0xA6, 0x4A, 0x50, 0x59, 0x04, 0xE8, 0x35, 0x34, 0x67, 0x4A, 0x4C, 0xD5,
	0x6B, 0x02, 0xA6, 0xA1, 0x0D, 0xC9, 0x9E, 0xB3, 0x20, 0x20, 0xD6, 0x95,
	0xB9, 0x0A, 0x65, 0x29, 0x18, 0x63, 0x18, 0x05, 0x46, 0xAE, 0x9D, 0x74,
	0xD0, 0x41, 0x6A, 0x3A, 0xE8, 0x17, 0xCD, 0x12, 0xAF, 0x5A, 0x6F, 0xA1,
	0x30, 0x34, 0xD3, 0x54, 0x66, 0x25, 0x17, 0x5A, 0x4C, 0xC7, 0x94, 0xD7,
	0x64, 0x53, 0xE4, 0x98, 0xCB, 0x7A, 0x9A, 0x35, 0x83, 0x95, 0x47, 0x52,
	0xC6, 0x08, 0xB0, 0x9B, 0xCF, 0xCE, 0xE8, 0x6C, 0xCD, 0x45, 0x22, 0xA2,
	0x1C, 0xEE, 0x53, 0xB3, 0x22, 0x99, 0x9E, 0x8C, 0x79, 0x90, 0xA6, 0x21,
	0x6E, 0xED, 0x52, 0x26, 0xB5, 0xBF, 0x62, 0xF3, 0xCA, 0xE4, 0x59, 0x4E,
	0x59, 0x9B, 0x56, 0x90, 0x87, 0x7D, 0x9C, 0x55, 0xD1, 0x1A, 0x72, 0x23,
	0x91, 0x91, 0x99, 0xDA, 0xAC, 0x18, 0xFF, 0x70, 0x3B, 0xAC, 0x31, 0xBE,
	0x82, 0xF0, 0x97, 0x54, 0x20, 0x46, 0x64, 0xDE, 0xAA, 0xD6, 0x9D, 0x73,
	0x74, 0x64, 0x9D, 0xEA, 0x4D, 0xB7, 0x77, 0x45, 0xE9, 0xB8, 0x87, 0x9A,
	0x80, 0xF5, 0xAB, 0xEB, 0x61, 0x65, 0x1D, 0xA3, 0x95, 0x70, 0xB4, 0x36,
	0xB8, 0x68, 0x90, 0x18, 0x04, 0xAE, 0x3C, 0x5D, 0xDF, 0x46, 0x3C, 0x1D,
	0x25, 0x8E, 0x3D, 0x4D, 0xEC, 0xB4, 0xB5, 0xFE, 0xE8, 0x67, 0x7E, 0x99,
	0xDB, 0xEA, 0x72, 0x58, 0xFC, 0xC5, 0x47, 0x75, 0xED, 0xB7, 0xB3, 0x35,
	0x6F, 0x3D, 0xCF, 0xBC, 0xE4, 0x49, 0x8C, 0xD9, 0xE9, 0x9C, 0xFA, 0xEA,
	0xA4, 0xBE, 0x59, 0xC5, 0x72, 0x4B, 0xFE, 0x6E, 0xED, 0x19, 0xFA, 0xB2,
	0x94, 0x22, 0x50, 0x15, 0x15, 0x99, 0x4C, 0x85, 0xD6, 0xBA, 0x73, 0x40,
	0x6D, 0xAB, 0xFC, 0x91, 0x92, 0x67, 0xC3, 0xFE, 0x34, 0x75, 0x90, 0xAC,
	0x73, 0xDE, 0xDC, 0xB2, 0xEF, 0xD9, 0x13, 0xEF, 0x38, 0x3F, 0x4B, 0xA9,
	0xF6, 0x2D, 0x55, 0xD3, 0x53, 0x77, 0xF5, 0xB1, 0x9F, 0x3E, 0xAB, 0xB2,
	0xE8, 0x8C, 0x1E, 0xE5, 0xA2, 0x59, 0x9B, 0x90, 0x64, 0x5E, 0x39, 0xE0,
	0x77, 0x10, 0x22, 0x4A, 0xF6, 0xB8, 0x45, 0x81, 0x18, 0x5C, 0xAB, 0xD2,
	0x28, 0x98, 0x79, 0xE9, 0x15, 0x3E, 0x7E, 0xF4, 0x5D, 0xAC, 0x4E, 0x96,
	0x00, 0x05, 0x6A, 0x40, 0x00, 0x00, 0x38, 0x55, 0x4F, 0x99, 0x3B, 0x4B,
	0x93, 0x33, 0x31, 0x0A, 0xA7, 0x18, 0x48, 0x30, 0xF5, 0x0F, 0xE8, 0x4C,
	0x8A, 0xC1, 0x58, 0x9D, 0x63, 0x89, 0x12, 0x06, 0xAB, 0xE1, 0x16, 0x34,
	0xA2, 0x8F, 0xBE, 0x25, 0x02, 0x41, 0x69, 0xE2, 0xDF, 0x6D, 0x71, 0x50,
	0x59, 0x30, 0xC9, 0x7F, 0x3C, 0xEB, 0x4B, 0xCC, 0x67, 0x66, 0xE5, 0x21,
	0x5B, 0xA9, 0xB3, 0xFA, 0x7C, 0xFF, 0x9F, 0xD5, 0x54, 0xAC, 0x6F, 0x57,
	0xAD, 0x6B, 0x7A, 0xEE, 0xE0, 0x4E, 0x8F, 0x12, 0xD9, 0x5D, 0xE7, 0xE3,
	0xCE, 0x82, 0xA7, 0x9C, 0x24, 0x38, 0x83, 0x38, 0xDB, 0x8F, 0xFF, 0xFF,
	0xFB, 0x92, 0x44, 0xE9, 0x85, 0x02, 0xD7, 0x2A, 0xC1, 0x29, 0xA3, 0x42,
	0x60, 0x69, 0x2B, 0xE8, 0x00, 0x35, 0xA5, 0x6E, 0x4B, 0x85, 0x6D, 0x04,
	0x26, 0xA0, 0xED, 0xC9, 0x58, 0x95, 0x21, 0x18, 0xD1, 0xAD, 0x30, 0x7C,
	0xF7, 0x4D, 0x5A, 0x92, 0xDB, 0xE5, 0xE7, 0x14, 0x81, 0xA0, 0x6A, 0xCE,
	0x79, 0x91, 0x45, 0x19, 0x8B, 0x25, 0x73, 0xA9, 0x99, 0xA1, 0xAD, 0x21,
	0x26, 0x37, 0x64, 0xB5, 0x1F, 0x74, 0x90, 0xA0, 0x5E, 0x3C, 0xCD, 0x52,
	0x8B, 0xA8, 0x5D, 0xD4, 0x15, 0x85, 0x1D, 0x37, 0xA4, 0x69, 0x74, 0x98,
	0x37, 0x5D, 0x6C, 0xCB, 0x53, 0xE9, 0x2D, 0x69, 0xA4, 0x8A, 0x2D, 0x2F,
	0xBD, 0x17, 0x5A, 0x07, 0x2B, 0xBA, 0xFF, 0x46, 0xB5, 0x3F, 0x41, 0x94,
	0xA5, 0x69, 0xD6, 0xB4, 0x97, 0x4D, 0xAA, 0x75, 0x2E, 0xD4, 0x5A, 0xAA,
	0xFD, 0x05, 0xB2, 0x6D, 0xEB, 0x74, 0x14, 0xB7, 0xE9, 0xA5, 0xBB, 0x9F,
	0xDD, 0x54, 0xFA, 0xEE, 0xC9, 0xD7, 0xB5, 0x5B, 0x26, 0x6E, 0xED, 0x0E,
	0x0A, 0x88, 0xBB, 0x3A, 0xF7, 0x52, 0x93, 0x5A, 0x91, 0x4E, 0xA8, 0xE3,
	0x97, 0x7A, 0x30, 0xFA, 0x64, 0xD4, 0xF6, 0xD7, 0xC5, 0x78, 0x08, 0x17,
	0x33, 0xDD, 0x91, 0x03, 0x91, 0xD4, 0x2C, 0x9C, 0x54, 0xD4, 0xC5, 0xB5,
	0xFC, 0xB0, 0x22, 0xFD, 0x18, 0x92, 0x05, 0x6A, 0xF2, 0x80, 0x44, 0x74,
	0x3F, 0x2F, 0x1A, 0x4E, 0x44, 0x5F, 0x1C, 0xDC, 0xCD, 0xF3, 0xAC, 0xDB,
	0x55, 0xB5, 0xBC, 0xD7, 0xF7, 0xA7, 0x48, 0x60, 0xDB, 0x98, 0xF8, 0x94,
	0xDD, 0xF4, 0x8D, 0x62, 0xBB, 0x7D, 0xBE, 0x78, 0xBA, 0xFB, 0xDF, 0x84,
	0x7B, 0x8F, 0x7E, 0x2F, 0xA8, 0xAB, 0x99, 0xB5, 0x2A, 0xF6, 0x00, 0x6D,
	0x0D, 0x9F, 0xC2, 0xF7, 0xCC, 0xD0, 0x5D, 0xC5, 0xD2, 0xCC, 0x10, 0xBA,
	0xD4, 0x3E, 0x1B, 0xE8, 0x08, 0x09, 0x65, 0xE0, 0xB5, 0x84, 0xE6, 0x14,
	0x88, 0x54, 0xF3, 0xED, 0xE3, 0x93, 0xE9, 0xE5, 0xBA, 0x12, 0x9D, 0x1C,
	0x75, 0x6F, 0x5C, 0xB8, 0x5A, 0xF4, 0x9C, 0x1B, 0x04, 0x95, 0x59, 0xF4,
	0x34, 0x62, 0xCC, 0x04, 0xC0, 0x80, 0xB2, 0x7C, 0xF7, 0x75, 0xBC, 0x73,
	0x33, 0x13, 0x75, 0xFE, 0xE5, 0xC2, 0xC7, 0x2D, 0xA7, 0x4D, 0xD5, 0x4F,
	0xBD, 0x3F, 0x17, 0xF0, 0xBD, 0xCD, 0x25, 0x52, 0xD7, 0xAF, 0xF5, 0xCB,
	0xB5, 0x5E, 0xF5, 0xDC, 0x7D, 0xDF, 0x3F, 0xDD, 0xAD, 0x4D, 0x2D, 0x3D,
	0x77, 0x3A, 0xCF, 0xC4, 0xF1, 0xF5, 0x55, 0xF1, 0xBE, 0xAD, 0xEE, 0x4A,
	0x16, 0xD6, 0x40, 0x00, 0xB4, 0xAA, 0x37, 0x5A, 0x28, 0x2D, 0x39, 0xA2,
	0x90, 0x27, 0x65, 0x3C, 0x8C, 0xFD, 0xD9, 0x09, 0x56, 0xC7, 0xB2, 0xF5,
	0x40, 0x16, 0x1A, 0x29, 0x64, 0x47, 0x41, 0x46, 0xD6, 0x5B, 0xD0, 0xD6,
	0xCC, 0x57, 0x22, 0x1A, 0xDC, 0xF3, 0x23, 0xD6, 0x61, 0x5F, 0x77, 0xD4,
	0xC7, 0x46, 0x76, 0xAB, 0x6B, 0x95, 0x33, 0x35, 0x0D, 0xFB, 0x33, 0x5E,
	0x7A, 0x1B, 0x5E, 0x9F, 0x74, 0x22, 0xD8, 0xEA, 0xC8, 0xFF, 0xFB, 0x92,
	0x64, 0xED, 0x07, 0x72, 0xFD, 0x31, 0x40, 0xAA, 0x03, 0x42, 0x62, 0x69,
	0x6D, 0x08, 0x10, 0x0D, 0xAD, 0x6E, 0x4D, 0x45, 0x6F, 0x00, 0x08, 0x2D,
	0x0D, 0xC9, 0x8F, 0xB3, 0xE0, 0x54, 0x34, 0x21, 0xB9, 0x8C, 0xE7, 0x47,
	0xCF, 0x33, 0x1D, 0xB5, 0xA1, 0x3B, 0x4F, 0x3E, 0xE0, 0x9E, 0xE2, 0xFC,
	0x63, 0x4B, 0x8D, 0x5A, 0x9B, 0x62, 0x91, 0xA8, 0x56, 0xD8, 0x26, 0xB9,
	0xA6, 0x29, 0xF4, 0x6A, 0x56, 0x8D, 0x59, 0xDB, 0x56, 0x21, 0x5A, 0x33,
	0x47, 0xA4, 0x8C, 0xCA, 0x7D, 0x96, 0xB3, 0x0E, 0x98, 0xD8, 0x96, 0x1A,
	0x3E, 0xEA, 0x79, 0xFA, 0x8B, 0x84, 0x3B, 0xED, 0x30, 0xF7, 0xA2, 0x3A,
	0x9E, 0xDA, 0x98, 0xAF, 0x4C, 0xCB, 0x1F, 0xED, 0xCF, 0x6A, 0x1E, 0xD3,
	0xDA, 0xF9, 0xA8, 0xCE, 0x84, 0xE8, 0x75, 0xCA, 0x3C, 0xE0, 0xAA, 0xDD,
	0x66, 0xE4, 0xC2, 0x00, 0x18, 0x9C, 0xF3, 0x18, 0x78, 0xF3, 0x96, 0x48,
	0x83, 0xD0, 0x84, 0x8B, 0x29, 0xEF, 0xAA, 0xB0, 0x90, 0x60, 0x81, 0x5B,
	0xAD, 0x35, 0xAD, 0xD1, 0xB5, 0x4B, 0x51, 0x22, 0x5A, 0x9C, 0x98, 0xFB,
	0x9C, 0x9F, 0x41, 0x04, 0xD4, 0x9A, 0xD2, 0x41, 0x75, 0x87, 0xD3, 0x3D,
	0x79, 0x00, 0xA7, 0x62, 0x9C, 0xAF, 0x3D, 0x00, 0x71, 0xCC, 0xDD, 0x44,
	0x4E, 0xE2, 0x2C, 0xE8, 0xEA, 0x8C, 0xE6, 0x66, 0x77, 0x9C, 0xF7, 0xBA,
	0x19, 0xF6, 0xAB, 0xE4, 0xA9, 0x57, 0xC6, 0xCF, 0xB7, 0x17, 0x2D, 0x66,
	0xE8, 0xFF, 0xFE, 0x65, 0x5D, 0x99, 0xF7, 0x80, 0xC0, 0x7B, 0x26, 0xFB,
	0xDE, 0x61, 0x29, 0x49, 0xDF, 0x37, 0xF1, 0x31, 0xC2, 0x6E, 0x87, 0x77,
	0xFB, 0xE6, 0xAF, 0xA2, 0x83, 0x0B, 0xED, 0x90, 0x5C, 0x72, 0xD8, 0x44,
	0xE3, 0xD1, 0x7D, 0xC4, 0x21, 0x34, 0x20, 0xFB, 0xF2, 0x5D, 0xEF, 0x74,
	0x9B, 0x6A, 0x7E, 0xB1, 0x28, 0x45, 0xDF, 0x08, 0xC0, 0x82, 0x3D, 0x45,
	0x33, 0xC4, 0xDA, 0x4B, 0xB6, 0xD7, 0xA6, 0x85, 0x23, 0x06, 0x7F, 0xD3,
	0x3E, 0xDC, 0x6D, 0x75, 0x13, 0x68, 0x1F, 0xB7, 0x39, 0x6F, 0xB6, 0x37,
	0x99, 0xB8, 0x8B, 0xDB, 0xDB, 0xAA, 0x67, 0x6D, 0x4D, 0x7D, 0x36, 0x6B,
	0xAB, 0x9F, 0xED, 0xCF, 0x64, 0x47, 0x5C, 0x4F, 0xEE, 0xB8, 0xFF, 0x84,
	0xBE, 0x59, 0x5F, 0x12, 0x9C, 0xFE, 0x81, 0x97, 0xBA, 0x6E, 0x5D, 0x83,
	0xDE, 0xE3, 0x66, 0xDB, 0x4F, 0xCF, 0xDC, 0xDF, 0x6A, 0xB1, 0x29, 0x6A,
	0x40, 0x44, 0xD8, 0x28, 0x9A, 0x59, 0x1B, 0x29, 0x25, 0xD1, 0xB9, 0xD4,
	0xB1, 0x92, 0x65, 0xDD, 0xC3, 0xBC, 0xDC, 0xD5, 0xDC, 0x14, 0xE8, 0x39,
	0x88, 0x06, 0x73, 0xA5, 0x62, 0x07, 0xFD, 0xAB, 0xAA, 0x45, 0xC0, 0x0D,
	0x32, 0xD7, 0xE8, 0xBB, 0xB9, 0xFD, 0xE1, 0xD1, 0x1B, 0xF5, 0xBA, 0x7E,
	0x14, 0xDA, 0x1F, 0x33, 0x2B, 0xA9, 0x1E, 0x6D, 0x0E, 0xC2, 0xE2, 0x96,
	0x08, 0x49, 0x35, 0xE6, 0x9E, 0x7E, 0x99, 0xD2, 0x41, 0x13, 0xE9, 0x57,
	0x1C, 0xB8, 0xE4, 0x14, 0x89, 0xD4, 0xAE, 0xFF, 0xFB, 0x92, 0x64, 0xE0,
	0x88, 0x72, 0xC2, 0x5B, 0x41, 0x09, 0xAA, 0x13, 0x70, 0x55, 0x48, 0x78,
	0x20, 0x04, 0xEA, 0x5C, 0x0C, 0x04, 0xDF, 0x04, 0xA6, 0xB4, 0xAB, 0x89,
	0x8E, 0xA5, 0xE0, 0x54, 0x34, 0x2D, 0x79, 0x4C, 0xA9, 0xAE, 0xE7, 0x4E,
	0x1C, 0x91, 0x73, 0xFC, 0x94, 0xBD, 0xA1, 0x06, 0x62, 0xBF, 0x4B, 0x33,
	0xCE, 0xA4, 0xC2, 0xA0, 0xCE, 0xC1, 0xF6, 0x98, 0x36, 0xA9, 0x43, 0x31,
	0x91, 0xE6, 0xD2, 0xE9, 0xDD, 0x9A, 0xF1, 0x88, 0xD9, 0xFB, 0xBE, 0x7F,
	0xDE, 0xF1, 0x7C, 0xC1, 0xA4, 0xB7, 0xA0, 0x40, 0x22, 0x53, 0xFC, 0x6C,
	0x68, 0x7B, 0xD7, 0xDD, 0xFD, 0x38, 0x84, 0xF6, 0xF2, 0xAA, 0x12, 0x88,
	0x35, 0x3D, 0xA4, 0x4F, 0x48, 0x48, 0xB0, 0xFA, 0x6D, 0xA1, 0xBD, 0x96,
	0x9D, 0x1B, 0x6F, 0x33, 0xFE, 0xE5, 0x27, 0xBF, 0x49, 0x6A, 0x98, 0x32,
	0x3F, 0xBB, 0xB9, 0x8A, 0x98, 0xD5, 0xC7, 0x3E, 0x4D, 0xDF, 0x92, 0xB3,
	0xE0, 0xF5, 0xF2, 0xBA, 0x5B, 0xE9, 0xB2, 0x8A, 0xCF, 0x37, 0xA8, 0xF1,
	0x85, 0x1D, 0xFC, 0xFD, 0x3F, 0xEF, 0xB1, 0x57, 0x2D, 0xCD, 0x7F, 0x00,
	0x80, 0x00, 0x09, 0xC9, 0xB1, 0xEA, 0x9D, 0x4E, 0xC9, 0x2A, 0x65, 0x95,
	0xAA, 0x5D, 0x1D, 0x48, 0x72, 0x1D, 0x2A, 0x4D, 0x0C, 0x60, 0x90, 0x31,
	0x99, 0x74, 0x7C, 0xCE, 0x55, 0xB9, 0x2A, 0x35, 0x8E, 0x87, 0x1A, 0xE9,
	0xBC, 0xD5, 0xB3, 0xCA, 0x94, 0x99, 0xEF, 0x4D, 0x3A, 0x4D, 0xA8, 0x40,
	0x6C, 0xE0, 0x19, 0x56, 0x16, 0x49, 0x9D, 0xA2, 0xC7, 0xA9, 0x25, 0x50,
	0xE0, 0xA9, 0x98, 0xB2, 0xD6, 0xCC, 0xB2, 0xE2, 0x5B, 0x62, 0xD6, 0x19,
	0x62, 0xDD, 0x4A, 0x1A, 0x9E, 0x69, 0x01, 0xE0, 0xA8, 0x22, 0x3A, 0x4B,
	0x52, 0x50, 0x45, 0xDB, 0x6A, 0xF7, 0x45, 0xC5, 0xC7, 0x30, 0xE9, 0x89,
	0xFA, 0x7D, 0x38, 0x98, 0x06, 0x88, 0x54, 0xEA, 0xE3, 0x37, 0x74, 0x54,
	0xAA, 0x9D, 0x43, 0xA8, 0xAC, 0x61, 0x10, 0x1C, 0xCA, 0xED, 0x3B, 0xCE,
	0xD5, 0x2B, 0x3A, 0xF3, 0x1E, 0x3C, 0xBD, 0x79, 0x8B, 0x38, 0xD5, 0xEC,
	0xFA, 0xB2, 0xB1, 0xD6, 0x74, 0xBD, 0xBF, 0xEE, 0x94, 0x54, 0x61, 0xB3,
	0x7D, 0xF3, 0xCB, 0x64, 0xB0, 0x15, 0x8E, 0x7B, 0x4B, 0x2D, 0x95, 0xBA,
	0xAB, 0x1F, 0xA8, 0x90, 0x6B, 0x4D, 0x4C, 0x41, 0x4D, 0x45, 0x33, 0x2E,
	0x39, 0x39, 0x2E, 0x35, 0x55, 0x55, 0x55, 0x55, 0x55, 0x55, 0x55, 0x55,
	0x55, 0x55, 0x55, 0x55, 0x55, 0x55, 0x55, 0x55, 0x55, 0x55, 0x55, 0x55,
	0x55, 0x55, 0x55, 0x55, 0x55, 0x55, 0x55, 0x55, 0x55, 0x55, 0x55, 0x55,
	0x55, 0x55, 0x55, 0x55, 0x55, 0x55, 0x55, 0x55, 0x55, 0x55, 0x55, 0x55,
	0x55, 0x55, 0x55, 0x55, 0x55, 0x55, 0x55, 0x55, 0x55, 0x55, 0x55, 0x55,
	0x55, 0x55, 0x55, 0x55, 0x55, 0x55, 0x55, 0x55, 0x55, 0x55, 0x55, 0x55,
	0x55, 0x55, 0x55, 0x55, 0x55, 0x55, 0x55, 0x55, 0x55, 0x55, 0x55, 0x55,
	0x55, 0x55, 0x55, 0x55, 0x55, 0xFF, 0xFB, 0x90, 0x64, 0xE6, 0x80, 0x73,
	0x3A, 0x67, 0x40, 0xAA, 0x08, 0x1B, 0x72, 0x64, 0x08, 0x98, 0x00, 0x15,
	0xE8, 0x5C, 0x4A, 0x08, 0xCF, 0x02, 0xA6, 0x94, 0x4B, 0x81, 0x48, 0xA3,
	0xE0, 0x54, 0x35, 0x9D, 0x70, 0x55, 0x55, 0x55, 0x55, 0x55, 0x55, 0x55,
	0x55, 0x55, 0x55, 0x55, 0x55, 0x55, 0x55, 0x55, 0x55, 0x55, 0x55, 0x55,
	0x55, 0x55, 0x55, 0x55, 0x55, 0x55, 0x55, 0x55, 0x55, 0x55, 0x55, 0x55,
	0x55, 0x55, 0x55, 0x55, 0x55, 0x55, 0x55, 0x55, 0x55, 0x55, 0x55, 0x55,
	0x55, 0x55, 0x55, 0x55, 0x55, 0x55, 0x55, 0x55, 0x55, 0x55, 0x55, 0x55,
	0x55, 0x55, 0x01, 0x44, 0xB4, 0x03, 0xEA, 0xF6, 0x5F, 0xA6, 0x71, 0xFF,
	0xFB, 0x2E, 0xDB, 0x9F, 0xBE, 0x12, 0x3A, 0xD1, 0x24, 0x5A, 0x92, 0x7C,
	0x44, 0x90, 0x92, 0x0B, 0x55, 0x4B, 0x4F, 0xFA, 0x4C, 0x16, 0x8C, 0xD4,
	0x9A, 0x93, 0x10, 0x10, 0x50, 0x83, 0x80, 0x82, 0x1C, 0x04, 0x1A, 0x1A,
	0xCB, 0xFF, 0xEB, 0x0D, 0x61, 0x9D, 0xDA, 0x94, 0x35, 0x0B, 0x0C, 0x4B,
	0x0E, 0x2B, 0x37, 0xA5, 0x94, 0xD4, 0x53, 0x15, 0x45, 0x29, 0xAD, 0xA2,
	0x26, 0xAF, 0xEC, 0x94, 0xBF, 0x64, 0x57, 0x77, 0xFF, 0xD5, 0xFF, 0xA2,
	0x89, 0x65, 0x24, 0x96, 0xA5, 0xBF, 0xFF, 0xFF, 0x45, 0x66, 0x7F, 0xF6,
	0x42, 0xA8, 0xAE, 0xD8, 0x70, 0x00, 0x42, 0x63, 0x73, 0xDC, 0xB7, 0xD7,
	0x27, 0x72, 0xF9, 0x4F, 0x8D, 0xB5, 0xE7, 0xB6, 0x9B, 0x04, 0x9B, 0x67,
	0xFC, 0xA7, 0x9D, 0x05, 0x14, 0x98, 0x4B, 0x6B, 0xE7, 0x4B, 0x19, 0x58,
	0xA4, 0x32, 0xB2, 0x18, 0xE1, 0xD1, 0xA0, 0xA0, 0x30, 0x98, 0xA9, 0x9F,
	0xD5, 0x8C, 0xAD, 0xEE, 0xA5, 0x47, 0x2F, 0x99, 0x4B, 0x32, 0xE5, 0x20,
	0xB0, 0xD6, 0x2A, 0xFF, 0xFF, 0xB9, 0xA3, 0x4D, 0x2A, 0x54, 0x91, 0x52,
	0x4F, 0x7F, 0xBF, 0xB7, 0xFE, 0xFF, 0x12, 0xA2, 0xC7, 0x2C, 0xB1, 0xFF,
	0x26, 0x8B, 0xFF, 0xF9, 0x31, 0xD3, 0x1C, 0xF8, 0xB2, 0x8A, 0x34, 0xE3,
	0x5B, 0x90, 0xAB, 0x0D, 0xAA, 0x4C, 0x41, 0x4D, 0x45, 0x33, 0x2E, 0x39,
	0x39, 0x2E, 0x35, 0xAA, 0xAA, 0xAA, 0xAA, 0xAA, 0xAA, 0xAA, 0xAA, 0xAA,
	0xAA, 0xAA, 0xAA, 0xAA, 0xAA, 0xAA, 0xAA, 0xAA, 0xAA, 0xAA, 0xAA, 0xAA,
	0xAA, 0xAA, 0xAA, 0xAA, 0xAA, 0xAA, 0xAA, 0xAA, 0xAA, 0xAA, 0xAA, 0xAA,
	0xAA, 0xAA, 0xAA, 0xAA, 0xAA, 0xAA, 0xAA, 0xAA, 0xAA, 0xAA, 0xAA, 0xAA,
	0xAA, 0xAA, 0xAA, 0xAA, 0xAA, 0xAA, 0xAA, 0xAA, 0xAA, 0xAA, 0xAA, 0xAA,
	0xAA, 0xAA, 0xAA, 0xAA, 0xAA, 0xAA, 0xAA, 0xAA, 0xAA, 0xAA, 0xAA, 0xAA,
	0xAA, 0xAA, 0xAA, 0xAA, 0xAA, 0xAA, 0xAA, 0xAA, 0xAA, 0xAA, 0xAA, 0xAA,
	0xAA, 0xAA, 0xAA, 0xAA, 0xAA, 0xAA, 0xAA, 0xAA, 0xAA, 0xAA, 0xAA, 0xAA,
	0xAA, 0xAA, 0xAA, 0xAA, 0xAA, 0xAA, 0xAA, 0xAA, 0xAA, 0xAA, 0xAA, 0xAA,
	0xAA, 0xAA, 0xAA, 0xAA, 0xAA, 0xAA, 0xAA, 0xAA, 0xAA, 0xAA, 0xAA, 0xAA,
	0xAA, 0xAA, 0xFF, 0xFB, 0x92, 0x44, 0xA2, 0x0F, 0xF3, 0x0D, 0x34, 0x39,
	0x01, 0x86, 0x1A, 0xE2, 0x60, 0x86, 0xA7, 0x65, 0x30, 0xC5, 0x5C, 0x40,
	0x00, 0x01, 0xA4, 0x00, 0x00, 0x00, 0x20, 0x00, 0x00, 0x34, 0x80, 0x00,
	0x00, 0x04, 0xAA, 0xAA, 0xAA, 0xAA, 0xAA, 0xAA, 0xAA, 0xAA, 0xAA, 0xAA,
	0xAA, 0xAA, 0xAA, 0xAA, 0xAA, 0xAA, 0xAA, 0xAA, 0xAA, 0xAA, 0xAA, 0xAA,
	0xAA, 0xAA, 0xAA, 0xAA, 0xAA, 0xAA, 0xAA, 0xAA, 0xAA, 0xAA, 0xAA, 0xAA,
	0xAA, 0xAA, 0xAA, 0xAA, 0xAA, 0xAA, 0xAA, 0xAA, 0xAA, 0xAA, 0xAA, 0xAA,
	0xAA, 0xAA, 0xAA, 0xAA, 0xAA, 0xAA, 0xAA, 0xAA, 0xAA, 0xAA, 0xAA, 0xAA,
	0xAA, 0xAA, 0xAA, 0xAA, 0xAA, 0xAA, 0xAA, 0xAA, 0xAA, 0xAA, 0xAA, 0xAA,
	0xAA, 0xAA, 0xAA, 0xAA, 0xAA, 0xAA, 0xAA, 0xAA, 0xAA, 0xAA, 0xAA, 0xAA,
	0xAA, 0xAA, 0xAA, 0xAA, 0xAA, 0xAA, 0xAA, 0xAA, 0xAA, 0xAA, 0xAA, 0xAA,
	0xAA, 0xAA, 0xAA, 0xAA, 0xAA, 0xAA, 0xAA, 0xAA, 0xAA, 0xAA, 0xAA, 0xAA,
	0xAA, 0xAA, 0xAA, 0xAA, 0xAA, 0xAA, 0xAA, 0xAA, 0xAA, 0xAA, 0xAA, 0xAA,
	0xAA, 0xAA, 0xAA, 0xAA, 0xAA, 0xAA, 0xAA, 0xAA, 0xAA, 0xAA, 0xAA, 0xAA,
	0xAA, 0xAA, 0xAA, 0xAA, 0xAA, 0xAA, 0xAA, 0xAA, 0xAA, 0xAA, 0xAA, 0xAA,
	0xAA, 0xAA, 0xAA, 0xAA, 0xAA, 0xAA, 0xAA, 0xAA, 0xAA, 0xAA, 0xAA, 0xAA,
	0xAA, 0xAA, 0xAA, 0xAA, 0xAA, 0xAA, 0xAA, 0xAA, 0xAA, 0xAA, 0xAA, 0xAA,
	0xAA, 0xAA, 0xAA, 0xAA, 0xAA, 0xAA, 0xAA, 0xAA, 0xAA, 0xAA, 0xAA, 0xAA,
	0xAA, 0xAA, 0xAA, 0xAA, 0xAA, 0xAA, 0xAA, 0xAA, 0xAA, 0xAA, 0xAA, 0xAA,
	0xAA, 0xAA, 0xAA, 0xAA, 0xAA, 0xAA, 0xAA, 0xAA, 0xAA, 0xAA, 0xAA, 0xAA,
	0xAA, 0xAA, 0xAA, 0xAA, 0xAA, 0xAA, 0xAA, 0xAA, 0xAA, 0xAA, 0xAA, 0xAA,
	0xAA, 0xAA, 0xAA, 0xAA, 0xAA, 0xAA, 0xAA, 0xAA, 0xAA, 0xAA, 0xAA, 0xAA,
	0xAA, 0xAA, 0xAA, 0xAA, 0xAA, 0xAA, 0xAA, 0xAA, 0xAA, 0xAA, 0xAA, 0xAA,
	0xAA, 0xAA, 0xAA, 0xAA, 0xAA, 0xAA, 0xAA, 0xAA, 0xAA, 0xAA, 0xAA, 0xAA,
	0xAA, 0xAA, 0xAA, 0x4C, 0x41, 0x4D, 0x45, 0x33, 0x2E, 0x39, 0x39, 0x2E,
	0x35, 0xAA, 0xAA, 0xAA, 0xAA, 0xAA, 0xAA, 0xAA, 0xAA, 0xAA, 0xAA, 0xAA,
	0xAA, 0xAA, 0xAA, 0xAA, 0xAA, 0xAA, 0xAA, 0xAA, 0xAA, 0xAA, 0xAA, 0xAA,
	0xAA, 0xAA, 0xAA, 0xAA, 0xAA, 0xAA, 0xAA, 0xAA, 0xAA, 0xAA, 0xAA, 0xAA,
	0xAA, 0xAA, 0xAA, 0xAA, 0xAA, 0xAA, 0xAA, 0xAA, 0xAA, 0xAA, 0xAA, 0xAA,
	0xAA, 0xAA, 0xAA, 0xAA, 0xAA, 0xAA, 0xAA, 0xAA, 0xAA, 0xAA, 0xAA, 0xAA,
	0xAA, 0xAA, 0xAA, 0xAA, 0xAA, 0xAA, 0xAA, 0xAA, 0xAA, 0xAA, 0xAA, 0xAA,
	0xAA, 0xAA, 0xAA, 0xAA, 0xAA, 0xAA, 0xAA, 0xAA, 0xAA, 0xAA, 0xAA, 0xAA,
	0xAA, 0xAA, 0xAA, 0xAA, 0xAA, 0xAA, 0xAA, 0xAA, 0xAA, 0xAA, 0xAA, 0xAA,
	0xAA, 0xAA, 0xAA, 0xAA, 0xAA, 0xAA, 0xAA, 0xAA, 0xAA, 0xAA, 0xAA, 0xAA,
	0xAA, 0xAA, 0xAA, 0xAA, 0xAA, 0xAA, 0xAA, 0xAA, 0xAA, 0xAA, 0xAA, 0xAA,
	0xFF, 0xFB, 0x92, 0x64, 0x40, 0x8F, 0xF0, 0x00, 0x00, 0x69, 0x00, 0x00,
	0x00, 0x08, 0x00, 0x00, 0x0D, 0x20, 0x00, 0x00, 0x01, 0x00, 0x00, 0x01,
	0xA4, 0x00, 0x00, 0x00, 0x20, 0x00, 0x00, 0x34, 0x80, 0x00, 0x00, 0x04,
	0xAA, 0xAA, 0xAA, 0xAA, 0xAA, 0xAA, 0xAA, 0xAA, 0xAA, 0xAA, 0xAA, 0xAA,
	0xAA, 0xAA, 0xAA, 0xAA, 0xAA, 0xAA, 0xAA, 0xAA, 0xAA, 0xAA, 0xAA, 0xAA,
	0xAA, 0xAA, 0xAA, 0xAA, 0xAA, 0xAA, 0xAA, 0xAA, 0xAA, 0xAA, 0xAA, 0xAA,
	0xAA, 0xAA, 0xAA, 0xAA, 0xAA, 0xAA, 0xAA, 0xAA, 0xAA, 0xAA, 0xAA, 0xAA,
	0xAA, 0xAA, 0xAA, 0xAA, 0xAA, 0xAA, 0xAA, 0xAA, 0xAA, 0xAA, 0xAA, 0xAA,
	0xAA, 0xAA, 0xAA, 0xAA, 0xAA, 0xAA, 0xAA, 0xAA, 0xAA, 0xAA, 0xAA, 0xAA,
	0xAA, 0xAA, 0xAA, 0xAA, 0xAA, 0xAA, 0xAA, 0xAA, 0xAA, 0xAA, 0xAA, 0xAA,
	0xAA, 0xAA, 0xAA, 0xAA, 0xAA, 0xAA, 0xAA, 0xAA, 0xAA, 0xAA, 0xAA, 0xAA,
	0xAA, 0xAA, 0xAA, 0xAA, 0xAA, 0xAA, 0xAA, 0xAA, 0xAA, 0xAA, 0xAA, 0xAA,
	0xAA, 0xAA, 0xAA, 0xAA, 0xAA, 0xAA, 0xAA, 0xAA, 0xAA, 0xAA, 0xAA, 0xAA,
	0xAA, 0xAA, 0xAA, 0xAA, 0xAA, 0xAA, 0xAA, 0xAA, 0xAA, 0xAA, 0xAA, 0xAA,
	0xAA, 0xAA, 0xAA, 0xAA, 0xAA, 0xAA, 0xAA, 0xAA, 0xAA, 0xAA, 0xAA, 0xAA,
	0xAA, 0xAA, 0xAA, 0xAA, 0xAA, 0xAA, 0xAA, 0xAA, 0xAA, 0xAA, 0xAA, 0xAA,
	0xAA, 0xAA, 0xAA, 0xAA, 0xAA, 0xAA, 0xAA, 0xAA, 0xAA, 0xAA, 0xAA, 0xAA,
	0xAA, 0xAA, 0xAA, 0xAA, 0xAA, 0xAA, 0xAA, 0xAA, 0xAA, 0xAA, 0xAA, 0xAA,
	0xAA, 0xAA, 0xAA, 0xAA, 0xAA, 0xAA, 0xAA, 0xAA, 0xAA, 0xAA, 0xAA, 0xAA,
	0xAA, 0xAA, 0xAA, 0xAA, 0xAA, 0xAA, 0xAA, 0xAA, 0xAA, 0xAA, 0xAA, 0xAA,
	0xAA, 0xAA, 0xAA, 0xAA, 0xAA, 0xAA, 0xAA, 0xAA, 0xAA, 0xAA, 0xAA, 0xAA,
	0xAA, 0xAA, 0xAA, 0xAA, 0xAA, 0xAA, 0xAA, 0xAA, 0xAA, 0xAA, 0xAA, 0xAA,
	0xAA, 0xAA, 0xAA, 0xAA, 0xAA, 0xAA, 0xAA, 0xAA, 0xAA, 0xAA, 0xAA, 0xAA,
	0xAA, 0xAA, 0xAA, 0xAA, 0xAA, 0xAA, 0xAA, 0xAA, 0xAA, 0xAA, 0xAA, 0xAA,
	0xAA, 0x4C, 0x41, 0x4D, 0x45, 0x33, 0x2E, 0x39, 0x39, 0x2E, 0x35, 0xAA,
	0xAA, 0xAA, 0xAA, 0xAA, 0xAA, 0xAA, 0xAA, 0xAA, 0xAA, 0xAA, 0xAA, 0xAA,
	0xAA, 0xAA, 0xAA, 0xAA, 0xAA, 0xAA, 0xAA, 0xAA, 0xAA, 0xAA, 0xAA, 0xAA,
	0xAA, 0xAA, 0xAA, 0xAA, 0xAA, 0xAA, 0xAA, 0xAA, 0xAA, 0xAA, 0xAA, 0xAA,
	0xAA, 0xAA, 0xAA, 0xAA, 0xAA, 0xAA, 0xAA, 0xAA, 0xAA, 0xAA, 0xAA, 0xAA,
	0xAA, 0xAA, 0xAA, 0xAA, 0xAA, 0xAA, 0xAA, 0xAA, 0xAA, 0xAA, 0xAA, 0xAA,
	0xAA, 0xAA, 0xAA, 0xAA, 0xAA, 0xAA, 0xAA, 0xAA, 0xAA, 0xAA, 0xAA, 0xAA,
	0xAA, 0xAA, 0xAA, 0xAA, 0xAA, 0xAA, 0xAA, 0xAA, 0xAA, 0xAA, 0xAA, 0xAA,
	0xAA, 0xAA, 0xAA, 0xAA, 0xAA, 0xAA, 0xAA, 0xAA, 0xAA, 0xAA, 0xAA, 0xAA,
	0xAA, 0xAA, 0xAA, 0xAA, 0xAA, 0xAA, 0xAA, 0xAA, 0xAA, 0xAA, 0xAA, 0xAA,
	0xAA, 0xAA, 0xAA, 0xAA, 0xAA, 0xAA, 0xAA, 0xAA, 0xAA, 0xAA, 0xFF, 0xFB,
	0x92, 0x64, 0x40, 0x8F, 0xF0, 0x00, 0x00, 0x69, 0x00, 0x00, 0x00, 0x08,
	0x00, 0x00, 0x0D, 0x20, 0x00, 0x00, 0x01, 0x00, 0x00, 0x01, 0xA4, 0x00,
	0x00, 0x00, 0x20, 0x00, 0x00, 0x34, 0x80, 0x00, 0x00, 0x04, 0xAA, 0xAA,
	0xAA, 0xAA, 0xAA, 0xAA, 0xAA, 0xAA, 0xAA, 0xAA, 0xAA, 0xAA, 0xAA, 0xAA,
	0xAA, 0xAA, 0xAA, 0xAA, 0xAA, 0xAA, 0xAA, 0xAA, 0xAA, 0xAA, 0xAA, 0xAA,
	0xAA, 0xAA, 0xAA, 0xAA, 0xAA, 0xAA, 0xAA, 0xAA, 0xAA, 0xAA, 0xAA, 0xAA,
	0xAA, 0xAA, 0xAA, 0xAA, 0xAA, 0xAA, 0xAA, 0xAA, 0xAA, 0xAA, 0xAA, 0xAA,
	0xAA, 0xAA, 0xAA, 0xAA, 0xAA, 0xAA, 0xAA, 0xAA, 0xAA, 0xAA, 0xAA, 0xAA,
	0xAA, 0xAA, 0xAA, 0xAA, 0xAA, 0xAA, 0xAA, 0xAA, 0xAA, 0xAA, 0xAA, 0xAA,
	0xAA, 0xAA, 0xAA, 0xAA, 0xAA, 0xAA, 0xAA, 0xAA, 0xAA, 0xAA, 0xAA, 0xAA,
	0xAA, 0xAA, 0xAA, 0xAA, 0xAA, 0xAA, 0xAA, 0xAA, 0xAA, 0xAA, 0xAA, 0xAA,
	0xAA, 0xAA, 0xAA, 0xAA, 0xAA, 0xAA, 0xAA, 0xAA, 0xAA, 0xAA, 0xAA, 0xAA,
	0xAA, 0xAA, 0xAA, 0xAA, 0xAA, 0xAA, 0xAA, 0xAA, 0xAA, 0xAA, 0xAA, 0xAA,
	0xAA, 0xAA, 0xAA, 0xAA, 0xAA, 0xAA, 0xAA, 0xAA, 0xAA, 0xAA, 0xAA, 0xAA,
	0xAA, 0xAA, 0xAA, 0xAA, 0xAA, 0xAA, 0xAA, 0xAA, 0xAA, 0xAA, 0xAA, 0xAA,
	0xAA, 0xAA, 0xAA, 0xAA, 0xAA, 0xAA, 0xAA, 0xAA, 0xAA, 0xAA, 0xAA, 0xAA,
	0xAA, 0xAA, 0xAA, 0xAA, 0xAA, 0xAA, 0xAA, 0xAA, 0xAA, 0xAA, 0xAA, 0xAA,
	0xAA, 0xAA, 0xAA, 0xAA, 0xAA, 0xAA, 0xAA, 0xAA, 0xAA, 0xAA, 0xAA, 0xAA,
	0xAA, 0xAA, 0xAA, 0xAA, 0xAA, 0xAA, 0xAA, 0xAA, 0xAA, 0xAA, 0xAA, 0xAA,
	0xAA, 0xAA, 0xAA, 0xAA, 0xAA, 0xAA, 0xAA, 0xAA, 0xAA, 0xAA, 0xAA, 0xAA,
	0xAA, 0xAA, 0xAA, 0xAA, 0xAA, 0xAA, 0xAA, 0xAA, 0xAA, 0xAA, 0xAA, 0xAA,
	0xAA, 0xAA, 0xAA, 0xAA, 0xAA, 0xAA, 0xAA, 0xAA, 0xAA, 0xAA, 0xAA, 0xAA,
	0xAA, 0xAA, 0xAA, 0xAA, 0xAA, 0xAA, 0xAA, 0xAA, 0xAA, 0xAA, 0xAA, 0xAA,
	0xAA, 0xAA, 0xAA, 0xAA, 0xAA, 0xAA, 0xAA, 0xAA, 0xAA, 0xAA, 0xAA, 0x4C,
	0x41, 0x4D, 0x45, 0x33, 0x2E, 0x39, 0x39, 0x2E, 0x35, 0xAA, 0xAA, 0xAA,
	0xAA, 0xAA, 0xAA, 0xAA, 0xAA, 0xAA, 0xAA, 0xAA, 0xAA, 0xAA, 0xAA, 0xAA,
	0xAA, 0xAA, 0xAA, 0xAA, 0xAA, 0xAA, 0xAA, 0xAA, 0xAA, 0xAA, 0xAA, 0xAA,
	0xAA, 0xAA, 0xAA, 0xAA, 0xAA, 0xAA, 0xAA, 0xAA, 0xAA, 0xAA, 0xAA, 0xAA,
	0xAA, 0xAA, 0xAA, 0xAA, 0xAA, 0xAA, 0xAA, 0xAA, 0xAA, 0xAA, 0xAA, 0xAA,
	0xAA, 0xAA, 0xAA, 0xAA, 0xAA, 0xAA, 0xAA, 0xAA, 0xAA, 0xAA, 0xAA, 0xAA,
	0xAA, 0xAA, 0xAA, 0xAA, 0xAA, 0xAA, 0xAA, 0xAA, 0xAA, 0xAA, 0xAA, 0xAA,
	0xAA, 0xAA, 0xAA, 0xAA, 0xAA, 0xAA, 0xAA, 0xAA, 0xAA, 0xAA, 0xAA, 0xAA,
	0xAA, 0xAA, 0xAA, 0xAA, 0xAA, 0xAA, 0xAA, 0xAA, 0xAA, 0xAA, 0xAA, 0xAA,
	0xAA, 0xAA, 0xAA, 0xAA, 0xAA, 0xAA, 0xAA, 0xAA, 0xAA, 0xAA, 0xAA, 0xAA,
	0xAA, 0xAA, 0xAA, 0xAA, 0xAA, 0xAA, 0xAA, 0xAA, 0xFF, 0xFB, 0x92, 0x64,
	0x40, 0x8F, 0xF0, 0x00, 0x00, 0x69, 0x00, 0x00, 0x00, 0x08, 0x00, 0x00,
	0x0D, 0x20, 0x00, 0x00, 0x01, 0x00, 0x00, 0x01, 0xA4, 0x00, 0x00, 0x00,
	0x20, 0x00, 0x00, 0x34, 0x80, 0x00, 0x00, 0x04, 0xAA, 0xAA, 0xAA, 0xAA,
	0xAA, 0xAA, 0xAA, 0xAA, 0xAA, 0xAA, 0xAA, 0xAA, 0xAA, 0xAA, 0xAA, 0xAA,
	0xAA, 0xAA, 0xAA, 0xAA, 0xAA, 0xAA, 0xAA, 0xAA, 0xAA, 0xAA, 0xAA, 0xAA,
	0xAA, 0xAA, 0xAA, 0xAA, 0xAA, 0xAA, 0xAA, 0xAA, 0xAA, 0xAA, 0xAA, 0xAA,
	0xAA, 0xAA, 0xAA, 0xAA, 0xAA, 0xAA, 0xAA, 0xAA, 0xAA, 0xAA, 0xAA, 0xAA,
	0xAA, 0xAA, 0xAA, 0xAA, 0xAA, 0xAA, 0xAA, 0xAA, 0xAA, 0xAA, 0xAA, 0xAA,
	0xAA, 0xAA, 0xAA, 0xAA, 0xAA, 0xAA, 0xAA, 0xAA, 0xAA, 0xAA, 0xAA, 0xAA,
	0xAA, 0xAA, 0xAA, 0xAA, 0xAA, 0xAA, 0xAA, 0xAA, 0xAA, 0xAA, 0xAA, 0xAA,
	0xAA, 0xAA, 0xAA, 0xAA, 0xAA, 0xAA, 0xAA, 0xAA, 0xAA, 0xAA, 0xAA, 0xAA,
	0xAA, 0xAA, 0xAA, 0xAA, 0xAA, 0xAA, 0xAA, 0xAA, 0xAA, 0xAA, 0xAA, 0xAA,
	0xAA, 0xAA, 0xAA, 0xAA, 0xAA, 0xAA, 0xAA, 0xAA, 0xAA, 0xAA, 0xAA, 0xAA,
	0xAA, 0xAA, 0xAA, 0xAA, 0xAA, 0xAA, 0xAA, 0xAA, 0xAA, 0xAA, 0xAA, 0xAA,
	0xAA, 0xAA, 0xAA, 0xAA, 0xAA, 0xAA, 0xAA, 0xAA, 0xAA, 0xAA, 0xAA, 0xAA,
	0xAA, 0xAA, 0xAA, 0xAA, 0xAA, 0xAA, 0xAA, 0xAA, 0xAA, 0xAA, 0xAA, 0xAA,
	0xAA, 0xAA, 0xAA, 0xAA, 0xAA, 0xAA, 0xAA, 0xAA, 0xAA, 0xAA, 0xAA, 0xAA,
	0xAA, 0xAA, 0xAA, 0xAA, 0xAA, 0xAA, 0xAA, 0xAA, 0xAA, 0xAA, 0xAA, 0xAA,
	0xAA, 0xAA, 0xAA, 0xAA, 0xAA, 0xAA, 0xAA, 0xAA, 0xAA, 0xAA, 0xAA, 0xAA,
	0xAA, 0xAA, 0xAA, 0xAA, 0xAA, 0xAA, 0xAA, 0xAA, 0xAA, 0xAA, 0xAA, 0xAA,
	0xAA, 0xAA, 0xAA, 0xAA, 0xAA, 0xAA, 0xAA, 0xAA, 0xAA, 0xAA, 0xAA, 0xAA,
	0xAA, 0xAA, 0xAA, 0xAA, 0xAA, 0xAA, 0xAA, 0xAA, 0xAA, 0xAA, 0xAA, 0xAA,
	0xAA, 0xAA, 0xAA, 0xAA, 0xAA, 0xAA, 0xAA, 0xAA, 0xAA, 0xAA, 0xAA, 0xAA,
	0xAA, 0xAA, 0xAA, 0xAA, 0xAA, 0xAA, 0xAA, 0xAA, 0xAA, 0x4C, 0x41, 0x4D,
	0x45, 0x33, 0x2E, 0x39, 0x39, 0x2E, 0x35, 0xAA, 0xAA, 0xAA, 0xAA, 0xAA,
	0xAA, 0xAA, 0xAA, 0xAA, 0xAA, 0xAA, 0xAA, 0xAA, 0xAA, 0xAA, 0xAA, 0xAA,
	0xAA, 0xAA, 0xAA, 0xAA, 0xAA, 0xAA, 0xAA, 0xAA, 0xAA, 0xAA, 0xAA, 0xAA,
	0xAA, 0xAA, 0xAA, 0xAA, 0xAA, 0xAA, 0xAA, 0xAA, 0xAA, 0xAA, 0xAA, 0xAA,
	0xAA, 0xAA, 0xAA, 0xAA, 0xAA, 0xAA, 0xAA, 0xAA, 0xAA, 0xAA, 0xAA, 0xAA,
	0xAA, 0xAA, 0xAA, 0xAA, 0xAA, 0xAA, 0xAA, 0xAA, 0xAA, 0xAA, 0xAA, 0xAA,
	0xAA, 0xAA, 0xAA, 0xAA, 0xAA, 0xAA, 0xAA, 0xAA, 0xAA, 0xAA, 0xAA, 0xAA,
	0xAA, 0xAA, 0xAA, 0xAA, 0xAA, 0xAA, 0xAA, 0xAA, 0xAA, 0xAA, 0xAA, 0xAA,
	0xAA, 0xAA, 0xAA, 0xAA, 0xAA, 0xAA, 0xAA, 0xAA, 0xAA, 0xAA, 0xAA, 0xAA,
	0xAA, 0xAA, 0xAA, 0xAA, 0xAA, 0xAA, 0xAA, 0xAA, 0xAA, 0xAA, 0xAA, 0xAA,
	0xAA, 0xAA, 0xAA, 0xAA, 0xAA, 0xAA, 0xFF, 0xFB, 0x92, 0x64, 0x40, 0x8F,
	0xF0, 0x00, 0x00, 0x69, 0x00, 0x00, 0x00, 0x08, 0x00, 0x00, 0x0D, 0x20,
	0x00, 0x00, 0x01, 0x00, 0x00, 0x01, 0xA4, 0x00, 0x00, 0x00, 0x20, 0x00,
	0x00, 0x34, 0x80, 0x00, 0x00, 0x04, 0xAA, 0xAA, 0xAA, 0xAA, 0xAA, 0xAA,
	0xAA, 0xAA, 0xAA, 0xAA, 0xAA, 0xAA, 0xAA, 0xAA, 0xAA, 0xAA, 0xAA, 0xAA,
	0xAA, 0xAA, 0xAA, 0xAA, 0xAA, 0xAA, 0xAA, 0xAA, 0xAA, 0xAA, 0xAA, 0xAA,
	0xAA, 0xAA, 0xAA, 0xAA, 0xAA, 0xAA, 0xAA, 0xAA, 0xAA, 0xAA, 0xAA, 0xAA,
	0xAA, 0xAA, 0xAA, 0xAA, 0xAA, 0xAA, 0xAA, 0xAA, 0xAA, 0xAA, 0xAA, 0xAA,
	0xAA, 0xAA, 0xAA, 0xAA, 0xAA, 0xAA, 0xAA, 0xAA, 0xAA, 0xAA, 0xAA, 0xAA,
	0xAA, 0xAA, 0xAA, 0xAA, 0xAA, 0xAA, 0xAA, 0xAA, 0xAA, 0xAA, 0xAA, 0xAA,
	0xAA, 0xAA, 0xAA, 0xAA, 0xAA, 0xAA, 0xAA, 0xAA, 0xAA, 0xAA, 0xAA, 0xAA,
	0xAA, 0xAA, 0xAA, 0xAA, 0xAA, 0xAA, 0xAA, 0xAA, 0xAA, 0xAA, 0xAA, 0xAA,
	0xAA, 0xAA, 0xAA, 0xAA, 0xAA, 0xAA, 0xAA, 0xAA, 0xAA, 0xAA, 0xAA, 0xAA,
	0xAA, 0xAA, 0xAA, 0xAA, 0xAA, 0xAA, 0xAA, 0xAA, 0xAA, 0xAA, 0xAA, 0xAA,
	0xAA, 0xAA, 0xAA, 0xAA, 0xAA, 0xAA, 0xAA, 0xAA, 0xAA, 0xAA, 0xAA, 0xAA,
	0xAA, 0xAA, 0xAA, 0xAA, 0xAA, 0xAA, 0xAA, 0xAA, 0xAA, 0xAA, 0xAA, 0xAA,
	0xAA, 0xAA, 0xAA, 0xAA, 0xAA, 0xAA, 0xAA, 0xAA, 0xAA, 0xAA, 0xAA, 0xAA,
	0xAA, 0xAA, 0xAA, 0xAA, 0xAA, 0xAA, 0xAA, 0xAA, 0xAA, 0xAA, 0xAA, 0xAA,
	0xAA, 0xAA, 0xAA, 0xAA, 0xAA, 0xAA, 0xAA, 0xAA, 0xAA, 0xAA, 0xAA, 0xAA,
	0xAA, 0xAA, 0xAA, 0xAA, 0xAA, 0xAA, 0xAA, 0xAA, 0xAA, 0xAA, 0xAA, 0xAA,
	0xAA, 0xAA, 0xAA, 0xAA, 0xAA, 0xAA, 0xAA, 0xAA, 0xAA, 0xAA, 0xAA, 0xAA,
	0xAA, 0xAA, 0xAA, 0xAA, 0xAA, 0xAA, 0xAA, 0xAA, 0xAA, 0xAA, 0xAA, 0xAA,
	0xAA, 0xAA, 0xAA, 0xAA, 0xAA, 0xAA, 0xAA, 0xAA, 0xAA, 0xAA, 0xAA, 0xAA,
	0xAA, 0xAA, 0xAA, 0xAA, 0xAA, 0xAA, 0xAA, 0xAA, 0xAA, 0xAA, 0xAA, 0xAA,
	0xAA, 0xAA, 0xAA, 0xAA, 0xAA, 0xAA, 0xAA, 0x4C, 0x41, 0x4D, 0x45, 0x33,
	0x2E, 0x39, 0x39, 0x2E, 0x35, 0xAA, 0xAA, 0xAA, 0xAA, 0xAA, 0xAA, 0xAA,
	0xAA, 0xAA, 0xAA, 0xAA, 0xAA, 0xAA, 0xAA, 0xAA, 0xAA, 0xAA, 0xAA, 0xAA,
	0xAA, 0xAA, 0xAA, 0xAA, 0xAA, 0xAA, 0xAA, 0xAA, 0xAA, 0xAA, 0xAA, 0xAA,
	0xAA, 0xAA, 0xAA, 0xAA, 0xAA, 0xAA, 0xAA, 0xAA, 0xAA, 0xAA, 0xAA, 0xAA,
	0xAA, 0xAA, 0xAA, 0xAA, 0xAA, 0xAA, 0xAA, 0xAA, 0xAA, 0xAA, 0xAA, 0xAA,
	0xAA, 0xAA, 0xAA, 0xAA, 0xAA, 0xAA, 0xAA, 0xAA, 0xAA, 0xAA, 0xAA, 0xAA,
	0xAA, 0xAA, 0xAA, 0xAA, 0xAA, 0xAA, 0xAA, 0xAA, 0xAA, 0xAA, 0xAA, 0xAA,
	0xAA, 0xAA, 0xAA, 0xAA, 0xAA, 0xAA, 0xAA, 0xAA, 0xAA, 0xAA, 0xAA, 0xAA,
	0xAA, 0xAA, 0xAA, 0xAA, 0xAA, 0xAA, 0xAA, 0xAA, 0xAA, 0xAA, 0xAA, 0xAA,
	0xAA, 0xAA, 0xAA, 0xAA, 0xAA, 0xAA, 0xAA, 0xAA, 0xAA, 0xAA, 0xAA, 0xAA,
	0xAA, 0xAA, 0xAA, 0xAA, 0xFF, 0xFB, 0x92, 0x64, 0x40, 0x8F, 0xF0, 0x00,
	0x00, 0x69, 0x00, 0x00, 0x00, 0x08, 0x00, 0x00, 0x0D, 0x20, 0x00, 0x00,
	0x01, 0x00, 0x00, 0x01, 0xA4, 0x00, 0x00, 0x00, 0x20, 0x00, 0x00, 0x34,
	0x80, 0x00, 0x00, 0x04, 0xAA, 0xAA, 0xAA, 0xAA, 0xAA, 0xAA, 0xAA, 0xAA,
	0xAA, 0xAA, 0xAA, 0xAA, 0xAA, 0xAA, 0xAA, 0xAA, 0xAA, 0xAA, 0xAA, 0xAA,
	0xAA, 0xAA, 0xAA, 0xAA, 0xAA, 0xAA, 0xAA, 0xAA, 0xAA, 0xAA, 0xAA, 0xAA,
	0xAA, 0xAA, 0xAA, 0xAA, 0xAA, 0xAA, 0xAA, 0xAA, 0xAA, 0xAA, 0xAA, 0xAA,
	0xAA, 0xAA, 0xAA, 0xAA, 0xAA, 0xAA, 0xAA, 0xAA, 0xAA, 0xAA, 0xAA, 0xAA,
	0xAA, 0xAA, 0xAA, 0xAA, 0xAA, 0xAA, 0xAA, 0xAA, 0xAA, 0xAA, 0xAA, 0xAA,
	0xAA, 0xAA, 0xAA, 0xAA, 0xAA, 0xAA, 0xAA, 0xAA, 0xAA, 0xAA, 0xAA, 0xAA,
	0xAA, 0xAA, 0xAA, 0xAA, 0xAA, 0xAA, 0xAA, 0xAA, 0xAA, 0xAA, 0xAA, 0xAA,
	0xAA, 0xAA, 0xAA, 0xAA, 0xAA, 0xAA, 0xAA, 0xAA, 0xAA, 0xAA, 0xAA, 0xAA,
	0xAA, 0xAA, 0xAA, 0xAA, 0xAA, 0xAA, 0xAA, 0xAA, 0xAA, 0xAA, 0xAA, 0xAA,
	0xAA, 0xAA, 0xAA, 0xAA, 0xAA, 0xAA, 0xAA, 0xAA, 0xAA, 0xAA, 0xAA, 0xAA,
	0xAA, 0xAA, 0xAA, 0xAA, 0xAA, 0xAA, 0xAA, 0xAA, 0xAA, 0xAA, 0xAA, 0xAA,
	0xAA, 0xAA, 0xAA, 0xAA, 0xAA, 0xAA, 0xAA, 0xAA, 0xAA, 0xAA, 0xAA, 0xAA,
	0xAA, 0xAA, 0xAA, 0xAA, 0xAA, 0xAA, 0xAA, 0xAA, 0xAA, 0xAA, 0xAA, 0xAA,
	0xAA, 0xAA, 0xAA, 0xAA, 0xAA, 0xAA, 0xAA, 0xAA, 0xAA, 0xAA, 0xAA, 0xAA,
	0xAA, 0xAA, 0xAA, 0xAA, 0xAA, 0xAA, 0xAA, 0xAA, 0xAA, 0xAA, 0xAA, 0xAA,
	0xAA, 0xAA, 0xAA, 0xAA, 0xAA, 0xAA, 0xAA, 0xAA, 0xAA, 0xAA, 0xAA, 0xAA,
	0xAA, 0xAA, 0xAA, 0xAA, 0xAA, 0xAA, 0xAA, 0xAA, 0xAA, 0xAA, 0xAA, 0xAA,
	0xAA, 0xAA, 0xAA, 0xAA, 0xAA, 0xAA, 0xAA, 0xAA, 0xAA, 0xAA, 0xAA, 0xAA,
	0xAA, 0xAA, 0xAA, 0xAA, 0xAA, 0xAA, 0xAA, 0xAA, 0xAA, 0xAA, 0xAA, 0xAA,
	0xAA, 0xAA, 0xAA, 0xAA, 0xAA, 0xAA, 0xAA, 0xAA, 0xAA, 0xAA, 0xAA, 0xAA,
	0xAA, 0xAA, 0xAA, 0xAA, 0xAA, 0x4C, 0x41, 0x4D, 0x45, 0x33, 0x2E, 0x39,
	0x39, 0x2E, 0x35, 0xAA, 0xAA, 0xAA, 0xAA, 0xAA, 0xAA, 0xAA, 0xAA, 0xAA,
	0xAA, 0xAA, 0xAA, 0xAA, 0xAA, 0xAA, 0xAA, 0xAA, 0xAA, 0xAA, 0xAA, 0xAA,
	0xAA, 0xAA, 0xAA, 0xAA, 0xAA, 0xAA, 0xAA, 0xAA, 0xAA, 0xAA, 0xAA, 0xAA,
	0xAA, 0xAA, 0xAA, 0xAA, 0xAA, 0xAA, 0xAA, 0xAA, 0xAA, 0xAA, 0xAA, 0xAA,
	0xAA, 0xAA, 0xAA, 0xAA, 0xAA, 0xAA, 0xAA, 0xAA, 0xAA, 0xAA, 0xAA, 0xAA,
	0xAA, 0xAA, 0xAA, 0xAA, 0xAA, 0xAA, 0xAA, 0xAA, 0xAA, 0xAA, 0xAA, 0xAA,
	0xAA, 0xAA, 0xAA, 0xAA, 0xAA, 0xAA, 0xAA, 0xAA, 0xAA, 0xAA, 0xAA, 0xAA,
	0xAA, 0xAA, 0xAA, 0xAA, 0xAA, 0xAA, 0xAA, 0xAA, 0xAA, 0xAA, 0xAA, 0xAA,
	0xAA, 0xAA, 0xAA, 0xAA, 0xAA, 0xAA, 0xAA, 0xAA, 0xAA, 0xAA, 0xAA, 0xAA,
	0xAA, 0xAA, 0xAA, 0xAA, 0xAA, 0xAA, 0xAA, 0xAA, 0xAA, 0xAA, 0xAA, 0xAA,
	0xAA, 0xAA, 0xFF, 0xFB, 0x92, 0x64, 0x40, 0x8F, 0xF0, 0x00, 0x00, 0x69,
	0x00, 0x00, 0x00, 0x08, 0x00, 0x00, 0x0D, 0x20, 0x00, 0x00, 0x01, 0x00,
	0x00, 0x01, 0xA4, 0x00, 0x00, 0x00, 0x20, 0x00, 0x00, 0x34, 0x80, 0x00,
	0x00, 0x04, 0xAA, 0xAA, 0xAA, 0xAA, 0xAA, 0xAA, 0xAA, 0xAA, 0xAA, 0xAA,
	0xAA, 0xAA, 0xAA, 0xAA, 0xAA, 0xAA, 0xAA, 0xAA, 0xAA, 0xAA, 0xAA, 0xAA,
	0xAA, 0xAA, 0xAA, 0xAA, 0xAA, 0xAA, 0xAA, 0xAA, 0xAA, 0xAA, 0xAA, 0xAA,
	0xAA, 0xAA, 0xAA, 0xAA, 0xAA, 0xAA, 0xAA, 0xAA, 0xAA, 0xAA, 0xAA, 0xAA,
	0xAA, 0xAA, 0xAA, 0xAA, 0xAA, 0xAA, 0xAA, 0xAA, 0xAA, 0xAA, 0xAA, 0xAA,
	0xAA, 0xAA, 0xAA, 0xAA, 0xAA, 0xAA, 0xAA, 0xAA, 0xAA, 0xAA, 0xAA, 0xAA,
	0xAA, 0xAA, 0xAA, 0xAA, 0xAA, 0xAA, 0xAA, 0xAA, 0xAA, 0xAA, 0xAA, 0xAA,
	0xAA, 0xAA, 0xAA, 0xAA, 0xAA, 0xAA, 0xAA, 0xAA, 0xAA, 0xAA, 0xAA, 0xAA,
	0xAA, 0xAA, 0xAA, 0xAA, 0xAA, 0xAA, 0xAA, 0xAA, 0xAA, 0xAA, 0xAA, 0xAA,
	0xAA, 0xAA, 0xAA, 0xAA, 0xAA, 0xAA, 0xAA, 0xAA, 0xAA, 0xAA, 0xAA, 0xAA,
	0xAA, 0xAA, 0xAA, 0xAA, 0xAA, 0xAA, 0xAA, 0xAA, 0xAA, 0xAA, 0xAA, 0xAA,
	0xAA, 0xAA, 0xAA, 0xAA, 0xAA, 0xAA, 0xAA, 0xAA, 0xAA, 0xAA, 0xAA, 0xAA,
	0xAA, 0xAA, 0xAA, 0xAA, 0xAA, 0xAA, 0xAA, 0xAA, 0xAA, 0xAA, 0xAA, 0xAA,
	0xAA, 0xAA, 0xAA, 0xAA, 0xAA, 0xAA, 0xAA, 0xAA, 0xAA, 0xAA, 0xAA, 0xAA,
	0xAA, 0xAA, 0xAA, 0xAA, 0xAA, 0xAA, 0xAA, 0xAA, 0xAA, 0xAA, 0xAA, 0xAA,
	0xAA, 0xAA, 0xAA, 0xAA, 0xAA, 0xAA, 0xAA, 0xAA, 0xAA, 0xAA, 0xAA, 0xAA,
	0xAA, 0xAA, 0xAA, 0xAA, 0xAA, 0xAA, 0xAA, 0xAA, 0xAA, 0xAA, 0xAA, 0xAA,
	0xAA, 0xAA, 0xAA, 0xAA, 0xAA, 0xAA, 0xAA, 0xAA, 0xAA, 0xAA, 0xAA, 0xAA,
	0xAA, 0xAA, 0xAA, 0xAA, 0xAA, 0xAA, 0xAA, 0xAA, 0xAA, 0xAA, 0xAA, 0xAA,
	0xAA, 0xAA, 0xAA, 0xAA, 0xAA, 0xAA, 0xAA, 0xAA, 0xAA, 0xAA, 0xAA, 0xAA,
	0xAA, 0xAA, 0xAA, 0xAA, 0xAA, 0xAA, 0xAA, 0xAA, 0xAA, 0xAA, 0xAA, 0xAA,
	0xAA, 0xAA, 0xAA, 0x4C, 0x41, 0x4D, 0x45, 0x33, 0x2E, 0x39, 0x39, 0x2E,
	0x35, 0xAA, 0xAA, 0xAA, 0xAA, 0xAA, 0xAA, 0xAA, 0xAA, 0xAA, 0xAA, 0xAA,
	0xAA, 0xAA, 0xAA, 0xAA, 0xAA, 0xAA, 0xAA, 0xAA, 0xAA, 0xAA, 0xAA, 0xAA,
	0xAA, 0xAA, 0xAA, 0xAA, 0xAA, 0xAA, 0xAA, 0xAA, 0xAA, 0xAA, 0xAA, 0xAA,
	0xAA, 0xAA, 0xAA, 0xAA, 0xAA, 0xAA, 0xAA, 0xAA, 0xAA, 0xAA, 0xAA, 0xAA,
	0xAA, 0xAA, 0xAA, 0xAA, 0xAA, 0xAA, 0xAA, 0xAA, 0xAA, 0xAA, 0xAA, 0xAA,
	0xAA, 0xAA, 0xAA, 0xAA, 0xAA, 0xAA, 0xAA, 0xAA, 0xAA, 0xAA, 0xAA, 0xAA,
	0xAA, 0xAA, 0xAA, 0xAA, 0xAA, 0xAA, 0xAA, 0xAA, 0xAA, 0xAA, 0xAA, 0xAA,
	0xAA, 0xAA, 0xAA, 0xAA, 0xAA, 0xAA, 0xAA, 0xAA, 0xAA, 0xAA, 0xAA, 0xAA,
	0xAA, 0xAA, 0xAA, 0xAA, 0xAA, 0xAA, 0xAA, 0xAA, 0xAA, 0xAA, 0xAA, 0xAA,
	0xAA, 0xAA, 0xAA, 0xAA, 0xAA, 0xAA, 0xAA, 0xAA, 0xAA, 0xAA, 0xAA, 0xAA,
	0xFF, 0xFB, 0x92, 0x64, 0x40, 0x8F, 0xF0, 0x00, 0x00, 0x69, 0x00, 0x00,
	0x00, 0x08, 0x00, 0x00, 0x0D, 0x20, 0x00, 0x00, 0x01, 0x00, 0x00, 0x01,
	0xA4, 0x00, 0x00, 0x00, 0x20, 0x00, 0x00, 0x34, 0x80, 0x00, 0x00, 0x04,
	0xAA, 0xAA, 0xAA, 0xAA, 0xAA, 0xAA, 0xAA, 0xAA, 0xAA, 0xAA, 0xAA, 0xAA,
	0xAA, 0xAA, 0xAA, 0xAA, 0xAA, 0xAA, 0xAA, 0xAA, 0xAA, 0xAA, 0xAA, 0xAA,
	0xAA, 0xAA, 0xAA, 0xAA, 0xAA, 0xAA, 0xAA, 0xAA, 0xAA, 0xAA, 0xAA, 0xAA,
	0xAA, 0xAA, 0xAA, 0xAA, 0xAA, 0xAA, 0xAA, 0xAA, 0xAA, 0xAA, 0xAA, 0xAA,
	0xAA, 0xAA, 0xAA, 0xAA, 0xAA, 0xAA, 0xAA, 0xAA, 0xAA, 0xAA, 0xAA, 0xAA,
	0xAA, 0xAA, 0xAA, 0xAA, 0xAA, 0xAA, 0xAA, 0xAA, 0xAA, 0xAA, 0xAA, 0xAA,
	0xAA, 0xAA, 0xAA, 0xAA, 0xAA, 0xAA, 0xAA, 0xAA, 0xAA, 0xAA, 0xAA, 0xAA,
	0xAA, 0xAA, 0xAA, 0xAA, 0xAA, 0xAA, 0xAA, 0xAA, 0xAA, 0xAA, 0xAA, 0xAA,
	0xAA, 0xAA, 0xAA, 0xAA, 0xAA, 0xAA, 0xAA, 0xAA, 0xAA, 0xAA, 0xAA, 0xAA,
	0xAA, 0xAA, 0xAA, 0xAA, 0xAA, 0xAA, 0xAA, 0xAA, 0xAA, 0xAA, 0xAA, 0xAA,
	0xAA, 0xAA, 0xAA, 0xAA, 0xAA, 0xAA, 0xAA, 0xAA, 0xAA, 0xAA, 0xAA, 0xAA,
	0xAA, 0xAA, 0xAA, 0xAA, 0xAA, 0xAA, 0xAA, 0xAA, 0xAA, 0xAA, 0xAA, 0xAA,
	0xAA, 0xAA, 0xAA, 0xAA, 0xAA, 0xAA, 0xAA, 0xAA, 0xAA, 0xAA, 0xAA, 0xAA,
	0xAA, 0xAA, 0xAA, 0xAA, 0xAA, 0xAA, 0xAA, 0xAA, 0xAA, 0xAA, 0xAA, 0xAA,
	0xAA, 0xAA, 0xAA, 0xAA, 0xAA, 0xAA, 0xAA, 0xAA, 0xAA, 0xAA, 0xAA, 0xAA,
	0xAA, 0xAA, 0xAA, 0xAA, 0xAA, 0xAA, 0xAA, 0xAA, 0xAA, 0xAA, 0xAA, 0xAA,
	0xAA, 0xAA, 0xAA, 0xAA, 0xAA, 0xAA, 0xAA, 0xAA, 0xAA, 0xAA, 0xAA, 0xAA,
	0xAA, 0xAA, 0xAA, 0xAA, 0xAA, 0xAA, 0xAA, 0xAA, 0xAA, 0xAA, 0xAA, 0xAA,
	0xAA, 0xAA, 0xAA, 0xAA, 0xAA, 0xAA, 0xAA, 0xAA, 0xAA, 0xAA, 0xAA, 0xAA,
	0xAA, 0xAA, 0xAA, 0xAA, 0xAA, 0xAA, 0xAA, 0xAA, 0xAA, 0xAA, 0xAA, 0xAA,
	0xAA, 0xAA, 0xAA, 0xAA, 0xAA, 0xAA, 0xAA, 0xAA, 0xAA, 0xAA, 0xAA, 0xAA,
	0xAA, 0x4C, 0x41, 0x4D, 0x45, 0x33, 0x2E, 0x39, 0x39, 0x2E, 0x35, 0xAA,
	0xAA, 0xAA, 0xAA, 0xAA, 0xAA, 0xAA, 0xAA, 0xAA, 0xAA, 0xAA, 0xAA, 0xAA,
	0xAA, 0xAA, 0xAA, 0xAA, 0xAA, 0xAA, 0xAA, 0xAA, 0xAA, 0xAA, 0xAA, 0xAA,
	0xAA, 0xAA, 0xAA, 0xAA, 0xAA, 0xAA, 0xAA, 0xAA, 0xAA, 0xAA, 0xAA, 0xAA,
	0xAA, 0xAA, 0xAA, 0xAA, 0xAA, 0xAA, 0xAA, 0xAA, 0xAA, 0xAA, 0xAA, 0xAA,
	0xAA, 0xAA, 0xAA, 0xAA, 0xAA, 0xAA, 0xAA, 0xAA, 0xAA, 0xAA, 0xAA, 0xAA,
	0xAA, 0xAA, 0xAA, 0xAA, 0xAA, 0xAA, 0xAA, 0xAA, 0xAA, 0xAA, 0xAA, 0xAA,
	0xAA, 0xAA, 0xAA, 0xAA, 0xAA, 0xAA, 0xAA, 0xAA, 0xAA, 0xAA, 0xAA, 0xAA,
	0xAA, 0xAA, 0xAA, 0xAA, 0xAA, 0xAA, 0xAA, 0xAA, 0xAA, 0xAA, 0xAA, 0xAA,
	0xAA, 0xAA, 0xAA, 0xAA, 0xAA, 0xAA, 0xAA, 0xAA, 0xAA, 0xAA, 0xAA, 0xAA,
	0xAA, 0xAA, 0xAA, 0xAA, 0xAA, 0xAA, 0xAA, 0xAA, 0xAA, 0xAA, 0xFF, 0xFB,
	0x92, 0x64, 0x40, 0x8F, 0xF0, 0x00, 0x00, 0x69, 0x00, 0x00, 0x00, 0x08,
	0x00, 0x00, 0x0D, 0x20, 0x00, 0x00, 0x01, 0x00, 0x00, 0x01, 0xA4, 0x00,
	0x00, 0x00, 0x20, 0x00, 0x00, 0x34, 0x80, 0x00, 0x00, 0x04, 0xAA, 0xAA,
	0xAA, 0xAA, 0xAA, 0xAA, 0xAA, 0xAA, 0xAA, 0xAA, 0xAA, 0xAA, 0xAA, 0xAA,
	0xAA, 0xAA, 0xAA, 0xAA, 0xAA, 0xAA, 0xAA, 0xAA, 0xAA, 0xAA, 0xAA, 0xAA,
	0xAA, 0xAA, 0xAA, 0xAA, 0xAA, 0xAA, 0xAA, 0xAA, 0xAA, 0xAA, 0xAA, 0xAA,
	0xAA, 0xAA, 0xAA, 0xAA, 0xAA, 0xAA, 0xAA, 0xAA, 0xAA, 0xAA, 0xAA, 0xAA,
	0xAA, 0xAA, 0xAA, 0xAA, 0xAA, 0xAA, 0xAA, 0xAA, 0xAA, 0xAA, 0xAA, 0xAA,
	0xAA, 0xAA, 0xAA, 0xAA, 0xAA, 0xAA, 0xAA, 0xAA, 0xAA, 0xAA, 0xAA, 0xAA,
	0xAA, 0xAA, 0xAA, 0xAA, 0xAA, 0xAA, 0xAA, 0xAA, 0xAA, 0xAA, 0xAA, 0xAA,
	0xAA, 0xAA, 0xAA, 0xAA, 0xAA, 0xAA, 0xAA, 0xAA, 0xAA, 0xAA, 0xAA, 0xAA,
	0xAA, 0xAA, 0xAA, 0xAA, 0xAA, 0xAA, 0xAA, 0xAA, 0xAA, 0xAA, 0xAA, 0xAA,
	0xAA, 0xAA, 0xAA, 0xAA, 0xAA, 0xAA, 0xAA, 0xAA, 0xAA, 0xAA, 0xAA, 0xAA,
	0xAA, 0xAA, 0xAA, 0xAA, 0xAA, 0xAA, 0xAA, 0xAA, 0xAA, 0xAA, 0xAA, 0xAA,
	0xAA, 0xAA, 0xAA, 0xAA, 0xAA, 0xAA, 0xAA, 0xAA, 0xAA, 0xAA, 0xAA, 0xAA,
	0xAA, 0xAA, 0xAA, 0xAA, 0xAA, 0xAA, 0xAA, 0xAA, 0xAA, 0xAA, 0xAA, 0xAA,
	0xAA, 0xAA, 0xAA, 0xAA, 0xAA, 0xAA, 0xAA, 0xAA, 0xAA, 0xAA, 0xAA, 0xAA,
	0xAA, 0xAA, 0xAA, 0xAA, 0xAA, 0xAA, 0xAA, 0xAA, 0xAA, 0xAA, 0xAA, 0xAA,
	0xAA, 0xAA, 0xAA, 0xAA, 0xAA, 0xAA, 0xAA, 0xAA, 0xAA, 0xAA, 0xAA, 0xAA,
	0xAA, 0xAA, 0xAA, 0xAA, 0xAA, 0xAA, 0xAA, 0xAA, 0xAA, 0xAA, 0xAA, 0xAA,
	0xAA, 0xAA, 0xAA, 0xAA, 0xAA, 0xAA, 0xAA, 0xAA, 0xAA, 0xAA, 0xAA, 0xAA,
	0xAA, 0xAA, 0xAA, 0xAA, 0xAA, 0xAA, 0xAA, 0xAA, 0xAA, 0xAA, 0xAA, 0xAA,
	0xAA, 0xAA, 0xAA, 0xAA, 0xAA, 0xAA, 0xAA, 0xAA, 0xAA, 0xAA, 0xAA, 0xAA,
	0xAA, 0xAA, 0xAA, 0xAA, 0xAA, 0xAA, 0xAA, 0xAA, 0xAA, 0xAA, 0xAA, 0x4C,
	0x41, 0x4D, 0x45, 0x33, 0x2E, 0x39, 0x39, 0x2E, 0x35, 0xAA, 0xAA, 0xAA,
	0xAA, 0xAA, 0xAA, 0xAA, 0xAA, 0xAA, 0xAA, 0xAA, 0xAA, 0xAA, 0xAA, 0xAA,
	0xAA, 0xAA, 0xAA, 0xAA, 0xAA, 0xAA, 0xAA, 0xAA, 0xAA, 0xAA, 0xAA, 0xAA,
	0xAA, 0xAA, 0xAA, 0xAA, 0xAA, 0xAA, 0xAA, 0xAA, 0xAA, 0xAA, 0xAA, 0xAA,
	0xAA, 0xAA, 0xAA, 0xAA, 0xAA, 0xAA, 0xAA, 0xAA, 0xAA, 0xAA, 0xAA, 0xAA,
	0xAA, 0xAA, 0xAA, 0xAA, 0xAA, 0xAA, 0xAA, 0xAA, 0xAA, 0xAA, 0xAA, 0xAA,
	0xAA, 0xAA, 0xAA, 0xAA, 0xAA, 0xAA, 0xAA, 0xAA, 0xAA, 0xAA, 0xAA, 0xAA,
	0xAA, 0xAA, 0xAA, 0xAA, 0xAA, 0xAA, 0xAA, 0xAA, 0xAA, 0xAA, 0xAA, 0xAA,
	0xAA, 0xAA, 0xAA, 0xAA, 0xAA, 0xAA, 0xAA, 0xAA, 0xAA, 0xAA, 0xAA, 0xAA,
	0xAA, 0xAA, 0xAA, 0xAA, 0xAA, 0xAA, 0xAA, 0xAA, 0xAA, 0xAA, 0xAA, 0xAA,
	0xAA, 0xAA, 0xAA, 0xAA, 0xAA, 0xAA, 0xAA, 0xAA, 0xFF, 0xFB, 0x92, 0x64,
	0x40, 0x8F, 0xF0, 0x00, 0x00, 0x69, 0x00, 0x00, 0x00, 0x08, 0x00, 0x00,
	0x0D, 0x20, 0x00, 0x00, 0x01, 0x00, 0x00, 0x01, 0xA4, 0x00, 0x00, 0x00,
	0x20, 0x00, 0x00, 0x34, 0x80, 0x00, 0x00, 0x04, 0xAA, 0xAA, 0xAA, 0xAA,
	0xAA, 0xAA, 0xAA, 0xAA, 0xAA, 0xAA, 0xAA, 0xAA, 0xAA, 0xAA, 0xAA, 0xAA,
	0xAA, 0xAA, 0xAA, 0xAA, 0xAA, 0xAA, 0xAA, 0xAA, 0xAA, 0xAA, 0xAA, 0xAA,
	0xAA, 0xAA, 0xAA, 0xAA, 0xAA, 0xAA, 0xAA, 0xAA, 0xAA, 0xAA, 0xAA, 0xAA,
	0xAA, 0xAA, 0xAA, 0xAA, 0xAA, 0xAA, 0xAA, 0xAA, 0xAA, 0xAA, 0xAA, 0xAA,
	0xAA, 0xAA, 0xAA, 0xAA, 0xAA, 0xAA, 0xAA, 0xAA, 0xAA, 0xAA, 0xAA, 0xAA,
	0xAA, 0xAA, 0xAA, 0xAA, 0xAA, 0xAA, 0xAA, 0xAA, 0xAA, 0xAA, 0xAA, 0xAA,
	0xAA, 0xAA, 0xAA, 0xAA, 0xAA, 0xAA, 0xAA, 0xAA, 0xAA, 0xAA, 0xAA, 0xAA,
	0xAA, 0xAA, 0xAA, 0xAA, 0xAA, 0xAA, 0xAA, 0xAA, 0xAA, 0xAA, 0xAA, 0xAA,
	0xAA, 0xAA, 0xAA, 0xAA, 0xAA, 0xAA, 0xAA, 0xAA, 0xAA, 0xAA, 0xAA, 0xAA,
	0xAA, 0xAA, 0xAA, 0xAA, 0xAA, 0xAA, 0xAA, 0xAA, 0xAA, 0xAA, 0xAA, 0xAA,
	0xAA, 0xAA, 0xAA, 0xAA, 0xAA, 0xAA, 0xAA, 0xAA, 0xAA, 0xAA, 0xAA, 0xAA,
	0xAA, 0xAA, 0xAA, 0xAA, 0xAA, 0xAA, 0xAA, 0xAA, 0xAA, 0xAA, 0xAA, 0xAA,
	0xAA, 0xAA, 0xAA, 0xAA, 0xAA, 0xAA, 0xAA, 0xAA, 0xAA, 0xAA, 0xAA, 0xAA,
	0xAA, 0xAA, 0xAA, 0xAA, 0xAA, 0xAA, 0xAA, 0xAA, 0xAA, 0xAA, 0xAA, 0xAA,
	0xAA, 0xAA, 0xAA, 0xAA, 0xAA, 0xAA, 0xAA, 0xAA, 0xAA, 0xAA, 0xAA, 0xAA,
	0xAA, 0xAA, 0xAA, 0xAA, 0xAA, 0xAA, 0xAA, 0xAA, 0xAA, 0xAA, 0xAA, 0xAA,
	0xAA, 0xAA, 0xAA, 0xAA, 0xAA, 0xAA, 0xAA, 0xAA, 0xAA, 0xAA, 0xAA, 0xAA,
	0xAA, 0xAA, 0xAA, 0xAA, 0xAA, 0xAA, 0xAA, 0xAA, 0xAA, 0xAA, 0xAA, 0xAA,
	0xAA, 0xAA, 0xAA, 0xAA, 0xAA, 0xAA, 0xAA, 0xAA, 0xAA, 0xAA, 0xAA, 0xAA,
	0xAA, 0xAA, 0xAA, 0xAA, 0xAA, 0xAA, 0xAA, 0xAA, 0xAA, 0xAA, 0xAA, 0xAA,
	0xAA, 0xAA, 0xAA, 0xAA, 0xAA, 0xAA, 0xAA, 0xAA, 0xAA, 0x4C, 0x41, 0x4D,
	0x45, 0x33, 0x2E, 0x39, 0x39, 0x2E, 0x35, 0xAA, 0xAA, 0xAA, 0xAA, 0xAA,
	0xAA, 0xAA, 0xAA, 0xAA, 0xAA, 0xAA, 0xAA, 0xAA, 0xAA, 0xAA, 0xAA, 0xAA,
	0xAA, 0xAA, 0xAA, 0xAA, 0xAA, 0xAA, 0xAA, 0xAA, 0xAA, 0xAA, 0xAA, 0xAA,
	0xAA, 0xAA, 0xAA, 0xAA, 0xAA, 0xAA, 0xAA, 0xAA, 0xAA, 0xAA, 0xAA, 0xAA,
	0xAA, 0xAA, 0xAA, 0xAA, 0xAA, 0xAA, 0xAA, 0xAA, 0xAA, 0xAA, 0xAA, 0xAA,
	0xAA, 0xAA, 0xAA, 0xAA, 0xAA, 0xAA, 0xAA, 0xAA, 0xAA, 0xAA, 0xAA, 0xAA,
	0xAA, 0xAA, 0xAA, 0xAA, 0xAA, 0xAA, 0xAA, 0xAA, 0xAA, 0xAA, 0xAA, 0xAA,
	0xAA, 0xAA, 0xAA, 0xAA, 0xAA, 0xAA, 0xAA, 0xAA, 0xAA, 0xAA, 0xAA, 0xAA,
	0xAA, 0xAA, 0xAA, 0xAA, 0xAA, 0xAA, 0xAA, 0xAA, 0xAA, 0xAA, 0xAA, 0xAA,
	0xAA, 0xAA, 0xAA, 0xAA, 0xAA, 0xAA, 0xAA, 0xAA, 0xAA, 0xAA, 0xAA, 0xAA,
	0xAA, 0xAA, 0xAA, 0xAA, 0xAA, 0xAA, 0xFF, 0xFB, 0x92, 0x64, 0x40, 0x8F,
	0xF0, 0x00, 0x00, 0x69, 0x00, 0x00, 0x00, 0x08, 0x00, 0x00, 0x0D, 0x20,
	0x00, 0x00, 0x01, 0x00, 0x00, 0x01, 0xA4, 0x00, 0x00, 0x00, 0x20, 0x00,
	0x00, 0x34, 0x80, 0x00, 0x00, 0x04, 0xAA, 0xAA, 0xAA, 0xAA, 0xAA, 0xAA,
	0xAA, 0xAA, 0xAA, 0xAA, 0xAA, 0xAA, 0xAA, 0xAA, 0xAA, 0xAA, 0xAA, 0xAA,
	0xAA, 0xAA, 0xAA, 0xAA, 0xAA, 0xAA, 0xAA, 0xAA, 0xAA, 0xAA, 0xAA, 0xAA,
	0xAA, 0xAA, 0xAA, 0xAA, 0xAA, 0xAA, 0xAA, 0xAA, 0xAA, 0xAA, 0xAA, 0xAA,
	0xAA, 0xAA, 0xAA, 0xAA, 0xAA, 0xAA, 0xAA, 0xAA, 0xAA, 0xAA, 0xAA, 0xAA,
	0xAA, 0xAA, 0xAA, 0xAA, 0xAA, 0xAA, 0xAA, 0xAA, 0xAA, 0xAA, 0xAA, 0xAA,
	0xAA, 0xAA, 0xAA, 0xAA, 0xAA, 0xAA, 0xAA, 0xAA, 0xAA, 0xAA, 0xAA, 0xAA,
	0xAA, 0xAA, 0xAA, 0xAA, 0xAA, 0xAA, 0xAA, 0xAA, 0xAA, 0xAA, 0xAA, 0xAA,
	0xAA, 0xAA, 0xAA, 0xAA, 0xAA, 0xAA, 0xAA, 0xAA, 0xAA, 0xAA, 0xAA, 0xAA,
	0xAA, 0xAA, 0xAA, 0xAA, 0xAA, 0xAA, 0xAA, 0xAA, 0xAA, 0xAA, 0xAA, 0xAA,
	0xAA, 0xAA, 0xAA, 0xAA, 0xAA, 0xAA, 0xAA, 0xAA, 0xAA, 0xAA, 0xAA, 0xAA,
	0xAA, 0xAA, 0xAA, 0xAA, 0xAA, 0xAA, 0xAA, 0xAA, 0xAA, 0xAA, 0xAA, 0xAA,
	0xAA, 0xAA, 0xAA, 0xAA, 0xAA, 0xAA, 0xAA, 0xAA, 0xAA, 0xAA, 0xAA, 0xAA,
	0xAA, 0xAA, 0xAA, 0xAA, 0xAA, 0xAA, 0xAA, 0xAA, 0xAA, 0xAA, 0xAA, 0xAA,
	0xAA, 0xAA, 0xAA, 0xAA, 0xAA, 0xAA, 0xAA, 0xAA, 0xAA, 0xAA, 0xAA, 0xAA,
	0xAA, 0xAA, 0xAA, 0xAA, 0xAA, 0xAA, 0xAA, 0xAA, 0xAA, 0xAA, 0xAA, 0xAA,
	0xAA, 0xAA, 0xAA, 0xAA, 0xAA, 0xAA, 0xAA, 0xAA, 0xAA, 0xAA, 0xAA, 0xAA,
	0xAA, 0xAA, 0xAA, 0xAA, 0xAA, 0xAA, 0xAA, 0xAA, 0xAA, 0xAA, 0xAA, 0xAA,
	0xAA, 0xAA, 0xAA, 0xAA, 0xAA, 0xAA, 0xAA, 0xAA, 0xAA, 0xAA, 0xAA, 0xAA,
	0xAA, 0xAA, 0xAA, 0xAA, 0xAA, 0xAA, 0xAA, 0xAA, 0xAA, 0xAA, 0xAA, 0xAA,
	0xAA, 0xAA, 0xAA, 0xAA, 0xAA, 0xAA, 0xAA, 0xAA, 0xAA, 0xAA, 0xAA, 0xAA,
	0xAA, 0xAA, 0xAA, 0xAA, 0xAA, 0xAA, 0xAA, 0x4C, 0x41, 0x4D, 0x45, 0x33,
	0x2E, 0x39, 0x39, 0x2E, 0x35, 0xAA, 0xAA, 0xAA, 0xAA, 0xAA, 0xAA, 0xAA,
	0xAA, 0xAA, 0xAA, 0xAA, 0xAA, 0xAA, 0xAA, 0xAA, 0xAA, 0xAA, 0xAA, 0xAA,
	0xAA, 0xAA, 0xAA, 0xAA, 0xAA, 0xAA, 0xAA, 0xAA, 0xAA, 0xAA, 0xAA, 0xAA,
	0xAA, 0xAA, 0xAA, 0xAA, 0xAA, 0xAA, 0xAA, 0xAA, 0xAA, 0xAA, 0xAA, 0xAA,
	0xAA, 0xAA, 0xAA, 0xAA, 0xAA, 0xAA, 0xAA, 0xAA, 0xAA, 0xAA, 0xAA, 0xAA,
	0xAA, 0xAA, 0xAA, 0xAA, 0xAA, 0xAA, 0xAA, 0xAA, 0xAA, 0xAA, 0xAA, 0xAA,
	0xAA, 0xAA, 0xAA, 0xAA, 0xAA, 0xAA, 0xAA, 0xAA, 0xAA, 0xAA, 0xAA, 0xAA,
	0xAA, 0xAA, 0xAA, 0xAA, 0xAA, 0xAA, 0xAA, 0xAA, 0xAA, 0xAA, 0xAA, 0xAA,
	0xAA, 0xAA, 0xAA, 0xAA, 0xAA, 0xAA, 0xAA, 0xAA, 0xAA, 0xAA, 0xAA, 0xAA,
	0xAA, 0xAA, 0xAA, 0xAA, 0xAA, 0xAA, 0xAA, 0xAA, 0xAA, 0xAA, 0xAA, 0xAA,
	0xAA, 0xAA, 0xAA, 0xAA, 0xFF, 0xFB, 0x92, 0x64, 0x40, 0x8F, 0xF0, 0x00,
	0x00, 0x69, 0x00, 0x00, 0x00, 0x08, 0x00, 0x00, 0x0D, 0x20, 0x00, 0x00,
	0x01, 0x00, 0x00, 0x01, 0xA4, 0x00, 0x00, 0x00, 0x20, 0x00, 0x00, 0x34,
	0x80, 0x00, 0x00, 0x04, 0xAA, 0xAA, 0xAA, 0xAA, 0xAA, 0xAA, 0xAA, 0xAA,
	0xAA, 0xAA, 0xAA, 0xAA, 0xAA, 0xAA, 0xAA, 0xAA, 0xAA, 0xAA, 0xAA, 0xAA,
	0xAA, 0xAA, 0xAA, 0xAA, 0xAA, 0xAA, 0xAA, 0xAA, 0xAA, 0xAA, 0xAA, 0xAA,
	0xAA, 0xAA, 0xAA, 0xAA, 0xAA, 0xAA, 0xAA, 0xAA, 0xAA, 0xAA, 0xAA, 0xAA,
	0xAA, 0xAA, 0xAA, 0xAA, 0xAA, 0xAA, 0xAA, 0xAA, 0xAA, 0xAA, 0xAA, 0xAA,
	0xAA, 0xAA, 0xAA, 0xAA, 0xAA, 0xAA, 0xAA, 0xAA, 0xAA, 0xAA, 0xAA, 0xAA,
	0xAA, 0xAA, 0xAA, 0xAA, 0xAA, 0xAA, 0xAA, 0xAA, 0xAA, 0xAA, 0xAA, 0xAA,
	0xAA, 0xAA, 0xAA, 0xAA, 0xAA, 0xAA, 0xAA, 0xAA, 0xAA, 0xAA, 0xAA, 0xAA,
	0xAA, 0xAA, 0xAA, 0xAA, 0xAA, 0xAA, 0xAA, 0xAA, 0xAA, 0xAA, 0xAA, 0xAA,
	0xAA, 0xAA, 0xAA, 0xAA, 0xAA, 0xAA, 0xAA, 0xAA, 0xAA, 0xAA, 0xAA, 0xAA,
	0xAA, 0xAA, 0xAA, 0xAA, 0xAA, 0xAA, 0xAA, 0xAA, 0xAA, 0xAA, 0xAA, 0xAA,
	0xAA, 0xAA, 0xAA, 0xAA, 0xAA, 0xAA, 0xAA, 0xAA, 0xAA, 0xAA, 0xAA, 0xAA,
	0xAA, 0xAA, 0xAA, 0xAA, 0xAA, 0xAA, 0xAA, 0xAA, 0xAA, 0xAA, 0xAA, 0xAA,
	0xAA, 0xAA, 0xAA, 0xAA, 0xAA, 0xAA, 0xAA, 0xAA, 0xAA, 0xAA, 0xAA, 0xAA,
	0xAA, 0xAA, 0xAA, 0xAA, 0xAA, 0xAA, 0xAA, 0xAA, 0xAA, 0xAA, 0xAA, 0xAA,
	0xAA, 0xAA, 0xAA, 0xAA, 0xAA, 0xAA, 0xAA, 0xAA, 0xAA, 0xAA, 0xAA, 0xAA,
	0xAA, 0xAA, 0xAA, 0xAA, 0xAA, 0xAA, 0xAA, 0xAA, 0xAA, 0xAA, 0xAA, 0xAA,
	0xAA, 0xAA, 0xAA, 0xAA, 0xAA, 0xAA, 0xAA, 0xAA, 0xAA, 0xAA, 0xAA, 0xAA,
	0xAA, 0xAA, 0xAA, 0xAA, 0xAA, 0xAA, 0xAA, 0xAA, 0xAA, 0xAA, 0xAA, 0xAA,
	0xAA, 0xAA, 0xAA, 0xAA, 0xAA, 0xAA, 0xAA, 0xAA, 0xAA, 0xAA, 0xAA, 0xAA,
	0xAA, 0xAA, 0xAA, 0xAA, 0xAA, 0xAA, 0xAA, 0xAA, 0xAA, 0xAA, 0xAA, 0xAA,
	0xAA, 0xAA, 0xAA, 0xAA, 0xAA, 0x4C, 0x41, 0x4D, 0x45, 0x33, 0x2E, 0x39,
	0x39, 0x2E, 0x35, 0xAA, 0xAA, 0xAA, 0xAA, 0xAA, 0xAA, 0xAA, 0xAA, 0xAA,
	0xAA, 0xAA, 0xAA, 0xAA, 0xAA, 0xAA, 0xAA, 0xAA, 0xAA, 0xAA, 0xAA, 0xAA,
	0xAA, 0xAA, 0xAA, 0xAA, 0xAA, 0xAA, 0xAA, 0xAA, 0xAA, 0xAA, 0xAA, 0xAA,
	0xAA, 0xAA, 0xAA, 0xAA, 0xAA, 0xAA, 0xAA, 0xAA, 0xAA, 0xAA, 0xAA, 0xAA,
	0xAA, 0xAA, 0xAA, 0xAA, 0xAA, 0xAA, 0xAA, 0xAA, 0xAA, 0xAA, 0xAA, 0xAA,
	0xAA, 0xAA, 0xAA, 0xAA, 0xAA, 0xAA, 0xAA, 0xAA, 0xAA, 0xAA, 0xAA, 0xAA,
	0xAA, 0xAA, 0xAA, 0xAA, 0xAA, 0xAA, 0xAA, 0xAA, 0xAA, 0xAA, 0xAA, 0xAA,
	0xAA, 0xAA, 0xAA, 0xAA, 0xAA, 0xAA, 0xAA, 0xAA, 0xAA, 0xAA, 0xAA, 0xAA,
	0xAA, 0xAA, 0xAA, 0xAA, 0xAA, 0xAA, 0xAA, 0xAA, 0xAA, 0xAA, 0xAA, 0xAA,
	0xAA, 0xAA, 0xAA, 0xAA, 0xAA, 0xAA, 0xAA, 0xAA, 0xAA, 0xAA, 0xAA, 0xAA,
	0xAA, 0xAA, 0xFF, 0xFB, 0x92, 0x64, 0x40, 0x8F, 0xF0, 0x00, 0x00, 0x69,
	0x00, 0x00, 0x00, 0x08, 0x00, 0x00, 0x0D, 0x20, 0x00, 0x00, 0x01, 0x00,
	0x00, 0x01, 0xA4, 0x00, 0x00, 0x00, 0x20, 0x00, 0x00, 0x34, 0x80, 0x00,
	0x00, 0x04, 0xAA, 0xAA, 0xAA, 0xAA, 0xAA, 0xAA, 0xAA, 0xAA, 0xAA, 0xAA,
	0xAA, 0xAA, 0xAA, 0xAA, 0xAA, 0xAA, 0xAA, 0xAA, 0xAA, 0xAA, 0xAA, 0xAA,
	0xAA, 0xAA, 0xAA, 0xAA, 0xAA, 0xAA, 0xAA, 0xAA, 0xAA, 0xAA, 0xAA, 0xAA,
	0xAA, 0xAA, 0xAA, 0xAA, 0xAA, 0xAA, 0xAA, 0xAA, 0xAA, 0xAA, 0xAA, 0xAA,
	0xAA, 0xAA, 0xAA, 0xAA, 0xAA, 0xAA, 0xAA, 0xAA, 0xAA, 0xAA, 0xAA, 0xAA,
	0xAA, 0xAA, 0xAA, 0xAA, 0xAA, 0xAA, 0xAA, 0xAA, 0xAA, 0xAA, 0xAA, 0xAA,
	0xAA, 0xAA, 0xAA, 0xAA, 0xAA, 0xAA, 0xAA, 0xAA, 0xAA, 0xAA, 0xAA, 0xAA,
	0xAA, 0xAA, 0xAA, 0xAA, 0xAA, 0xAA, 0xAA, 0xAA, 0xAA, 0xAA, 0xAA, 0xAA,
	0xAA, 0xAA, 0xAA, 0xAA, 0xAA, 0xAA, 0xAA, 0xAA, 0xAA, 0xAA, 0xAA, 0xAA,
	0xAA, 0xAA, 0xAA, 0xAA, 0xAA, 0xAA, 0xAA, 0xAA, 0xAA, 0xAA, 0xAA, 0xAA,
	0xAA, 0xAA, 0xAA, 0xAA, 0xAA, 0xAA, 0xAA, 0xAA, 0xAA, 0xAA, 0xAA, 0xAA,
	0xAA, 0xAA, 0xAA, 0xAA, 0xAA, 0xAA, 0xAA, 0xAA, 0xAA, 0xAA, 0xAA, 0xAA,
	0xAA, 0xAA, 0xAA, 0xAA, 0xAA, 0xAA, 0xAA, 0xAA, 0xAA, 0xAA, 0xAA, 0xAA,
	0xAA, 0xAA, 0xAA, 0xAA, 0xAA, 0xAA, 0xAA, 0xAA, 0xAA, 0xAA, 0xAA, 0xAA,
	0xAA, 0xAA, 0xAA, 0xAA, 0xAA, 0xAA, 0xAA, 0xAA, 0xAA, 0xAA, 0xAA, 0xAA,
	0xAA, 0xAA, 0xAA, 0xAA, 0xAA, 0xAA, 0xAA, 0xAA, 0xAA, 0xAA, 0xAA, 0xAA,
	0xAA, 0xAA, 0xAA, 0xAA, 0xAA, 0xAA, 0xAA, 0xAA, 0xAA, 0xAA, 0xAA, 0xAA,
	0xAA, 0xAA, 0xAA, 0xAA, 0xAA, 0xAA, 0xAA, 0xAA, 0xAA, 0xAA, 0xAA, 0xAA,
	0xAA, 0xAA, 0xAA, 0xAA, 0xAA, 0xAA, 0xAA, 0xAA, 0xAA, 0xAA, 0xAA, 0xAA,
	0xAA, 0xAA, 0xAA, 0xAA, 0xAA, 0xAA, 0xAA, 0xAA, 0xAA, 0xAA, 0xAA, 0xAA,
	0xAA, 0xAA, 0xAA, 0xAA, 0xAA, 0xAA, 0xAA, 0xAA, 0xAA, 0xAA, 0xAA, 0xAA,
	0xAA, 0xAA, 0xAA, 0x4C, 0x41, 0x4D, 0x45, 0x33, 0x2E, 0x39, 0x39, 0x2E,
	0x35, 0xAA, 0xAA, 0xAA, 0xAA, 0xAA, 0xAA, 0xAA, 0xAA, 0xAA, 0xAA, 0xAA,
	0xAA, 0xAA, 0xAA, 0xAA, 0xAA, 0xAA, 0xAA, 0xAA, 0xAA, 0xAA, 0xAA, 0xAA,
	0xAA, 0xAA, 0xAA, 0xAA, 0xAA, 0xAA, 0xAA, 0xAA, 0xAA, 0xAA, 0xAA, 0xAA,
	0xAA, 0xAA, 0xAA, 0xAA, 0xAA, 0xAA, 0xAA, 0xAA, 0xAA, 0xAA, 0xAA, 0xAA,
	0xAA, 0xAA, 0xAA, 0xAA, 0xAA, 0xAA, 0xAA, 0xAA, 0xAA, 0xAA, 0xAA, 0xAA,
	0xAA, 0xAA, 0xAA, 0xAA, 0xAA, 0xAA, 0xAA, 0xAA, 0xAA, 0xAA, 0xAA, 0xAA,
	0xAA, 0xAA, 0xAA, 0xAA, 0xAA, 0xAA, 0xAA, 0xAA, 0xAA, 0xAA, 0xAA, 0xAA,
	0xAA, 0xAA, 0xAA, 0xAA, 0xAA, 0xAA, 0xAA, 0xAA, 0xAA, 0xAA, 0xAA, 0xAA,
	0xAA, 0xAA, 0xAA, 0xAA, 0xAA, 0xAA, 0xAA, 0xAA, 0xAA, 0xAA, 0xAA, 0xAA,
	0xAA, 0xAA, 0xAA, 0xAA, 0xAA, 0xAA, 0xAA, 0xAA, 0xAA, 0xAA, 0xAA, 0xAA,
	0xFF, 0xFB, 0x92, 0x64, 0x40, 0x8F, 0xF0, 0x00, 0x00, 0x69, 0x00, 0x00,
	0x00, 0x08, 0x00, 0x00, 0x0D, 0x20, 0x00, 0x00, 0x01, 0x00, 0x00, 0x01,
	0xA4, 0x00, 0x00, 0x00, 0x20, 0x00, 0x00, 0x34, 0x80, 0x00, 0x00, 0x04,
	0xAA, 0xAA, 0xAA, 0xAA, 0xAA, 0xAA, 0xAA, 0xAA, 0xAA, 0xAA, 0xAA, 0xAA,
	0xAA, 0xAA, 0xAA, 0xAA, 0xAA, 0xAA, 0xAA, 0xAA, 0xAA, 0xAA, 0xAA, 0xAA,
	0xAA, 0xAA, 0xAA, 0xAA, 0xAA, 0xAA, 0xAA, 0xAA, 0xAA, 0xAA, 0xAA, 0xAA,
	0xAA, 0xAA, 0xAA, 0xAA, 0xAA, 0xAA, 0xAA, 0xAA, 0xAA, 0xAA, 0xAA, 0xAA,
	0xAA, 0xAA, 0xAA, 0xAA, 0xAA, 0xAA, 0xAA, 0xAA, 0xAA, 0xAA, 0xAA, 0xAA,
	0xAA, 0xAA, 0xAA, 0xAA, 0xAA, 0xAA, 0xAA, 0xAA, 0xAA, 0xAA, 0xAA, 0xAA,
	0xAA, 0xAA, 0xAA, 0xAA, 0xAA, 0xAA, 0xAA, 0xAA, 0xAA, 0xAA, 0xAA, 0xAA,
	0xAA, 0xAA, 0xAA, 0xAA, 0xAA, 0xAA, 0xAA, 0xAA, 0xAA, 0xAA, 0xAA, 0xAA,
	0xAA, 0xAA, 0xAA, 0xAA, 0xAA, 0xAA, 0xAA, 0xAA, 0xAA, 0xAA, 0xAA, 0xAA,
	0xAA, 0xAA, 0xAA, 0xAA, 0xAA, 0xAA, 0xAA, 0xAA, 0xAA, 0xAA, 0xAA, 0xAA,
	0xAA, 0xAA, 0xAA, 0xAA, 0xAA, 0xAA, 0xAA, 0xAA, 0xAA, 0xAA, 0xAA, 0xAA,
	0xAA, 0xAA, 0xAA, 0xAA, 0xAA, 0xAA, 0xAA, 0xAA, 0xAA, 0xAA, 0xAA, 0xAA,
	0xAA, 0xAA, 0xAA, 0xAA, 0xAA, 0xAA, 0xAA, 0xAA, 0xAA, 0xAA, 0xAA, 0xAA,
	0xAA, 0xAA, 0xAA, 0xAA, 0xAA, 0xAA, 0xAA, 0xAA, 0xAA, 0xAA, 0xAA, 0xAA,
	0xAA, 0xAA, 0xAA, 0xAA, 0xAA, 0xAA, 0xAA, 0xAA, 0xAA, 0xAA, 0xAA, 0xAA,
	0xAA, 0xAA, 0xAA, 0xAA, 0xAA, 0xAA, 0xAA, 0xAA, 0xAA, 0xAA, 0xAA, 0xAA,
	0xAA, 0xAA, 0xAA, 0xAA, 0xAA, 0xAA, 0xAA, 0xAA, 0xAA, 0xAA, 0xAA, 0xAA,
	0xAA, 0xAA, 0xAA, 0xAA, 0xAA, 0xAA, 0xAA, 0xAA, 0xAA, 0xAA, 0xAA, 0xAA,
	0xAA, 0xAA, 0xAA, 0xAA, 0xAA, 0xAA, 0xAA, 0xAA, 0xAA, 0xAA, 0xAA, 0xAA,
	0xAA, 0xAA, 0xAA, 0xAA, 0xAA, 0xAA, 0xAA, 0xAA, 0xAA, 0xAA, 0xAA, 0xAA,
	0xAA, 0xAA, 0xAA, 0xAA, 0xAA, 0xAA, 0xAA, 0xAA, 0xAA, 0xAA, 0xAA, 0xAA,
	0xAA, 0xAA, 0xAA, 0xAA, 0xAA, 0xAA, 0xAA, 0xAA, 0xAA, 0xAA, 0xAA, 0xAA,
	0xAA, 0xAA, 0xAA, 0xAA, 0xAA, 0xAA, 0xAA, 0xAA, 0xAA, 0xAA, 0xAA, 0xAA,
	0xAA, 0xAA, 0xAA, 0xAA, 0xAA, 0xAA, 0xAA, 0xAA, 0xAA, 0xAA, 0xAA, 0xAA,
	0xAA, 0xAA, 0xAA, 0xAA, 0xAA, 0xAA, 0xAA, 0xAA, 0xAA, 0xAA, 0xAA, 0xAA,
	0xAA, 0xAA, 0xAA, 0xAA, 0xAA, 0xAA, 0xAA, 0xAA, 0xAA, 0xAA, 0xAA, 0xAA,
	0xAA, 0xAA, 0xAA, 0xAA, 0xAA, 0xAA, 0xAA, 0xAA, 0xAA, 0xAA, 0xAA, 0xAA,
	0xAA, 0xAA, 0xAA, 0xAA, 0xAA, 0xAA, 0xAA, 0xAA, 0xAA, 0xAA, 0xAA, 0xAA,
	0xAA, 0xAA, 0xAA, 0xAA, 0xAA, 0xAA, 0xAA, 0xAA, 0xAA, 0xAA, 0xAA, 0xAA,
	0xAA, 0xAA, 0xAA, 0xAA, 0xAA, 0xAA, 0xAA, 0xAA, 0xAA, 0xAA, 0xAA, 0xAA,
	0xAA, 0xAA, 0xAA, 0xAA, 0xAA, 0xAA, 0xAA, 0xAA, 0xAA, 0xAA, 0xAA, 0xAA,
	0xAA, 0xAA, 0xAA, 0xAA, 0xAA, 0xAA, 0xAA, 0xAA, 0xAA, 0xAA
};
